ticker,fold,variant,accuracy,f1,roc_auc,brier_raw,brier_calibrated,ece_raw,ece_calibrated,extra
ADANIENT,fold_0,attention_lstm,0.5910931174089069,0.7430025445292621,0.3926488539264885,,0.2452142983675003,,0.051898956298828125,{}
ADANIENT,fold_0,attention_lstm_calibrated,0.5910931174089069,0.7430025445292621,0.3926488539264885,,0.2452142983675003,,0.051898956298828125,{}
ADANIENT,fold_0,attention_lstm_raw,0.5910931174089069,0.7430025445292621,0.3926488539264885,,,,,"{""brier"": 0.24522201241621733, ""ece"": 0.05199238742411383}"
ADANIENT,fold_0,ohlcv_plus_technical,0.5910931174089069,0.7430025445292621,0.3926488539264885,,0.2452142983675003,,0.051898956298828125,{}
ADANIENT,fold_0,raw_vs_calibrated,,,,0.24522201716899872,0.2452142983675003,0.05199241638183594,0.051898956298828125,"{""temperature"": 0.9976062774658203}"
ADANIENT,fold_0,plain_lstm,0.5910931174089069,0.7430025445292621,0.556964600569646,,0.24260535836219788,,0.04436182975769043,{}
ADANIENT,fold_0,attention_vs_plain_lstm,,,,,,,,"{""attention_lstm_accuracy"": 0.5910931174089069, ""plain_lstm_accuracy"": 0.5910931174089069, ""delta_accuracy"": 0.0}"
ADANIENT,fold_0,ohlcv_only,0.5910931174089069,0.7430025445292621,0.5151227451512275,,,,,"{""brier"": 0.24530597134123025, ""ece"": 0.06035903566762024}"
APOLLOHOSP,fold_0,attention_lstm,0.47368421052631576,0.4881889763779528,0.47986357077266173,,0.2505657970905304,,0.03499019145965576,{}
APOLLOHOSP,fold_0,attention_lstm_calibrated,0.47368421052631576,0.4881889763779528,0.47986357077266173,,0.2505657970905304,,0.03499019145965576,{}
APOLLOHOSP,fold_0,attention_lstm_raw,0.47368421052631576,0.4881889763779528,0.47986357077266173,,,,,"{""brier"": 0.2505657619861018, ""ece"": 0.03498974502810588}"
APOLLOHOSP,fold_0,ohlcv_plus_technical,0.47368421052631576,0.4881889763779528,0.47986357077266173,,0.2505657970905304,,0.03499019145965576,{}
APOLLOHOSP,fold_0,raw_vs_calibrated,,,,0.250565767288208,0.2505657970905304,0.03498973296238826,0.03499019145965576,"{""temperature"": 0.9999449253082275}"
APOLLOHOSP,fold_0,plain_lstm,0.4898785425101215,0.657608695652174,0.5246622064803884,,0.25207099318504333,,0.05345982313156128,{}
APOLLOHOSP,fold_0,attention_vs_plain_lstm,,,,,,,,"{""attention_lstm_accuracy"": 0.47368421052631576, ""plain_lstm_accuracy"": 0.4898785425101215, ""delta_accuracy"": -0.01619433198380571}"
APOLLOHOSP,fold_0,ohlcv_only,0.4898785425101215,0.657608695652174,0.607864357864358,,,,,"{""brier"": 0.25104400187895337, ""ece"": 0.03699664307026723}"
ASIANPAINT,fold_0,attention_lstm,0.5222672064777328,0.6861702127659575,0.45315990014452767,,0.25022196769714355,,0.012676417827606201,{}
ASIANPAINT,fold_0,attention_lstm_calibrated,0.5222672064777328,0.6861702127659575,0.45315990014452767,,0.25022196769714355,,0.012676417827606201,{}
ASIANPAINT,fold_0,attention_lstm_raw,0.5222672064777328,0.6861702127659575,0.45315990014452767,,,,,"{""brier"": 0.2510258833237512, ""ece"": 0.02678640241082375}"
ASIANPAINT,fold_0,ohlcv_plus_technical,0.5222672064777328,0.6861702127659575,0.45315990014452767,,0.25022196769714355,,0.012676417827606201,{}
ASIANPAINT,fold_0,raw_vs_calibrated,,,,0.251025915145874,0.25022196769714355,0.026786386966705322,0.012676417827606201,"{""temperature"": 1.40626859664917}"
ASIANPAINT,fold_0,plain_lstm,0.5222672064777328,0.6861702127659575,0.489029036920247,,0.24970410764217377,,0.007230281829833984,{}
ASIANPAINT,fold_0,attention_vs_plain_lstm,,,,,,,,"{""attention_lstm_accuracy"": 0.5222672064777328, ""plain_lstm_accuracy"": 0.5222672064777328, ""delta_accuracy"": 0.0}"
ASIANPAINT,fold_0,ohlcv_only,0.5222672064777328,0.6861702127659575,0.4589738536328998,,,,,"{""brier"": 0.252281905453199, ""ece"": 0.049887115414808614}"
AXISBANK,fold_0,attention_lstm,0.4291497975708502,0.0,0.5260270306436505,,0.2559003233909607,,0.10505211353302002,{}
AXISBANK,fold_0,attention_lstm_calibrated,0.4291497975708502,0.0,0.5260270306436505,,0.2559003233909607,,0.10505211353302002,{}
AXISBANK,fold_0,attention_lstm_raw,0.4291497975708502,0.0,0.5260270306436505,,,,,"{""brier"": 0.25590032440674615, ""ece"": 0.10505206249503468}"
AXISBANK,fold_0,ohlcv_plus_technical,0.4291497975708502,0.0,0.5260270306436505,,0.2559003233909607,,0.10505211353302002,{}
AXISBANK,fold_0,raw_vs_calibrated,,,,0.2559003233909607,0.2559003233909607,0.10505205392837524,0.10505211353302002,"{""temperature"": 0.9999974370002747}"
AXISBANK,fold_0,plain_lstm,0.4291497975708502,0.0,0.5019403184798609,,0.25665193796157837,,0.10775187611579895,{}
AXISBANK,fold_0,attention_vs_plain_lstm,,,,,,,,"{""attention_lstm_accuracy"": 0.4291497975708502, ""plain_lstm_accuracy"": 0.4291497975708502, ""delta_accuracy"": 0.0}"
AXISBANK,fold_0,ohlcv_only,0.4291497975708502,0.0,0.5319148936170213,,,,,"{""brier"": 0.2550384956413234, ""ece"": 0.10109730794844835}"
BAJAJ-AUTO,fold_0,attention_lstm,0.4817813765182186,0.0,0.5498949579831931,,0.2534511089324951,,0.06430140137672424,{}
BAJAJ-AUTO,fold_0,attention_lstm_calibrated,0.4817813765182186,0.0,0.5498949579831931,,0.2534511089324951,,0.06430140137672424,{}
BAJAJ-AUTO,fold_0,attention_lstm_raw,0.4817813765182186,0.0,0.5498949579831931,,,,,"{""brier"": 0.2534652519219722, ""ece"": 0.06441715552739286}"
BAJAJ-AUTO,fold_0,ohlcv_plus_technical,0.4817813765182186,0.0,0.5498949579831931,,0.2534511089324951,,0.06430140137672424,{}
BAJAJ-AUTO,fold_0,raw_vs_calibrated,,,,0.2534652650356293,0.2534511089324951,0.06441715359687805,0.06430140137672424,"{""temperature"": 1.0025266408920288}"
BAJAJ-AUTO,fold_0,plain_lstm,0.4817813765182186,0.0,0.5474002100840336,,0.25360390543937683,,0.06762516498565674,{}
BAJAJ-AUTO,fold_0,attention_vs_plain_lstm,,,,,,,,"{""attention_lstm_accuracy"": 0.4817813765182186, ""plain_lstm_accuracy"": 0.4817813765182186, ""delta_accuracy"": 0.0}"
BAJAJ-AUTO,fold_0,ohlcv_only,0.4817813765182186,0.0,0.55015756302521,,,,,"{""brier"": 0.2516505572019463, ""ece"": 0.04703846791012567}"
BAJAJFINSV,fold_0,attention_lstm,0.5101214574898786,0.0,0.516824085005903,,0.24958692491054535,,0.0009112656116485596,{}
BAJAJFINSV,fold_0,attention_lstm_calibrated,0.5101214574898786,0.0,0.516824085005903,,0.24958692491054535,,0.0009112656116485596,{}
BAJAJFINSV,fold_0,attention_lstm_raw,0.5101214574898786,0.0,0.516824085005903,,,,,"{""brier"": 0.24958692732809176, ""ece"": 0.0009114239138630631}"
BAJAJFINSV,fold_0,ohlcv_plus_technical,0.5101214574898786,0.0,0.516824085005903,,0.24958692491054535,,0.0009112656116485596,{}
BAJAJFINSV,fold_0,raw_vs_calibrated,,,,0.24958691000938416,0.24958692491054535,0.0009114444255828857,0.0009112656116485596,"{""temperature"": 1.0000141859054565}"
BAJAJFINSV,fold_0,plain_lstm,0.5344129554655871,0.13533834586466165,0.5205299750754296,,0.2495768815279007,,0.021558519799699666,{}
BAJAJFINSV,fold_0,attention_vs_plain_lstm,,,,,,,,"{""attention_lstm_accuracy"": 0.5101214574898786, ""plain_lstm_accuracy"": 0.5344129554655871, ""delta_accuracy"": -0.02429149797570851}"
BAJAJFINSV,fold_0,ohlcv_only,0.5101214574898786,0.0,0.5443394988849535,,,,,"{""brier"": 0.24979294897323856, ""ece"": 0.001344917153539904}"
BAJFINANCE,fold_0,attention_lstm,0.4777327935222672,0.6260869565217392,0.5554460649060571,,0.25054624676704407,,0.041739161318612966,{}
BAJFINANCE,fold_0,attention_lstm_calibrated,0.4777327935222672,0.6260869565217392,0.5554460649060571,,0.25054624676704407,,0.041739161318612966,{}
BAJFINANCE,fold_0,attention_lstm_raw,0.4777327935222672,0.6260869565217392,0.5554460649060571,,,,,"{""brier"": 0.2505462277696049, ""ece"": 0.04173902425206144}"
BAJFINANCE,fold_0,ohlcv_plus_technical,0.4777327935222672,0.6260869565217392,0.5554460649060571,,0.25054624676704407,,0.041739161318612966,{}
BAJFINANCE,fold_0,raw_vs_calibrated,,,,0.2505462169647217,0.25054624676704407,0.04173905176189747,0.041739161318612966,"{""temperature"": 0.9999933242797852}"
BAJFINANCE,fold_0,plain_lstm,0.48582995951417,0.6340057636887608,0.47490474313493625,,0.2516786754131317,,0.04255771938605829,{}
BAJFINANCE,fold_0,attention_vs_plain_lstm,,,,,,,,"{""attention_lstm_accuracy"": 0.4777327935222672, ""plain_lstm_accuracy"": 0.48582995951417, ""delta_accuracy"": -0.0080971659919028}"
BAJFINANCE,fold_0,ohlcv_only,0.4777327935222672,0.6465753424657534,0.46002496386808567,,,,,"{""brier"": 0.2506672383031432, ""ece"": 0.032396132888098894}"
BHARTIARTL,fold_0,attention_lstm,0.48582995951417,0.0,0.538517060367454,,0.25328871607780457,,0.05958107113838196,{}
BHARTIARTL,fold_0,attention_lstm_calibrated,0.48582995951417,0.0,0.538517060367454,,0.25328871607780457,,0.05958107113838196,{}
BHARTIARTL,fold_0,attention_lstm_raw,0.48582995951417,0.0,0.538517060367454,,,,,"{""brier"": 0.25328871311352746, ""ece"": 0.05958122340773758}"
BHARTIARTL,fold_0,ohlcv_plus_technical,0.48582995951417,0.0,0.538517060367454,,0.25328871607780457,,0.05958107113838196,{}
BHARTIARTL,fold_0,raw_vs_calibrated,,,,0.25328871607780457,0.25328871607780457,0.05958119034767151,0.05958107113838196,"{""temperature"": 1.0000040531158447}"
BHARTIARTL,fold_0,plain_lstm,0.48582995951417,0.0,0.5281496062992126,,0.25401827692985535,,0.0655168890953064,{}
BHARTIARTL,fold_0,attention_vs_plain_lstm,,,,,,,,"{""attention_lstm_accuracy"": 0.48582995951417, ""plain_lstm_accuracy"": 0.48582995951417, ""delta_accuracy"": 0.0}"
BHARTIARTL,fold_0,ohlcv_only,0.48582995951417,0.0,0.564501312335958,,,,,"{""brier"": 0.25428275240972587, ""ece"": 0.06792663635029961}"
BPCL,fold_0,attention_lstm,0.43724696356275305,0.6084507042253521,0.5605515587529976,,0.2549091875553131,,0.10124880075454712,{}
BPCL,fold_0,attention_lstm_calibrated,0.43724696356275305,0.6084507042253521,0.5605515587529976,,0.2549091875553131,,0.10124880075454712,{}
BPCL,fold_0,attention_lstm_raw,0.43724696356275305,0.6084507042253521,0.5605515587529976,,,,,"{""brier"": 0.2549084886709913, ""ece"": 0.10124479879734483}"
BPCL,fold_0,ohlcv_plus_technical,0.43724696356275305,0.6084507042253521,0.5605515587529976,,0.2549091875553131,,0.10124880075454712,{}
BPCL,fold_0,raw_vs_calibrated,,,,0.2549084722995758,0.2549091875553131,0.10124480724334717,0.10124880075454712,"{""temperature"": 0.9998952150344849}"
BPCL,fold_0,plain_lstm,0.4534412955465587,0.5768025078369906,0.5413669064748201,,0.2524951696395874,,0.08477820003563576,{}
BPCL,fold_0,attention_vs_plain_lstm,,,,,,,,"{""attention_lstm_accuracy"": 0.43724696356275305, ""plain_lstm_accuracy"": 0.4534412955465587, ""delta_accuracy"": -0.016194331983805654}"
BPCL,fold_0,ohlcv_only,0.44534412955465585,0.6096866096866097,0.5630162536637356,,,,,"{""brier"": 0.2528911800263312, ""ece"": 0.08847938387500134}"
BRITANNIA,fold_0,attention_lstm,0.5344129554655871,0.6627565982404692,0.483695652173913,,0.24988466501235962,,0.031984411753140964,{}
BRITANNIA,fold_0,attention_lstm_calibrated,0.5344129554655871,0.6627565982404692,0.483695652173913,,0.24988466501235962,,0.031984411753140964,{}
BRITANNIA,fold_0,attention_lstm_raw,0.5344129554655871,0.6627565982404692,0.483695652173913,,,,,"{""brier"": 0.24988464678160374, ""ece"": 0.031984387863020235}"
BRITANNIA,fold_0,ohlcv_plus_technical,0.5344129554655871,0.6627565982404692,0.483695652173913,,0.24988466501235962,,0.031984411753140964,{}
BRITANNIA,fold_0,raw_vs_calibrated,,,,0.24988465011119843,0.24988466501235962,0.031984411753140964,0.031984411753140964,"{""temperature"": 0.9999963641166687}"
BRITANNIA,fold_0,plain_lstm,0.48582995951417,0.1360544217687075,0.5071805006587615,,0.25060778856277466,,0.04318610642120423,{}
BRITANNIA,fold_0,attention_vs_plain_lstm,,,,,,,,"{""attention_lstm_accuracy"": 0.5344129554655871, ""plain_lstm_accuracy"": 0.48582995951417, ""delta_accuracy"": 0.048582995951417074}"
BRITANNIA,fold_0,ohlcv_only,0.46558704453441296,0.0,0.4966403162055336,,,,,"{""brier"": 0.2508500957032093, ""ece"": 0.04524372222452516}"
CIPLA,fold_0,attention_lstm,0.5344129554655871,0.0,0.5467391304347826,,0.24874302744865417,,0.00862380862236023,{}
CIPLA,fold_0,attention_lstm_calibrated,0.5344129554655871,0.0,0.5467391304347826,,0.24874302744865417,,0.00862380862236023,{}
CIPLA,fold_0,attention_lstm_raw,0.5344129554655871,0.0,0.5467391304347826,,,,,"{""brier"": 0.2487448194975428, ""ece"": 0.008749134265459535}"
CIPLA,fold_0,ohlcv_plus_technical,0.5344129554655871,0.0,0.5467391304347826,,0.24874302744865417,,0.00862380862236023,{}
CIPLA,fold_0,raw_vs_calibrated,,,,0.24874481558799744,0.24874302744865417,0.008749127388000488,0.00862380862236023,"{""temperature"": 1.0029268264770508}"
CIPLA,fold_0,plain_lstm,0.5344129554655871,0.0,0.4993083003952569,,0.2489018738269806,,0.01045963168144226,{}
CIPLA,fold_0,attention_vs_plain_lstm,,,,,,,,"{""attention_lstm_accuracy"": 0.5344129554655871, ""plain_lstm_accuracy"": 0.5344129554655871, ""delta_accuracy"": 0.0}"
CIPLA,fold_0,ohlcv_only,0.5344129554655871,0.0,0.5353096179183136,,,,,"{""brier"": 0.24888164324051273, ""ece"": 0.009351593642099698}"
COALINDIA,fold_0,attention_lstm,0.4574898785425101,0.0,0.4872539955091798,,0.2507603168487549,,0.05032694339752197,{}
COALINDIA,fold_0,attention_lstm_calibrated,0.4574898785425101,0.0,0.4872539955091798,,0.2507603168487549,,0.05032694339752197,{}
COALINDIA,fold_0,attention_lstm_raw,0.4574898785425101,0.0,0.4872539955091798,,,,,"{""brier"": 0.25076032494590406, ""ece"": 0.0503269478618375}"
COALINDIA,fold_0,ohlcv_plus_technical,0.4574898785425101,0.0,0.4872539955091798,,0.2507603168487549,,0.05032694339752197,{}
COALINDIA,fold_0,raw_vs_calibrated,,,,0.2507603168487549,0.2507603168487549,0.050326913595199585,0.05032694339752197,"{""temperature"": 0.9999949336051941}"
COALINDIA,fold_0,plain_lstm,0.4777327935222672,0.1456953642384106,0.4918768986923788,,0.25260913372039795,,0.06445930071687891,{}
COALINDIA,fold_0,attention_vs_plain_lstm,,,,,,,,"{""attention_lstm_accuracy"": 0.4574898785425101, ""plain_lstm_accuracy"": 0.4777327935222672, ""delta_accuracy"": -0.02024291497975711}"
COALINDIA,fold_0,ohlcv_only,0.4574898785425101,0.0,0.474177783648131,,,,,"{""brier"": 0.2528569407235582, ""ece"": 0.06807921422637908}"
DIVISLAB,fold_0,attention_lstm,0.5141700404858299,0.679144385026738,0.48398950131233603,,0.25145503878593445,,0.03811156749725342,{}
DIVISLAB,fold_0,attention_lstm_calibrated,0.5141700404858299,0.679144385026738,0.48398950131233603,,0.25145503878593445,,0.03811156749725342,{}
DIVISLAB,fold_0,attention_lstm_raw,0.5141700404858299,0.679144385026738,0.48398950131233603,,,,,"{""brier"": 0.2526042422771403, ""ece"": 0.05046852542321212}"
DIVISLAB,fold_0,ohlcv_plus_technical,0.5141700404858299,0.679144385026738,0.48398950131233603,,0.25145503878593445,,0.03811156749725342,{}
DIVISLAB,fold_0,raw_vs_calibrated,,,,0.25260424613952637,0.25145503878593445,0.050468504428863525,0.03811156749725342,"{""temperature"": 1.2388331890106201}"
DIVISLAB,fold_0,plain_lstm,0.5141700404858299,0.679144385026738,0.4509514435695538,,0.25238946080207825,,0.03792518377304077,{}
DIVISLAB,fold_0,attention_vs_plain_lstm,,,,,,,,"{""attention_lstm_accuracy"": 0.5141700404858299, ""plain_lstm_accuracy"": 0.5141700404858299, ""delta_accuracy"": 0.0}"
DIVISLAB,fold_0,ohlcv_only,0.5141700404858299,0.679144385026738,0.4833333333333334,,,,,"{""brier"": 0.25374446295779135, ""ece"": 0.06118177305831607}"
DRREDDY,fold_0,attention_lstm,0.48582995951417,0.5415162454873647,0.4828902342721768,,0.25082314014434814,,0.03510366410378985,{}
DRREDDY,fold_0,attention_lstm_calibrated,0.48582995951417,0.5415162454873647,0.4828902342721768,,0.25082314014434814,,0.03510366410378985,{}
DRREDDY,fold_0,attention_lstm_raw,0.48582995951417,0.5415162454873647,0.4828902342721768,,,,,"{""brier"": 0.2508230852530344, ""ece"": 0.03510347382742384}"
DRREDDY,fold_0,ohlcv_plus_technical,0.48582995951417,0.5415162454873647,0.4828902342721768,,0.25082314014434814,,0.03510366410378985,{}
DRREDDY,fold_0,raw_vs_calibrated,,,,0.25082308053970337,0.25082314014434814,0.0351034804635685,0.03510366410378985,"{""temperature"": 0.9999589323997498}"
DRREDDY,fold_0,plain_lstm,0.5506072874493927,0.48847926267281105,0.5298762832324295,,0.24906477332115173,,0.034018799602261444,{}
DRREDDY,fold_0,attention_vs_plain_lstm,,,,,,,,"{""attention_lstm_accuracy"": 0.48582995951417, ""plain_lstm_accuracy"": 0.5506072874493927, ""delta_accuracy"": -0.06477732793522267}"
DRREDDY,fold_0,ohlcv_only,0.5303643724696356,0.0,0.4426164780205317,,,,,"{""brier"": 0.249712908185928, ""ece"": 0.022777782519336653}"
EICHERMOT,fold_0,attention_lstm,0.48582995951417,0.0,0.4945538057742782,,0.2522948980331421,,0.05362945795059204,{}
EICHERMOT,fold_0,attention_lstm_calibrated,0.48582995951417,0.0,0.4945538057742782,,0.2522948980331421,,0.05362945795059204,{}
EICHERMOT,fold_0,attention_lstm_raw,0.48582995951417,0.0,0.4945538057742782,,,,,"{""brier"": 0.25229487306678083, ""ece"": 0.05362925247142186}"
EICHERMOT,fold_0,ohlcv_plus_technical,0.48582995951417,0.0,0.4945538057742782,,0.2522948980331421,,0.05362945795059204,{}
EICHERMOT,fold_0,raw_vs_calibrated,,,,0.2522948980331421,0.2522948980331421,0.05362924933433533,0.05362945795059204,"{""temperature"": 0.9999953508377075}"
EICHERMOT,fold_0,plain_lstm,0.5060728744939271,0.14084507042253522,0.503740157480315,,0.25058597326278687,,0.03332790261820743,{}
EICHERMOT,fold_0,attention_vs_plain_lstm,,,,,,,,"{""attention_lstm_accuracy"": 0.48582995951417, ""plain_lstm_accuracy"": 0.5060728744939271, ""delta_accuracy"": -0.02024291497975711}"
EICHERMOT,fold_0,ohlcv_only,0.4817813765182186,0.08571428571428572,0.4944225721784776,,,,,"{""brier"": 0.2528964442767305, ""ece"": 0.05252268898342309}"
GRASIM,fold_0,attention_lstm,0.4939271255060729,0.2236024844720497,0.523545706371191,,0.2501579225063324,,0.0425405838952856,{}
GRASIM,fold_0,attention_lstm_calibrated,0.4939271255060729,0.2236024844720497,0.523545706371191,,0.2501579225063324,,0.0425405838952856,{}
GRASIM,fold_0,attention_lstm_raw,0.4939271255060729,0.2236024844720497,0.523545706371191,,,,,"{""brier"": 0.25015791960278067, ""ece"": 0.04254061418023675}"
GRASIM,fold_0,ohlcv_plus_technical,0.4939271255060729,0.2236024844720497,0.523545706371191,,0.2501579225063324,,0.0425405838952856,{}
GRASIM,fold_0,raw_vs_calibrated,,,,0.2501579225063324,0.2501579225063324,0.04254063674312854,0.0425405838952856,"{""temperature"": 1.0000065565109253}"
GRASIM,fold_0,plain_lstm,0.4817813765182186,0.2289156626506024,0.5410895660203139,,0.25022274255752563,,0.046131824916190944,{}
GRASIM,fold_0,attention_vs_plain_lstm,,,,,,,,"{""attention_lstm_accuracy"": 0.4939271255060729, ""plain_lstm_accuracy"": 0.4817813765182186, ""delta_accuracy"": 0.012145748987854255}"
GRASIM,fold_0,ohlcv_only,0.46153846153846156,0.0,0.5144440047487139,,,,,"{""brier"": 0.25163319810098334, ""ece"": 0.05590875899260822}"
HCLTECH,fold_0,attention_lstm,0.4817813765182186,0.6502732240437158,0.4581144957983193,,0.2527780532836914,,0.0530889630317688,{}
HCLTECH,fold_0,attention_lstm_calibrated,0.4817813765182186,0.6502732240437158,0.4581144957983193,,0.2527780532836914,,0.0530889630317688,{}
HCLTECH,fold_0,attention_lstm_raw,0.4817813765182186,0.6502732240437158,0.4581144957983193,,,,,"{""brier"": 0.2527780823266864, ""ece"": 0.0530891372607305}"
HCLTECH,fold_0,ohlcv_plus_technical,0.4817813765182186,0.6502732240437158,0.4581144957983193,,0.2527780532836914,,0.0530889630317688,{}
HCLTECH,fold_0,raw_vs_calibrated,,,,0.2527780830860138,0.2527780532836914,0.05308908224105835,0.0530889630317688,"{""temperature"": 1.0000038146972656}"
HCLTECH,fold_0,plain_lstm,0.4817813765182186,0.6502732240437158,0.47308298319327735,,0.25399529933929443,,0.059542298316955566,{}
HCLTECH,fold_0,attention_vs_plain_lstm,,,,,,,,"{""attention_lstm_accuracy"": 0.4817813765182186, ""plain_lstm_accuracy"": 0.4817813765182186, ""delta_accuracy"": 0.0}"
HCLTECH,fold_0,ohlcv_only,0.4817813765182186,0.6502732240437158,0.46165966386554624,,,,,"{""brier"": 0.2519415394337549, ""ece"": 0.04539111847819588}"
HDFCBANK,fold_0,attention_lstm,0.4898785425101215,0.36363636363636365,0.48418635170603674,,0.25061678886413574,,0.020626209042815542,{}
HDFCBANK,fold_0,attention_lstm_calibrated,0.4898785425101215,0.36363636363636365,0.48418635170603674,,0.25061678886413574,,0.020626209042815542,{}
HDFCBANK,fold_0,attention_lstm_raw,0.4898785425101215,0.36363636363636365,0.48418635170603674,,,,,"{""brier"": 0.250616802959541, ""ece"": 0.020626403300868377}"
HDFCBANK,fold_0,ohlcv_plus_technical,0.4898785425101215,0.36363636363636365,0.48418635170603674,,0.25061678886413574,,0.020626209042815542,{}
HDFCBANK,fold_0,raw_vs_calibrated,,,,0.25061681866645813,0.25061678886413574,0.020626378204175816,0.020626209042815542,"{""temperature"": 1.0000321865081787}"
HDFCBANK,fold_0,plain_lstm,0.4817813765182186,0.3333333333333333,0.4654199475065617,,0.25084131956100464,,0.027390287110680027,{}
HDFCBANK,fold_0,attention_vs_plain_lstm,,,,,,,,"{""attention_lstm_accuracy"": 0.4898785425101215, ""plain_lstm_accuracy"": 0.4817813765182186, ""delta_accuracy"": 0.008097165991902855}"
HDFCBANK,fold_0,ohlcv_only,0.4817813765182186,0.0,0.5458661417322834,,,,,"{""brier"": 0.2500596980885636, ""ece"": 0.024559290544224135}"
HEROMOTOCO,fold_0,attention_lstm,0.5465587044534413,0.5483870967741935,0.5710803689064559,,0.2489771693944931,,0.03710070493732869,{}
HEROMOTOCO,fold_0,attention_lstm_calibrated,0.5465587044534413,0.5483870967741935,0.5710803689064559,,0.2489771693944931,,0.03710070493732869,{}
HEROMOTOCO,fold_0,attention_lstm_raw,0.5465587044534413,0.5483870967741935,0.5710803689064559,,,,,"{""brier"": 0.24897716746375273, ""ece"": 0.03710073679082306}"
HEROMOTOCO,fold_0,ohlcv_plus_technical,0.5465587044534413,0.5483870967741935,0.5710803689064559,,0.2489771693944931,,0.03710070493732869,{}
HEROMOTOCO,fold_0,raw_vs_calibrated,,,,0.2489771693944931,0.2489771693944931,0.03710076454197347,0.03710070493732869,"{""temperature"": 0.9999942183494568}"
HEROMOTOCO,fold_0,plain_lstm,0.5141700404858299,0.5041322314049587,0.549209486166008,,0.24855664372444153,,0.030865242848029502,{}
HEROMOTOCO,fold_0,attention_vs_plain_lstm,,,,,,,,"{""attention_lstm_accuracy"": 0.5465587044534413, ""plain_lstm_accuracy"": 0.5141700404858299, ""delta_accuracy"": 0.03238866396761142}"
HEROMOTOCO,fold_0,ohlcv_only,0.5425101214574899,0.6116838487972509,0.5283926218708828,,,,,"{""brier"": 0.24932525259117008, ""ece"": 0.035155087950741196}"
HINDALCO,fold_0,attention_lstm,0.48582995951417,0.0,0.5381233595800525,,0.25248217582702637,,0.055383920669555664,{}
HINDALCO,fold_0,attention_lstm_calibrated,0.48582995951417,0.0,0.5381233595800525,,0.25248217582702637,,0.055383920669555664,{}
HINDALCO,fold_0,attention_lstm_raw,0.48582995951417,0.0,0.5381233595800525,,,,,"{""brier"": 0.2524827837183055, ""ece"": 0.055389774231775546}"
HINDALCO,fold_0,ohlcv_plus_technical,0.48582995951417,0.0,0.5381233595800525,,0.25248217582702637,,0.055383920669555664,{}
HINDALCO,fold_0,raw_vs_calibrated,,,,0.2524827718734741,0.25248217582702637,0.05538979172706604,0.055383920669555664,"{""temperature"": 1.0001428127288818}"
HINDALCO,fold_0,plain_lstm,0.48582995951417,0.0,0.5559055118110235,,0.2517336905002594,,0.051248133182525635,{}
HINDALCO,fold_0,attention_vs_plain_lstm,,,,,,,,"{""attention_lstm_accuracy"": 0.48582995951417, ""plain_lstm_accuracy"": 0.48582995951417, ""delta_accuracy"": 0.0}"
HINDALCO,fold_0,ohlcv_only,0.48582995951417,0.0,0.5306430446194226,,,,,"{""brier"": 0.2541663419891124, ""ece"": 0.06905746689209569}"
HINDUNILVR,fold_0,attention_lstm,0.5060728744939271,0.4649122807017544,0.5324110671936759,,0.24900120496749878,,0.03434813758622297,{}
HINDUNILVR,fold_0,attention_lstm_calibrated,0.5060728744939271,0.4649122807017544,0.5324110671936759,,0.24900120496749878,,0.03434813758622297,{}
HINDUNILVR,fold_0,attention_lstm_raw,0.5060728744939271,0.4649122807017544,0.5324110671936759,,,,,"{""brier"": 0.24900197349810485, ""ece"": 0.03434823966219356}"
HINDUNILVR,fold_0,ohlcv_plus_technical,0.5060728744939271,0.4649122807017544,0.5324110671936759,,0.24900120496749878,,0.03434813758622297,{}
HINDUNILVR,fold_0,raw_vs_calibrated,,,,0.24900197982788086,0.24900120496749878,0.034348257760769926,0.03434813758622297,"{""temperature"": 0.9983438849449158}"
HINDUNILVR,fold_0,plain_lstm,0.5263157894736842,0.47058823529411764,0.5565876152832675,,0.24794244766235352,,0.0329612511613591,{}
HINDUNILVR,fold_0,attention_vs_plain_lstm,,,,,,,,"{""attention_lstm_accuracy"": 0.5060728744939271, ""plain_lstm_accuracy"": 0.5263157894736842, ""delta_accuracy"": -0.020242914979757054}"
HINDUNILVR,fold_0,ohlcv_only,0.5546558704453441,0.32926829268292684,0.541798418972332,,,,,"{""brier"": 0.24907989970171793, ""ece"": 0.047033578760710806}"
ICICIBANK,fold_0,attention_lstm,0.47368421052631576,0.0,0.46571334648257723,,0.25060856342315674,,0.034728825092315674,{}
ICICIBANK,fold_0,attention_lstm_calibrated,0.47368421052631576,0.0,0.46571334648257723,,0.25060856342315674,,0.034728825092315674,{}
ICICIBANK,fold_0,attention_lstm_raw,0.47368421052631576,0.0,0.46574621959237344,,,,,"{""brier"": 0.2506085596574056, ""ece"": 0.034728846931264434}"
ICICIBANK,fold_0,ohlcv_plus_technical,0.47368421052631576,0.0,0.46571334648257723,,0.25060856342315674,,0.034728825092315674,{}
ICICIBANK,fold_0,raw_vs_calibrated,,,,0.25060856342315674,0.25060856342315674,0.03472885489463806,0.034728825092315674,"{""temperature"": 1.000002384185791}"
ICICIBANK,fold_0,plain_lstm,0.4979757085020243,0.5373134328358209,0.5143326758711374,,0.24995718896389008,,0.026752140719880944,{}
ICICIBANK,fold_0,attention_vs_plain_lstm,,,,,,,,"{""attention_lstm_accuracy"": 0.47368421052631576, ""plain_lstm_accuracy"": 0.4979757085020243, ""delta_accuracy"": -0.02429149797570851}"
ICICIBANK,fold_0,ohlcv_only,0.47368421052631576,0.0,0.4518080210387903,,,,,"{""brier"": 0.25059592829307314, ""ece"": 0.0337767365731691}"
INDIGO,fold_0,attention_lstm,0.5708502024291497,0.4803921568627451,0.5424316470743628,,0.24951091408729553,,0.06695825802652458,{}
INDIGO,fold_0,attention_lstm_calibrated,0.5708502024291497,0.4803921568627451,0.5424316470743628,,0.24951091408729553,,0.06695825802652458,{}
INDIGO,fold_0,attention_lstm_raw,0.5708502024291497,0.4803921568627451,0.5424316470743628,,,,,"{""brier"": 0.2495109091004849, ""ece"": 0.06695828553636061}"
INDIGO,fold_0,ohlcv_plus_technical,0.5708502024291497,0.4803921568627451,0.5424316470743628,,0.24951091408729553,,0.06695825802652458,{}
INDIGO,fold_0,raw_vs_calibrated,,,,0.24951091408729553,0.24951091408729553,0.06695825802652458,0.06695825802652458,"{""temperature"": 0.9999959468841553}"
INDIGO,fold_0,plain_lstm,0.5425101214574899,0.5830258302583026,0.5676264694227975,,0.2495546191930771,,0.04554869204397627,{}
INDIGO,fold_0,attention_vs_plain_lstm,,,,,,,,"{""attention_lstm_accuracy"": 0.5708502024291497, ""plain_lstm_accuracy"": 0.5425101214574899, ""delta_accuracy"": 0.028340080971659853}"
INDIGO,fold_0,ohlcv_only,0.5425101214574899,0.0,0.5497292299564126,,,,,"{""brier"": 0.2484795559558075, ""ece"": 0.021249865351418262}"
INDUSINDBK,fold_0,attention_lstm,0.4979757085020243,0.6374269005847953,0.500395256916996,,0.24984021484851837,,0.030975171911571675,{}
INDUSINDBK,fold_0,attention_lstm_calibrated,0.4979757085020243,0.6374269005847953,0.500395256916996,,0.24984021484851837,,0.030975171911571675,{}
INDUSINDBK,fold_0,attention_lstm_raw,0.4979757085020243,0.6374269005847953,0.500395256916996,,,,,"{""brier"": 0.249840221489443, ""ece"": 0.030975156708767583}"
INDUSINDBK,fold_0,ohlcv_plus_technical,0.4979757085020243,0.6374269005847953,0.500395256916996,,0.24984021484851837,,0.030975171911571675,{}
INDUSINDBK,fold_0,raw_vs_calibrated,,,,0.24984021484851837,0.24984021484851837,0.030975171911571675,0.030975171911571675,"{""temperature"": 1.0000009536743164}"
INDUSINDBK,fold_0,plain_lstm,0.5060728744939271,0.6114649681528662,0.46287878787878783,,0.2500872313976288,,0.0292219362760845,{}
INDUSINDBK,fold_0,attention_vs_plain_lstm,,,,,,,,"{""attention_lstm_accuracy"": 0.4979757085020243, ""plain_lstm_accuracy"": 0.5060728744939271, ""delta_accuracy"": -0.008097165991902855}"
INDUSINDBK,fold_0,ohlcv_only,0.48582995951417,0.5665529010238908,0.49305006587615285,,,,,"{""brier"": 0.2500802750911219, ""ece"": 0.03422927084239385}"
INFY,fold_0,attention_lstm,0.4939271255060729,0.6612466124661247,0.5288524590163936,,0.25292131304740906,,0.056975483894348145,{}
INFY,fold_0,attention_lstm_calibrated,0.4939271255060729,0.6612466124661247,0.5288524590163936,,0.25292131304740906,,0.056975483894348145,{}
INFY,fold_0,attention_lstm_raw,0.4939271255060729,0.6612466124661247,0.5288524590163936,,,,,"{""brier"": 0.2529212379266939, ""ece"": 0.05697495276146092}"
INFY,fold_0,ohlcv_plus_technical,0.4939271255060729,0.6612466124661247,0.5288524590163936,,0.25292131304740906,,0.056975483894348145,{}
INFY,fold_0,raw_vs_calibrated,,,,0.2529212534427643,0.25292131304740906,0.056974947452545166,0.056975483894348145,"{""temperature"": 0.9999903440475464}"
INFY,fold_0,plain_lstm,0.4939271255060729,0.6612466124661247,0.5260983606557377,,0.2527367174625397,,0.056189775466918945,{}
INFY,fold_0,attention_vs_plain_lstm,,,,,,,,"{""attention_lstm_accuracy"": 0.4939271255060729, ""plain_lstm_accuracy"": 0.4939271255060729, ""delta_accuracy"": 0.0}"
INFY,fold_0,ohlcv_only,0.4939271255060729,0.6612466124661247,0.4407868852459017,,,,,"{""brier"": 0.2534245396810429, ""ece"": 0.056724500318287796}"
ITC,fold_0,attention_lstm,0.42105263157894735,0.0,0.5539268423883809,,0.2553884983062744,,0.11248129606246948,{}
ITC,fold_0,attention_lstm_calibrated,0.42105263157894735,0.0,0.5539268423883809,,0.2553884983062744,,0.11248129606246948,{}
ITC,fold_0,attention_lstm_raw,0.42105263157894735,0.0,0.5539268423883809,,,,,"{""brier"": 0.2553884422197235, ""ece"": 0.11248101155284929}"
ITC,fold_0,ohlcv_plus_technical,0.42105263157894735,0.0,0.5539268423883809,,0.2553884983062744,,0.11248129606246948,{}
ITC,fold_0,raw_vs_calibrated,,,,0.25538843870162964,0.2553884983062744,0.1124809980392456,0.11248129606246948,"{""temperature"": 0.9999907612800598}"
ITC,fold_0,plain_lstm,0.42105263157894735,0.0,0.5492872512103281,,0.2547445297241211,,0.10982826352119446,{}
ITC,fold_0,attention_vs_plain_lstm,,,,,,,,"{""attention_lstm_accuracy"": 0.42105263157894735, ""plain_lstm_accuracy"": 0.42105263157894735, ""delta_accuracy"": 0.0}"
ITC,fold_0,ohlcv_only,0.42105263157894735,0.0,0.5627353415814954,,,,,"{""brier"": 0.2561507692918081, ""ece"": 0.11663913799200948}"
JSWSTEEL,fold_0,attention_lstm,0.4939271255060729,0.0,0.43068852459016393,,0.253365159034729,,0.049329131841659546,{}
JSWSTEEL,fold_0,attention_lstm_calibrated,0.4939271255060729,0.0,0.43068852459016393,,0.253365159034729,,0.049329131841659546,{}
JSWSTEEL,fold_0,attention_lstm_raw,0.4939271255060729,0.0,0.43068852459016393,,,,,"{""brier"": 0.25338434454806114, ""ece"": 0.04948657956200575}"
JSWSTEEL,fold_0,ohlcv_plus_technical,0.4939271255060729,0.0,0.43068852459016393,,0.253365159034729,,0.049329131841659546,{}
JSWSTEEL,fold_0,raw_vs_calibrated,,,,0.2533843517303467,0.253365159034729,0.04948660731315613,0.049329131841659546,"{""temperature"": 1.0036593675613403}"
JSWSTEEL,fold_0,plain_lstm,0.4939271255060729,0.0,0.47560655737704916,,0.25299081206321716,,0.04737338423728943,{}
JSWSTEEL,fold_0,attention_vs_plain_lstm,,,,,,,,"{""attention_lstm_accuracy"": 0.4939271255060729, ""plain_lstm_accuracy"": 0.4939271255060729, ""delta_accuracy"": 0.0}"
JSWSTEEL,fold_0,ohlcv_only,0.4939271255060729,0.0,0.540655737704918,,,,,"{""brier"": 0.2521236624389579, ""ece"": 0.04871669990813682}"
KOTAKBANK,fold_0,attention_lstm,0.4979757085020243,0.6648648648648648,0.43954891161814846,,0.25119346380233765,,0.01950615644454956,{}
KOTAKBANK,fold_0,attention_lstm_calibrated,0.4979757085020243,0.6648648648648648,0.43954891161814846,,0.25119346380233765,,0.01950615644454956,{}
KOTAKBANK,fold_0,attention_lstm_raw,0.4979757085020243,0.6648648648648648,0.43954891161814846,,,,,"{""brier"": 0.2511998322130616, ""ece"": 0.01957779953836919}"
KOTAKBANK,fold_0,ohlcv_plus_technical,0.4979757085020243,0.6648648648648648,0.43954891161814846,,0.25119346380233765,,0.01950615644454956,{}
KOTAKBANK,fold_0,raw_vs_calibrated,,,,0.2511998116970062,0.25119346380233765,0.01957780122756958,0.01950615644454956,"{""temperature"": 1.0041056871414185}"
KOTAKBANK,fold_0,plain_lstm,0.4979757085020243,0.6648648648648648,0.3906372934697089,,0.2514437139034271,,0.02196633815765381,{}
KOTAKBANK,fold_0,attention_vs_plain_lstm,,,,,,,,"{""attention_lstm_accuracy"": 0.4979757085020243, ""plain_lstm_accuracy"": 0.4979757085020243, ""delta_accuracy"": 0.0}"
KOTAKBANK,fold_0,ohlcv_only,0.4979757085020243,0.6648648648648648,0.43476265407815373,,,,,"{""brier"": 0.2505659894523408, ""ece"": 0.022361593449164052}"
LT,fold_0,attention_lstm,0.4979757085020243,0.0,0.529897718332022,,0.25327518582344055,,0.05959448218345642,{}
LT,fold_0,attention_lstm_calibrated,0.4979757085020243,0.0,0.529897718332022,,0.25327518582344055,,0.05959448218345642,{}
LT,fold_0,attention_lstm_raw,0.4979757085020243,0.0,0.529897718332022,,,,,"{""brier"": 0.2532882140675402, ""ece"": 0.05970713906442582}"
LT,fold_0,ohlcv_plus_technical,0.4979757085020243,0.0,0.529897718332022,,0.25327518582344055,,0.05959448218345642,{}
LT,fold_0,raw_vs_calibrated,,,,0.253288209438324,0.25327518582344055,0.05970710515975952,0.05959448218345642,"{""temperature"": 1.001975655555725}"
LT,fold_0,plain_lstm,0.4979757085020243,0.0,0.5473380540257015,,0.252512663602829,,0.0559656023979187,{}
LT,fold_0,attention_vs_plain_lstm,,,,,,,,"{""attention_lstm_accuracy"": 0.4979757085020243, ""plain_lstm_accuracy"": 0.4979757085020243, ""delta_accuracy"": 0.0}"
LT,fold_0,ohlcv_only,0.4979757085020243,0.0,0.5327498033044846,,,,,"{""brier"": 0.2538825339889157, ""ece"": 0.06477365875051083}"
MARUTI,fold_0,attention_lstm,0.4979757085020243,0.0,0.5029504327301337,,0.2512463927268982,,0.037548184394836426,{}
MARUTI,fold_0,attention_lstm_calibrated,0.4979757085020243,0.0,0.5029504327301337,,0.2512463927268982,,0.037548184394836426,{}
MARUTI,fold_0,attention_lstm_raw,0.4979757085020243,0.0,0.5029504327301337,,,,,"{""brier"": 0.25124624018699493, ""ece"": 0.037546021494305526}"
MARUTI,fold_0,ohlcv_plus_technical,0.4979757085020243,0.0,0.5029504327301337,,0.2512463927268982,,0.037548184394836426,{}
MARUTI,fold_0,raw_vs_calibrated,,,,0.25124624371528625,0.2512463927268982,0.03754603862762451,0.037548184394836426,"{""temperature"": 0.9999397397041321}"
MARUTI,fold_0,plain_lstm,0.4979757085020243,0.0,0.49731182795698925,,0.2514216899871826,,0.03584444522857666,{}
MARUTI,fold_0,attention_vs_plain_lstm,,,,,,,,"{""attention_lstm_accuracy"": 0.4979757085020243, ""plain_lstm_accuracy"": 0.4979757085020243, ""delta_accuracy"": 0.0}"
MARUTI,fold_0,ohlcv_only,0.4979757085020243,0.0,0.5421584054550223,,,,,"{""brier"": 0.2508428629370142, ""ece"": 0.035629349078244}"
MM,fold_0,attention_lstm,0.5101214574898786,0.22929936305732485,0.5317523056653491,,0.25080087780952454,,0.05488648853803936,{}
MM,fold_0,attention_lstm_calibrated,0.5101214574898786,0.22929936305732485,0.5317523056653491,,0.25080087780952454,,0.05488648853803936,{}
MM,fold_0,attention_lstm_raw,0.5101214574898786,0.22929936305732485,0.5317523056653491,,,,,"{""brier"": 0.2508008667660068, ""ece"": 0.05488628414478377}"
MM,fold_0,ohlcv_plus_technical,0.5101214574898786,0.22929936305732485,0.5317523056653491,,0.25080087780952454,,0.05488648853803936,{}
MM,fold_0,raw_vs_calibrated,,,,0.25080087780952454,0.25080087780952454,0.05488628028375417,0.05488648853803936,"{""temperature"": 0.9999892115592957}"
MM,fold_0,plain_lstm,0.47368421052631576,0.057971014492753624,0.4932147562582345,,0.25198057293891907,,0.059038586462074924,{}
MM,fold_0,attention_vs_plain_lstm,,,,,,,,"{""attention_lstm_accuracy"": 0.5101214574898786, ""plain_lstm_accuracy"": 0.47368421052631576, ""delta_accuracy"": 0.03643724696356282}"
MM,fold_0,ohlcv_only,0.46558704453441296,0.0,0.5370882740447958,,,,,"{""brier"": 0.25198057162038023, ""ece"": 0.05933289622005666}"
NESTLEIND,fold_0,attention_lstm,0.48582995951417,0.0,0.5382874015748031,,0.2509143650531769,,0.03681880235671997,{}
NESTLEIND,fold_0,attention_lstm_calibrated,0.48582995951417,0.0,0.5382874015748031,,0.2509143650531769,,0.03681880235671997,{}
NESTLEIND,fold_0,attention_lstm_raw,0.48582995951417,0.0,0.5382874015748031,,,,,"{""brier"": 0.2509144126216919, ""ece"": 0.03681974698174817}"
NESTLEIND,fold_0,ohlcv_plus_technical,0.48582995951417,0.0,0.5382874015748031,,0.2509143650531769,,0.03681880235671997,{}
NESTLEIND,fold_0,raw_vs_calibrated,,,,0.25091439485549927,0.2509143650531769,0.03681972622871399,0.03681880235671997,"{""temperature"": 1.0000431537628174}"
NESTLEIND,fold_0,plain_lstm,0.5060728744939271,0.11594202898550725,0.5316272965879265,,0.2505730390548706,,0.03381542324537208,{}
NESTLEIND,fold_0,attention_vs_plain_lstm,,,,,,,,"{""attention_lstm_accuracy"": 0.48582995951417, ""plain_lstm_accuracy"": 0.5060728744939271, ""delta_accuracy"": -0.02024291497975711}"
NESTLEIND,fold_0,ohlcv_only,0.48582995951417,0.0,0.5573490813648294,,,,,"{""brier"": 0.2517417084683414, ""ece"": 0.046791546619855406}"
NTPC,fold_0,attention_lstm,0.4979757085020243,0.0,0.5438630999213218,,0.25213873386383057,,0.059294700622558594,{}
NTPC,fold_0,attention_lstm_calibrated,0.4979757085020243,0.0,0.5438630999213218,,0.25213873386383057,,0.059294700622558594,{}
NTPC,fold_0,attention_lstm_raw,0.4979757085020243,0.0,0.5438630999213218,,,,,"{""brier"": 0.2521387379068301, ""ece"": 0.059294791598069}"
NTPC,fold_0,ohlcv_plus_technical,0.4979757085020243,0.0,0.5438630999213218,,0.25213873386383057,,0.059294700622558594,{}
NTPC,fold_0,raw_vs_calibrated,,,,0.25213873386383057,0.25213873386383057,0.05929479002952576,0.059294700622558594,"{""temperature"": 1.000002145767212}"
NTPC,fold_0,plain_lstm,0.4979757085020243,0.0,0.5622213480199318,,0.25225120782852173,,0.05831563472747803,{}
NTPC,fold_0,attention_vs_plain_lstm,,,,,,,,"{""attention_lstm_accuracy"": 0.4979757085020243, ""plain_lstm_accuracy"": 0.4979757085020243, ""delta_accuracy"": 0.0}"
NTPC,fold_0,ohlcv_only,0.4979757085020243,0.0,0.5346184107002361,,,,,"{""brier"": 0.25202484226003635, ""ece"": 0.051087625234233214}"
ONGC,fold_0,attention_lstm,0.4534412955465587,0.19161676646706588,0.5011857707509881,,0.2513663172721863,,0.06185925139589348,{}
ONGC,fold_0,attention_lstm_calibrated,0.4534412955465587,0.19161676646706588,0.5011857707509881,,0.2513663172721863,,0.06185925139589348,{}
ONGC,fold_0,attention_lstm_raw,0.4534412955465587,0.19161676646706588,0.5011857707509881,,,,,"{""brier"": 0.2513663014547879, ""ece"": 0.06185917598515871}"
ONGC,fold_0,ohlcv_plus_technical,0.4534412955465587,0.19161676646706588,0.5011857707509881,,0.2513663172721863,,0.06185925139589348,{}
ONGC,fold_0,raw_vs_calibrated,,,,0.2513662874698639,0.2513663172721863,0.06185917465792976,0.06185925139589348,"{""temperature"": 0.9999972581863403}"
ONGC,fold_0,plain_lstm,0.5060728744939271,0.41904761904761906,0.5366271409749671,,0.2503851652145386,,0.04600049790583159,{}
ONGC,fold_0,attention_vs_plain_lstm,,,,,,,,"{""attention_lstm_accuracy"": 0.4534412955465587, ""plain_lstm_accuracy"": 0.5060728744939271, ""delta_accuracy"": -0.05263157894736842}"
ONGC,fold_0,ohlcv_only,0.46558704453441296,0.0,0.538471673254282,,,,,"{""brier"": 0.25126685304531976, ""ece"": 0.05192632110495321}"
POWERGRID,fold_0,attention_lstm,0.5303643724696356,0.0,0.5413924717030797,,0.24929386377334595,,0.019301265478134155,{}
POWERGRID,fold_0,attention_lstm_calibrated,0.5303643724696356,0.0,0.5413924717030797,,0.24929386377334595,,0.019301265478134155,{}
POWERGRID,fold_0,attention_lstm_raw,0.5303643724696356,0.0,0.5413924717030797,,,,,"{""brier"": 0.2492939475423302, ""ece"": 0.01930362022357429}"
POWERGRID,fold_0,ohlcv_plus_technical,0.5303643724696356,0.0,0.5413924717030797,,0.24929386377334595,,0.019301265478134155,{}
POWERGRID,fold_0,raw_vs_calibrated,,,,0.2492939531803131,0.24929386377334595,0.01930364966392517,0.019301265478134155,"{""temperature"": 1.0000483989715576}"
POWERGRID,fold_0,plain_lstm,0.5303643724696356,0.0,0.4876941300342195,,0.24969035387039185,,0.01976647973060608,{}
POWERGRID,fold_0,attention_vs_plain_lstm,,,,,,,,"{""attention_lstm_accuracy"": 0.5303643724696356, ""plain_lstm_accuracy"": 0.5303643724696356, ""delta_accuracy"": 0.0}"
POWERGRID,fold_0,ohlcv_only,0.5303643724696356,0.0,0.5400763358778626,,,,,"{""brier"": 0.2495216000284334, ""ece"": 0.022448496055989142}"
RELIANCE,fold_0,attention_lstm,0.4493927125506073,0.5555555555555556,0.4060367454068242,,0.2505360245704651,,0.053424948743480416,{}
RELIANCE,fold_0,attention_lstm_calibrated,0.4493927125506073,0.5555555555555556,0.4060367454068242,,0.2505360245704651,,0.053424948743480416,{}
RELIANCE,fold_0,attention_lstm_raw,0.4493927125506073,0.5555555555555556,0.4060367454068242,,,,,"{""brier"": 0.2505360286427967, ""ece"": 0.05342494874348039}"
RELIANCE,fold_0,ohlcv_plus_technical,0.4493927125506073,0.5555555555555556,0.4060367454068242,,0.2505360245704651,,0.053424948743480416,{}
RELIANCE,fold_0,raw_vs_calibrated,,,,0.2505360245704651,0.2505360245704651,0.053424991938749306,0.053424948743480416,"{""temperature"": 0.9999988079071045}"
RELIANCE,fold_0,plain_lstm,0.5101214574898786,0.5217391304347826,0.4768372703412074,,0.2502407431602478,,0.014116632914253576,{}
RELIANCE,fold_0,attention_vs_plain_lstm,,,,,,,,"{""attention_lstm_accuracy"": 0.4493927125506073, ""plain_lstm_accuracy"": 0.5101214574898786, ""delta_accuracy"": -0.06072874493927127}"
RELIANCE,fold_0,ohlcv_only,0.48582995951417,0.0,0.5671259842519686,,,,,"{""brier"": 0.2502758400332192, ""ece"": 0.023920885947069148}"
SBILIFE,fold_0,attention_lstm,0.4534412955465587,0.16149068322981366,0.45314556462226896,,0.25092896819114685,,0.05384500270430376,{}
SBILIFE,fold_0,attention_lstm_calibrated,0.4534412955465587,0.16149068322981366,0.45314556462226896,,0.25092896819114685,,0.05384500270430376,{}
SBILIFE,fold_0,attention_lstm_raw,0.4534412955465587,0.16149068322981366,0.45314556462226896,,,,,"{""brier"": 0.25092897278413684, ""ece"": 0.05384506061974807}"
SBILIFE,fold_0,ohlcv_plus_technical,0.4534412955465587,0.16149068322981366,0.45314556462226896,,0.25092896819114685,,0.05384500270430376,{}
SBILIFE,fold_0,raw_vs_calibrated,,,,0.25092896819114685,0.25092896819114685,0.05384500270430376,0.05384500270430376,"{""temperature"": 1.0000028610229492}"
SBILIFE,fold_0,plain_lstm,0.4939271255060729,0.6105919003115264,0.4185969992103185,,0.25072431564331055,,0.02489320360697233,{}
SBILIFE,fold_0,attention_vs_plain_lstm,,,,,,,,"{""attention_lstm_accuracy"": 0.4534412955465587, ""plain_lstm_accuracy"": 0.4939271255060729, ""delta_accuracy"": -0.040485829959514164}"
SBILIFE,fold_0,ohlcv_only,0.5303643724696356,0.6931216931216931,0.4697946828112662,,,,,"{""brier"": 0.24938121950413064, ""ece"": 0.016278737469723414}"
SBIN,fold_0,attention_lstm,0.46153846153846156,0.0,0.49485555995251285,,0.25395315885543823,,0.07379400730133057,{}
SBIN,fold_0,attention_lstm_calibrated,0.46153846153846156,0.0,0.49485555995251285,,0.25395315885543823,,0.07379400730133057,{}
SBIN,fold_0,attention_lstm_raw,0.46153846153846156,0.0,0.49485555995251285,,,,,"{""brier"": 0.2561040114130819, ""ece"": 0.0871806536850176}"
SBIN,fold_0,ohlcv_plus_technical,0.46153846153846156,0.0,0.49485555995251285,,0.25395315885543823,,0.07379400730133057,{}
SBIN,fold_0,raw_vs_calibrated,,,,0.2561039924621582,0.25395315885543823,0.08718067407608032,0.07379400730133057,"{""temperature"": 1.3809694051742554}"
SBIN,fold_0,plain_lstm,0.46153846153846156,0.0,0.4930747922437673,,0.2532397508621216,,0.06837460398674011,{}
SBIN,fold_0,attention_vs_plain_lstm,,,,,,,,"{""attention_lstm_accuracy"": 0.46153846153846156, ""plain_lstm_accuracy"": 0.46153846153846156, ""delta_accuracy"": 0.0}"
SBIN,fold_0,ohlcv_only,0.46153846153846156,0.0,0.5193246273578684,,,,,"{""brier"": 0.257374271689063, ""ece"": 0.09425244000759198}"
SHRIRAMFIN,fold_0,attention_lstm,0.5020242914979757,0.49795918367346936,0.5229330708661417,,0.24975678324699402,,0.012856455587665079,{}
SHRIRAMFIN,fold_0,attention_lstm_calibrated,0.5020242914979757,0.49795918367346936,0.5229330708661417,,0.24975678324699402,,0.012856455587665079,{}
SHRIRAMFIN,fold_0,attention_lstm_raw,0.5020242914979757,0.49795918367346936,0.5229330708661417,,,,,"{""brier"": 0.24975679177706991, ""ece"": 0.012856501678706184}"
SHRIRAMFIN,fold_0,ohlcv_plus_technical,0.5020242914979757,0.49795918367346936,0.5229330708661417,,0.24975678324699402,,0.012856455587665079,{}
SHRIRAMFIN,fold_0,raw_vs_calibrated,,,,0.24975678324699402,0.24975678324699402,0.01285649830030526,0.012856455587665079,"{""temperature"": 0.9999704957008362}"
SHRIRAMFIN,fold_0,plain_lstm,0.5344129554655871,0.484304932735426,0.5293307086614174,,0.24909210205078125,,0.0184738599819693,{}
SHRIRAMFIN,fold_0,attention_vs_plain_lstm,,,,,,,,"{""attention_lstm_accuracy"": 0.5020242914979757, ""plain_lstm_accuracy"": 0.5344129554655871, ""delta_accuracy"": -0.03238866396761142}"
SHRIRAMFIN,fold_0,ohlcv_only,0.5020242914979757,0.38190954773869346,0.526706036745407,,,,,"{""brier"": 0.24964477268396576, ""ece"": 0.010152610810662101}"
SUNPHARMA,fold_0,attention_lstm,0.5344129554655871,0.0,0.5070158102766799,,0.248965784907341,,0.012747794389724731,{}
SUNPHARMA,fold_0,attention_lstm_calibrated,0.5344129554655871,0.0,0.5070158102766799,,0.248965784907341,,0.012747794389724731,{}
SUNPHARMA,fold_0,attention_lstm_raw,0.5344129554655871,0.0,0.5070158102766799,,,,,"{""brier"": 0.2489657609920993, ""ece"": 0.012747271220211076}"
SUNPHARMA,fold_0,ohlcv_plus_technical,0.5344129554655871,0.0,0.5070158102766799,,0.248965784907341,,0.012747794389724731,{}
SUNPHARMA,fold_0,raw_vs_calibrated,,,,0.2489657700061798,0.248965784907341,0.01274728775024414,0.012747794389724731,"{""temperature"": 1.000023603439331}"
SUNPHARMA,fold_0,plain_lstm,0.5344129554655871,0.0,0.5322793148880105,,0.24843572080135345,,0.0032806694507598877,{}
SUNPHARMA,fold_0,attention_vs_plain_lstm,,,,,,,,"{""attention_lstm_accuracy"": 0.5344129554655871, ""plain_lstm_accuracy"": 0.5344129554655871, ""delta_accuracy"": 0.0}"
SUNPHARMA,fold_0,ohlcv_only,0.5344129554655871,0.0,0.49183135704874836,,,,,"{""brier"": 0.24888756421611907, ""ece"": 0.005739455642970459}"
TATACONSUM,fold_0,attention_lstm,0.5182186234817814,0.6826666666666666,0.5279017857142858,,0.24932746589183807,,0.02185302972793579,{}
TATACONSUM,fold_0,attention_lstm_calibrated,0.5182186234817814,0.6826666666666666,0.5279017857142858,,0.24932746589183807,,0.02185302972793579,{}
TATACONSUM,fold_0,attention_lstm_raw,0.5182186234817814,0.6826666666666666,0.5279017857142858,,,,,"{""brier"": 0.24932741303564476, ""ece"": 0.021852223496688028}"
TATACONSUM,fold_0,ohlcv_plus_technical,0.5182186234817814,0.6826666666666666,0.5279017857142858,,0.24932746589183807,,0.02185302972793579,{}
TATACONSUM,fold_0,raw_vs_calibrated,,,,0.2493274062871933,0.24932746589183807,0.02185225486755371,0.02185302972793579,"{""temperature"": 0.9999798536300659}"
TATACONSUM,fold_0,plain_lstm,0.5303643724696356,0.6847826086956522,0.5026260504201681,,0.24959731101989746,,0.011182789136523659,{}
TATACONSUM,fold_0,attention_vs_plain_lstm,,,,,,,,"{""attention_lstm_accuracy"": 0.5182186234817814, ""plain_lstm_accuracy"": 0.5303643724696356, ""delta_accuracy"": -0.012145748987854255}"
TATACONSUM,fold_0,ohlcv_only,0.5182186234817814,0.6826666666666666,0.4854582457983193,,,,,"{""brier"": 0.2497554264522129, ""ece"": 0.009226902535087178}"
TATASTEEL,fold_0,attention_lstm,0.4817813765182186,0.0,0.49481355042016806,,0.25319522619247437,,0.057693421840667725,{}
TATASTEEL,fold_0,attention_lstm_calibrated,0.4817813765182186,0.0,0.49481355042016806,,0.25319522619247437,,0.057693421840667725,{}
TATASTEEL,fold_0,attention_lstm_raw,0.4817813765182186,0.0,0.49481355042016806,,,,,"{""brier"": 0.25321222120701675, ""ece"": 0.057832550785319514}"
TATASTEEL,fold_0,ohlcv_plus_technical,0.4817813765182186,0.0,0.49481355042016806,,0.25319522619247437,,0.057693421840667725,{}
TATASTEEL,fold_0,raw_vs_calibrated,,,,0.25321221351623535,0.25319522619247437,0.057832539081573486,0.057693421840667725,"{""temperature"": 1.0035403966903687}"
TATASTEEL,fold_0,plain_lstm,0.4777327935222672,0.044444444444444446,0.49369747899159666,,0.25265541672706604,,0.05563112659010327,{}
TATASTEEL,fold_0,attention_vs_plain_lstm,,,,,,,,"{""attention_lstm_accuracy"": 0.4817813765182186, ""plain_lstm_accuracy"": 0.4777327935222672, ""delta_accuracy"": 0.0040485829959514}"
TATASTEEL,fold_0,ohlcv_only,0.4817813765182186,0.0,0.5502232142857144,,,,,"{""brier"": 0.2518799219464818, ""ece"": 0.048346628302987305}"
TCS,fold_0,attention_lstm,0.4777327935222672,0.6465753424657534,0.48712389961897257,,0.25388941168785095,,0.06091615557670593,{}
TCS,fold_0,attention_lstm_calibrated,0.4777327935222672,0.6465753424657534,0.48712389961897257,,0.25388941168785095,,0.06091615557670593,{}
TCS,fold_0,attention_lstm_raw,0.4777327935222672,0.6465753424657534,0.48712389961897257,,,,,"{""brier"": 0.2539080255974011, ""ece"": 0.06104555183094035}"
TCS,fold_0,ohlcv_plus_technical,0.4777327935222672,0.6465753424657534,0.48712389961897257,,0.25388941168785095,,0.06091615557670593,{}
TCS,fold_0,raw_vs_calibrated,,,,0.2539080083370209,0.25388941168785095,0.06104549765586853,0.06091615557670593,"{""temperature"": 1.0033659934997559}"
TCS,fold_0,plain_lstm,0.4777327935222672,0.6465753424657534,0.5029562475364604,,0.25501614809036255,,0.07433697581291199,{}
TCS,fold_0,attention_vs_plain_lstm,,,,,,,,"{""attention_lstm_accuracy"": 0.4777327935222672, ""plain_lstm_accuracy"": 0.4777327935222672, ""delta_accuracy"": 0.0}"
TCS,fold_0,ohlcv_only,0.4777327935222672,0.6465753424657534,0.4672841939298384,,,,,"{""brier"": 0.25357380018993136, ""ece"": 0.06251941687665002}"
TECHM,fold_0,attention_lstm,0.44534412955465585,0.6162464985994398,0.45852687458526875,,0.2526090443134308,,0.07262906432151794,{}
TECHM,fold_0,attention_lstm_calibrated,0.44534412955465585,0.6162464985994398,0.45852687458526875,,0.2526090443134308,,0.07262906432151794,{}
TECHM,fold_0,attention_lstm_raw,0.44534412955465585,0.6162464985994398,0.45852687458526875,,,,,"{""brier"": 0.2526090777300703, ""ece"": 0.0726292319143349}"
TECHM,fold_0,ohlcv_plus_technical,0.44534412955465585,0.6162464985994398,0.45852687458526875,,0.2526090443134308,,0.07262906432151794,{}
TECHM,fold_0,raw_vs_calibrated,,,,0.2526090741157532,0.2526090443134308,0.07262924313545227,0.07262906432151794,"{""temperature"": 1.0000094175338745}"
TECHM,fold_0,plain_lstm,0.44534412955465585,0.6096866096866097,0.4973457199734572,,0.25251710414886475,,0.07375625017200887,{}
TECHM,fold_0,attention_vs_plain_lstm,,,,,,,,"{""attention_lstm_accuracy"": 0.44534412955465585, ""plain_lstm_accuracy"": 0.44534412955465585, ""delta_accuracy"": 0.0}"
TECHM,fold_0,ohlcv_only,0.44534412955465585,0.6162464985994398,0.429329794293298,,,,,"{""brier"": 0.25480080629414287, ""ece"": 0.08517057910139259}"
TITAN,fold_0,attention_lstm,0.5060728744939271,0.6720430107526881,0.48399999999999993,,0.25217804312705994,,0.04220879077911377,{}
TITAN,fold_0,attention_lstm_calibrated,0.5060728744939271,0.6720430107526881,0.48399999999999993,,0.25217804312705994,,0.04220879077911377,{}
TITAN,fold_0,attention_lstm_raw,0.5060728744939271,0.6720430107526881,0.48399999999999993,,,,,"{""brier"": 0.2521904510929834, ""ece"": 0.04233826123751128}"
TITAN,fold_0,ohlcv_plus_technical,0.5060728744939271,0.6720430107526881,0.48399999999999993,,0.25217804312705994,,0.04220879077911377,{}
TITAN,fold_0,raw_vs_calibrated,,,,0.2521904408931732,0.25217804312705994,0.04233825206756592,0.04220879077911377,"{""temperature"": 1.0027008056640625}"
TITAN,fold_0,plain_lstm,0.5060728744939271,0.6720430107526881,0.5007868852459016,,0.25207316875457764,,0.04463106393814087,{}
TITAN,fold_0,attention_vs_plain_lstm,,,,,,,,"{""attention_lstm_accuracy"": 0.5060728744939271, ""plain_lstm_accuracy"": 0.5060728744939271, ""delta_accuracy"": 0.0}"
TITAN,fold_0,ohlcv_only,0.5060728744939271,0.6720430107526881,0.4074098360655738,,,,,"{""brier"": 0.252572000870568, ""ece"": 0.047703072127060375}"
TRENT,fold_0,attention_lstm,0.5425101214574899,0.6116838487972509,0.5235177865612648,,0.24966304004192352,,0.03846785751914206,{}
TRENT,fold_0,attention_lstm_calibrated,0.5425101214574899,0.6116838487972509,0.5235177865612648,,0.24966304004192352,,0.03846785751914206,{}
TRENT,fold_0,attention_lstm_raw,0.5425101214574899,0.6116838487972509,0.5235177865612648,,,,,"{""brier"": 0.24966303608212984, ""ece"": 0.03846783242244954}"
TRENT,fold_0,ohlcv_plus_technical,0.5425101214574899,0.6116838487972509,0.5235177865612648,,0.24966304004192352,,0.03846785751914206,{}
TRENT,fold_0,raw_vs_calibrated,,,,0.24966304004192352,0.24966304004192352,0.0384678469013106,0.03846785751914206,"{""temperature"": 1.0000042915344238}"
TRENT,fold_0,plain_lstm,0.5263157894736842,0.5411764705882353,0.5214756258234519,,0.24980498850345612,,0.036767191732460666,{}
TRENT,fold_0,attention_vs_plain_lstm,,,,,,,,"{""attention_lstm_accuracy"": 0.5425101214574899, ""plain_lstm_accuracy"": 0.5263157894736842, ""delta_accuracy"": 0.01619433198380571}"
TRENT,fold_0,ohlcv_only,0.5344129554655871,0.6965699208443272,0.4789855072463768,,,,,"{""brier"": 0.24985353870974963, ""ece"": 0.031747939374282774}"
ULTRACEMCO,fold_0,attention_lstm,0.5222672064777328,0.25316455696202533,0.5224262295081967,,0.24990104138851166,,0.016407819894643932,{}
ULTRACEMCO,fold_0,attention_lstm_calibrated,0.5222672064777328,0.25316455696202533,0.5224262295081967,,0.24990104138851166,,0.016407819894643932,{}
ULTRACEMCO,fold_0,attention_lstm_raw,0.5222672064777328,0.25316455696202533,0.5224262295081967,,,,,"{""brier"": 0.24990101430654488, ""ece"": 0.016407804933154174}"
ULTRACEMCO,fold_0,ohlcv_plus_technical,0.5222672064777328,0.25316455696202533,0.5224262295081967,,0.24990104138851166,,0.016407819894643932,{}
ULTRACEMCO,fold_0,raw_vs_calibrated,,,,0.24990101158618927,0.24990104138851166,0.016407819894643932,0.016407819894643932,"{""temperature"": 1.0000028610229492}"
ULTRACEMCO,fold_0,plain_lstm,0.5344129554655871,0.46511627906976744,0.5710819672131147,,0.24937239289283752,,0.029953460823669124,{}
ULTRACEMCO,fold_0,attention_vs_plain_lstm,,,,,,,,"{""attention_lstm_accuracy"": 0.5222672064777328, ""plain_lstm_accuracy"": 0.5344129554655871, ""delta_accuracy"": -0.012145748987854255}"
ULTRACEMCO,fold_0,ohlcv_only,0.4939271255060729,0.0,0.581606557377049,,,,,"{""brier"": 0.2507366175218346, ""ece"": 0.031811976119091645}"
UPL,fold_0,attention_lstm,0.4898785425101215,0.0,0.4805194805194805,,0.25107547640800476,,0.03357565402984619,{}
UPL,fold_0,attention_lstm_calibrated,0.4898785425101215,0.0,0.4805194805194805,,0.25107547640800476,,0.03357565402984619,{}
UPL,fold_0,attention_lstm_raw,0.4898785425101215,0.0,0.4805194805194805,,,,,"{""brier"": 0.251075453112022, ""ece"": 0.033575379414114426}"
UPL,fold_0,ohlcv_plus_technical,0.4898785425101215,0.0,0.4805194805194805,,0.25107547640800476,,0.03357565402984619,{}
UPL,fold_0,raw_vs_calibrated,,,,0.25107547640800476,0.25107547640800476,0.0335753858089447,0.03357565402984619,"{""temperature"": 0.9999889731407166}"
UPL,fold_0,plain_lstm,0.4898785425101215,0.0,0.512331103240194,,0.2508618235588074,,0.03170722723007202,{}
UPL,fold_0,attention_vs_plain_lstm,,,,,,,,"{""attention_lstm_accuracy"": 0.4898785425101215, ""plain_lstm_accuracy"": 0.4898785425101215, ""delta_accuracy"": 0.0}"
UPL,fold_0,ohlcv_only,0.4898785425101215,0.0,0.6026498753771482,,,,,"{""brier"": 0.2505671681791603, ""ece"": 0.038728352138388045}"
WIPRO,fold_0,attention_lstm,0.46558704453441296,0.6353591160220995,0.4281949934123847,,0.2538187801837921,,0.06194797158241272,{}
WIPRO,fold_0,attention_lstm_calibrated,0.46558704453441296,0.6353591160220995,0.4281949934123847,,0.2538187801837921,,0.06194797158241272,{}
WIPRO,fold_0,attention_lstm_raw,0.46558704453441296,0.6353591160220995,0.4281949934123847,,,,,"{""brier"": 0.2538188180626079, ""ece"": 0.06194806653960999}"
WIPRO,fold_0,ohlcv_plus_technical,0.46558704453441296,0.6353591160220995,0.4281949934123847,,0.2538187801837921,,0.06194797158241272,{}
WIPRO,fold_0,raw_vs_calibrated,,,,0.2538188099861145,0.2538187801837921,0.06194809079170227,0.06194797158241272,"{""temperature"": 1.0000053644180298}"
WIPRO,fold_0,plain_lstm,0.46558704453441296,0.6353591160220995,0.47654808959156786,,0.2544088065624237,,0.0699932873249054,{}
WIPRO,fold_0,attention_vs_plain_lstm,,,,,,,,"{""attention_lstm_accuracy"": 0.46558704453441296, ""plain_lstm_accuracy"": 0.46558704453441296, ""delta_accuracy"": 0.0}"
WIPRO,fold_0,ohlcv_only,0.46558704453441296,0.6353591160220995,0.45177865612648227,,,,,"{""brier"": 0.25550884181952943, ""ece"": 0.07811416305511104}"
ADANIENT,fold_1,attention_lstm,0.4816326530612245,0.650137741046832,0.5210196183104231,,0.25332877039909363,,0.06191205978393555,{}
ADANIENT,fold_1,attention_lstm_calibrated,0.4816326530612245,0.650137741046832,0.5210196183104231,,0.25332877039909363,,0.06191205978393555,{}
ADANIENT,fold_1,attention_lstm_raw,0.4816326530612245,0.650137741046832,0.5210196183104231,,,,,"{""brier"": 0.2533156363363755, ""ece"": 0.06180523585300057}"
ADANIENT,fold_1,ohlcv_plus_technical,0.4816326530612245,0.650137741046832,0.5210196183104231,,0.25332877039909363,,0.06191205978393555,{}
ADANIENT,fold_1,raw_vs_calibrated,,,,0.25331562757492065,0.25332877039909363,0.06180524826049805,0.06191205978393555,"{""temperature"": 0.9975319504737854}"
ADANIENT,fold_1,plain_lstm,0.4816326530612245,0.650137741046832,0.49439476845055386,,0.25508570671081543,,0.06978130340576172,{}
ADANIENT,fold_1,attention_vs_plain_lstm,,,,,,,,"{""attention_lstm_accuracy"": 0.4816326530612245, ""plain_lstm_accuracy"": 0.4816326530612245, ""delta_accuracy"": 0.0}"
ADANIENT,fold_1,ohlcv_only,0.4816326530612245,0.650137741046832,0.4983985052715868,,,,,"{""brier"": 0.2557577218132511, ""ece"": 0.07816338417481405}"
APOLLOHOSP,fold_1,attention_lstm,0.49795918367346936,0.6648501362397821,0.4717779554844729,,0.25083619356155396,,0.02607870101928711,{}
APOLLOHOSP,fold_1,attention_lstm_calibrated,0.49795918367346936,0.6648501362397821,0.4717779554844729,,0.25083619356155396,,0.02607870101928711,{}
APOLLOHOSP,fold_1,attention_lstm_raw,0.49795918367346936,0.6648501362397821,0.4717779554844729,,,,,"{""brier"": 0.2508395115501891, ""ece"": 0.02613526144806222}"
APOLLOHOSP,fold_1,ohlcv_plus_technical,0.49795918367346936,0.6648501362397821,0.4717779554844729,,0.25083619356155396,,0.02607870101928711,{}
APOLLOHOSP,fold_1,raw_vs_calibrated,,,,0.250839501619339,0.25083619356155396,0.026135265827178955,0.02607870101928711,"{""temperature"": 1.0023562908172607}"
APOLLOHOSP,fold_1,plain_lstm,0.49795918367346936,0.6648501362397821,0.5019992003198721,,0.25055238604545593,,0.02323901653289795,{}
APOLLOHOSP,fold_1,attention_vs_plain_lstm,,,,,,,,"{""attention_lstm_accuracy"": 0.49795918367346936, ""plain_lstm_accuracy"": 0.49795918367346936, ""delta_accuracy"": 0.0}"
APOLLOHOSP,fold_1,ohlcv_only,0.49795918367346936,0.6648501362397821,0.49856723977075834,,,,,"{""brier"": 0.25015001662606906, ""ece"": 0.011877458922717077}"
ASIANPAINT,fold_1,attention_lstm,0.4326530612244898,0.24043715846994534,0.4730128893662728,,0.2537009119987488,,0.09082049070572366,{}
ASIANPAINT,fold_1,attention_lstm_calibrated,0.4326530612244898,0.24043715846994534,0.4730128893662728,,0.2537009119987488,,0.09082049070572366,{}
ASIANPAINT,fold_1,attention_lstm_raw,0.4326530612244898,0.24043715846994534,0.4730128893662728,,,,,"{""brier"": 0.25370099277083585, ""ece"": 0.09082086487692226}"
ASIANPAINT,fold_1,ohlcv_plus_technical,0.4326530612244898,0.24043715846994534,0.4730128893662728,,0.2537009119987488,,0.09082049070572366,{}
ASIANPAINT,fold_1,raw_vs_calibrated,,,,0.25370100140571594,0.2537009119987488,0.0908208830016,0.09082049070572366,"{""temperature"": 1.0000171661376953}"
ASIANPAINT,fold_1,plain_lstm,0.4897959183673469,0.2331288343558282,0.44743555316863587,,0.2518645226955414,,0.05478288446153913,{}
ASIANPAINT,fold_1,attention_vs_plain_lstm,,,,,,,,"{""attention_lstm_accuracy"": 0.4326530612244898, ""plain_lstm_accuracy"": 0.4897959183673469, ""delta_accuracy"": -0.057142857142857106}"
ASIANPAINT,fold_1,ohlcv_only,0.45714285714285713,0.0,0.5040279269602578,,,,,"{""brier"": 0.2526452365685557, ""ece"": 0.06693752858103535}"
AXISBANK,fold_1,attention_lstm,0.46938775510204084,0.0,0.4993311036789298,,0.25263723731040955,,0.05974879860877991,{}
AXISBANK,fold_1,attention_lstm_calibrated,0.46938775510204084,0.0,0.4993311036789298,,0.25263723731040955,,0.05974879860877991,{}
AXISBANK,fold_1,attention_lstm_raw,0.46938775510204084,0.0,0.4993311036789298,,,,,"{""brier"": 0.2526446195086414, ""ece"": 0.059810059897753676}"
AXISBANK,fold_1,ohlcv_plus_technical,0.46938775510204084,0.0,0.4993311036789298,,0.25263723731040955,,0.05974879860877991,{}
AXISBANK,fold_1,raw_vs_calibrated,,,,0.2526445984840393,0.25263723731040955,0.05981001257896423,0.05974879860877991,"{""temperature"": 1.0021079778671265}"
AXISBANK,fold_1,plain_lstm,0.46938775510204084,0.0,0.5253511705685618,,0.2523414194583893,,0.05780932307243347,{}
AXISBANK,fold_1,attention_vs_plain_lstm,,,,,,,,"{""attention_lstm_accuracy"": 0.46938775510204084, ""plain_lstm_accuracy"": 0.46938775510204084, ""delta_accuracy"": 0.0}"
AXISBANK,fold_1,ohlcv_only,0.46938775510204084,0.0,0.5072909698996655,,,,,"{""brier"": 0.2530124382173364, ""ece"": 0.06385060658260272}"
BAJAJ-AUTO,fold_1,attention_lstm,0.46938775510204084,0.0,0.4944481605351171,,0.2517727315425873,,0.05131566524505615,{}
BAJAJ-AUTO,fold_1,attention_lstm_calibrated,0.46938775510204084,0.0,0.4944481605351171,,0.2517727315425873,,0.05131566524505615,{}
BAJAJ-AUTO,fold_1,attention_lstm_raw,0.46938775510204084,0.0,0.4944481605351171,,,,,"{""brier"": 0.25177278013793536, ""ece"": 0.05131599112432833}"
BAJAJ-AUTO,fold_1,ohlcv_plus_technical,0.46938775510204084,0.0,0.4944481605351171,,0.2517727315425873,,0.05131566524505615,{}
BAJAJ-AUTO,fold_1,raw_vs_calibrated,,,,0.25177276134490967,0.2517727315425873,0.05131596326828003,0.05131566524505615,"{""temperature"": 1.0000134706497192}"
BAJAJ-AUTO,fold_1,plain_lstm,0.46938775510204084,0.0,0.4985953177257525,,0.25189870595932007,,0.05407807230949402,{}
BAJAJ-AUTO,fold_1,attention_vs_plain_lstm,,,,,,,,"{""attention_lstm_accuracy"": 0.46938775510204084, ""plain_lstm_accuracy"": 0.46938775510204084, ""delta_accuracy"": 0.0}"
BAJAJ-AUTO,fold_1,ohlcv_only,0.46938775510204084,0.0,0.47545150501672245,,,,,"{""brier"": 0.25571768550676527, ""ece"": 0.07927684929906109}"
BAJAJFINSV,fold_1,attention_lstm,0.49795918367346936,0.6648501362397821,0.4979341596694655,,0.25063180923461914,,0.02511078119277954,{}
BAJAJFINSV,fold_1,attention_lstm_calibrated,0.49795918367346936,0.6648501362397821,0.4979341596694655,,0.25063180923461914,,0.02511078119277954,{}
BAJAJFINSV,fold_1,attention_lstm_raw,0.49795918367346936,0.6648501362397821,0.4979341596694655,,,,,"{""brier"": 0.2506341812338811, ""ece"": 0.025157793930598693}"
BAJAJFINSV,fold_1,ohlcv_plus_technical,0.49795918367346936,0.6648501362397821,0.4979341596694655,,0.25063180923461914,,0.02511078119277954,{}
BAJAJFINSV,fold_1,raw_vs_calibrated,,,,0.25063416361808777,0.25063180923461914,0.02515774965286255,0.02511078119277954,"{""temperature"": 1.0020390748977661}"
BAJAJFINSV,fold_1,plain_lstm,0.49795918367346936,0.6648501362397821,0.4967346394775423,,0.25059792399406433,,0.02362978458404541,{}
BAJAJFINSV,fold_1,attention_vs_plain_lstm,,,,,,,,"{""attention_lstm_accuracy"": 0.49795918367346936, ""plain_lstm_accuracy"": 0.49795918367346936, ""delta_accuracy"": 0.0}"
BAJAJFINSV,fold_1,ohlcv_only,0.49795918367346936,0.6648501362397821,0.4848060775689724,,,,,"{""brier"": 0.25091056674297013, ""ece"": 0.02954477898928587}"
BAJFINANCE,fold_1,attention_lstm,0.5183673469387755,0.5815602836879432,0.5190844788469239,,0.24992124736309052,,0.02229998452322824,{}
BAJFINANCE,fold_1,attention_lstm_calibrated,0.5183673469387755,0.5815602836879432,0.5190844788469239,,0.24992124736309052,,0.02229998452322824,{}
BAJFINANCE,fold_1,attention_lstm_raw,0.5183673469387755,0.5815602836879432,0.5190844788469239,,,,,"{""brier"": 0.24992125631552572, ""ece"": 0.022299980752322153}"
BAJFINANCE,fold_1,ohlcv_plus_technical,0.5183673469387755,0.5815602836879432,0.5190844788469239,,0.24992124736309052,,0.02229998452322824,{}
BAJFINANCE,fold_1,raw_vs_calibrated,,,,0.24992124736309052,0.24992124736309052,0.02229998452322824,0.02229998452322824,"{""temperature"": 0.9999982118606567}"
BAJFINANCE,fold_1,plain_lstm,0.49795918367346936,0.5913621262458472,0.5002669157880688,,0.250887930393219,,0.030878757700628163,{}
BAJFINANCE,fold_1,attention_vs_plain_lstm,,,,,,,,"{""attention_lstm_accuracy"": 0.5183673469387755, ""plain_lstm_accuracy"": 0.49795918367346936, ""delta_accuracy"": 0.020408163265306145}"
BAJFINANCE,fold_1,ohlcv_only,0.5183673469387755,0.0,0.44988656079007067,,,,,"{""brier"": 0.24998686982018492, ""ece"": 0.017652075144709345}"
BHARTIARTL,fold_1,attention_lstm,0.49795918367346936,0.0,0.5091963214714115,,0.25134384632110596,,0.0368553102016449,{}
BHARTIARTL,fold_1,attention_lstm_calibrated,0.49795918367346936,0.0,0.5091963214714115,,0.25134384632110596,,0.0368553102016449,{}
BHARTIARTL,fold_1,attention_lstm_raw,0.49795918367346936,0.0,0.5091963214714115,,,,,"{""brier"": 0.252284514493381, ""ece"": 0.04796708141054429}"
BHARTIARTL,fold_1,ohlcv_plus_technical,0.49795918367346936,0.0,0.5091963214714115,,0.25134384632110596,,0.0368553102016449,{}
BHARTIARTL,fold_1,raw_vs_calibrated,,,,0.25228452682495117,0.25134384632110596,0.04796704649925232,0.0368553102016449,"{""temperature"": 1.3207728862762451}"
BHARTIARTL,fold_1,plain_lstm,0.49795918367346936,0.0,0.46754631480741043,,0.2515884339809418,,0.037794262170791626,{}
BHARTIARTL,fold_1,attention_vs_plain_lstm,,,,,,,,"{""attention_lstm_accuracy"": 0.49795918367346936, ""plain_lstm_accuracy"": 0.49795918367346936, ""delta_accuracy"": 0.0}"
BHARTIARTL,fold_1,ohlcv_only,0.49795918367346936,0.0,0.49853391976542716,,,,,"{""brier"": 0.2530939573042466, ""ece"": 0.05549938021873946}"
BPCL,fold_1,attention_lstm,0.5428571428571428,0.6387096774193548,0.5199785465272191,,0.24956941604614258,,0.03490736375049669,{}
BPCL,fold_1,attention_lstm_calibrated,0.5428571428571428,0.6387096774193548,0.5199785465272191,,0.24956941604614258,,0.03490736375049669,{}
BPCL,fold_1,attention_lstm_raw,0.5428571428571428,0.6387096774193548,0.5199785465272191,,,,,"{""brier"": 0.24956943153190383, ""ece"": 0.03490720111496597}"
BPCL,fold_1,ohlcv_plus_technical,0.5428571428571428,0.6387096774193548,0.5199785465272191,,0.24956941604614258,,0.03490736375049669,{}
BPCL,fold_1,raw_vs_calibrated,,,,0.24956941604614258,0.24956941604614258,0.03490718493656236,0.03490736375049669,"{""temperature"": 1.0000193119049072}"
BPCL,fold_1,plain_lstm,0.5224489795918368,0.5482625482625483,0.5161571466881202,,0.250713050365448,,0.041648694203824416,{}
BPCL,fold_1,attention_vs_plain_lstm,,,,,,,,"{""attention_lstm_accuracy"": 0.5428571428571428, ""plain_lstm_accuracy"": 0.5224489795918368, ""delta_accuracy"": 0.020408163265306034}"
BPCL,fold_1,ohlcv_only,0.5306122448979592,0.6483180428134556,0.5207830517565031,,,,,"{""brier"": 0.2495341657467607, ""ece"": 0.03326228492114004}"
BRITANNIA,fold_1,attention_lstm,0.5306122448979592,0.4549763033175355,0.5389366272824919,,0.24983306229114532,,0.04423882839631061,{}
BRITANNIA,fold_1,attention_lstm_calibrated,0.5306122448979592,0.4549763033175355,0.5389366272824919,,0.24983306229114532,,0.04423882839631061,{}
BRITANNIA,fold_1,attention_lstm_raw,0.5306122448979592,0.4549763033175355,0.5389366272824919,,,,,"{""brier"": 0.24983303871788987, ""ece"": 0.044238769156592236}"
BRITANNIA,fold_1,ohlcv_plus_technical,0.5306122448979592,0.4549763033175355,0.5389366272824919,,0.24983306229114532,,0.04423882839631061,{}
BRITANNIA,fold_1,raw_vs_calibrated,,,,0.24983306229114532,0.24983306229114532,0.04423878776783846,0.04423882839631061,"{""temperature"": 0.9999937415122986}"
BRITANNIA,fold_1,plain_lstm,0.5061224489795918,0.4423963133640553,0.5211466165413534,,0.2500200569629669,,0.0471672066620418,{}
BRITANNIA,fold_1,attention_vs_plain_lstm,,,,,,,,"{""attention_lstm_accuracy"": 0.5306122448979592, ""plain_lstm_accuracy"": 0.5061224489795918, ""delta_accuracy"": 0.02448979591836742}"
BRITANNIA,fold_1,ohlcv_only,0.45714285714285713,0.0,0.5089957035445758,,,,,"{""brier"": 0.2510620741176037, ""ece"": 0.05451392142140132}"
CIPLA,fold_1,attention_lstm,0.5061224489795918,0.0,0.48233804318848306,,0.25046560168266296,,0.020291775465011597,{}
CIPLA,fold_1,attention_lstm_calibrated,0.5061224489795918,0.0,0.48233804318848306,,0.25046560168266296,,0.020291775465011597,{}
CIPLA,fold_1,attention_lstm_raw,0.5061224489795918,0.0,0.482338043188483,,,,,"{""brier"": 0.25046558902023247, ""ece"": 0.02029115910432777}"
CIPLA,fold_1,ohlcv_plus_technical,0.5061224489795918,0.0,0.48233804318848306,,0.25046560168266296,,0.020291775465011597,{}
CIPLA,fold_1,raw_vs_calibrated,,,,0.25046560168266296,0.25046560168266296,0.020291179418563843,0.020291775465011597,"{""temperature"": 0.9999769330024719}"
CIPLA,fold_1,plain_lstm,0.5061224489795918,0.0,0.4814049586776859,,0.25086066126823425,,0.025154978036880493,{}
CIPLA,fold_1,attention_vs_plain_lstm,,,,,,,,"{""attention_lstm_accuracy"": 0.5061224489795918, ""plain_lstm_accuracy"": 0.5061224489795918, ""delta_accuracy"": 0.0}"
CIPLA,fold_1,ohlcv_only,0.5061224489795918,0.0,0.4433817648627032,,,,,"{""brier"": 0.25064347228904216, ""ece"": 0.023741162188199105}"
COALINDIA,fold_1,attention_lstm,0.4897959183673469,0.0,0.4772666666666667,,0.2504478991031647,,0.022135943174362183,{}
COALINDIA,fold_1,attention_lstm_calibrated,0.4897959183673469,0.0,0.4772666666666667,,0.2504478991031647,,0.022135943174362183,{}
COALINDIA,fold_1,attention_lstm_raw,0.4897959183673469,0.0,0.4772666666666667,,,,,"{""brier"": 0.25044793452068925, ""ece"": 0.022136934071171066}"
COALINDIA,fold_1,ohlcv_plus_technical,0.4897959183673469,0.0,0.4772666666666667,,0.2504478991031647,,0.022135943174362183,{}
COALINDIA,fold_1,raw_vs_calibrated,,,,0.25044792890548706,0.2504478991031647,0.022136926651000977,0.022135943174362183,"{""temperature"": 1.000084638595581}"
COALINDIA,fold_1,plain_lstm,0.4897959183673469,0.0,0.4891333333333334,,0.2509482204914093,,0.031077265739440918,{}
COALINDIA,fold_1,attention_vs_plain_lstm,,,,,,,,"{""attention_lstm_accuracy"": 0.4897959183673469, ""plain_lstm_accuracy"": 0.4897959183673469, ""delta_accuracy"": 0.0}"
COALINDIA,fold_1,ohlcv_only,0.4897959183673469,0.0,0.4965666666666667,,,,,"{""brier"": 0.2508040692479103, ""ece"": 0.029248421897693555}"
DIVISLAB,fold_1,attention_lstm,0.5061224489795918,0.6720867208672087,0.46680885097307384,,0.25044429302215576,,0.014631867408752441,{}
DIVISLAB,fold_1,attention_lstm_calibrated,0.5061224489795918,0.6720867208672087,0.46680885097307384,,0.25044429302215576,,0.014631867408752441,{}
DIVISLAB,fold_1,attention_lstm_raw,0.5061224489795918,0.6720867208672087,0.46680885097307384,,,,,"{""brier"": 0.2504443156672945, ""ece"": 0.014632192193245408}"
DIVISLAB,fold_1,ohlcv_plus_technical,0.5061224489795918,0.6720867208672087,0.46680885097307384,,0.25044429302215576,,0.014631867408752441,{}
DIVISLAB,fold_1,raw_vs_calibrated,,,,0.25044432282447815,0.25044429302215576,0.014632165431976318,0.014631867408752441,"{""temperature"": 1.0000169277191162}"
DIVISLAB,fold_1,plain_lstm,0.5020408163265306,0.659217877094972,0.4769394828045854,,0.25096309185028076,,0.027863120911072712,{}
DIVISLAB,fold_1,attention_vs_plain_lstm,,,,,,,,"{""attention_lstm_accuracy"": 0.5061224489795918, ""plain_lstm_accuracy"": 0.5020408163265306, ""delta_accuracy"": 0.004081632653061162}"
DIVISLAB,fold_1,ohlcv_only,0.5061224489795918,0.6720867208672087,0.4534124233537723,,,,,"{""brier"": 0.25022398610432106, ""ece"": 0.011392737651357843}"
DRREDDY,fold_1,attention_lstm,0.5510204081632653,0.7105263157894737,0.5397306397306397,,0.24879895150661469,,0.040055692195892334,{}
DRREDDY,fold_1,attention_lstm_calibrated,0.5510204081632653,0.7105263157894737,0.5397306397306397,,0.24879895150661469,,0.040055692195892334,{}
DRREDDY,fold_1,attention_lstm_raw,0.5510204081632653,0.7105263157894737,0.5397306397306397,,,,,"{""brier"": 0.24879891994694442, ""ece"": 0.040055506326714285}"
DRREDDY,fold_1,ohlcv_plus_technical,0.5510204081632653,0.7105263157894737,0.5397306397306397,,0.24879895150661469,,0.040055692195892334,{}
DRREDDY,fold_1,raw_vs_calibrated,,,,0.2487989366054535,0.24879895150661469,0.04005545377731323,0.040055692195892334,"{""temperature"": 1.0000207424163818}"
DRREDDY,fold_1,plain_lstm,0.563265306122449,0.65814696485623,0.5304713804713804,,0.24869340658187866,,0.05115228879208468,{}
DRREDDY,fold_1,attention_vs_plain_lstm,,,,,,,,"{""attention_lstm_accuracy"": 0.5510204081632653, ""plain_lstm_accuracy"": 0.563265306122449, ""delta_accuracy"": -0.01224489795918371}"
DRREDDY,fold_1,ohlcv_only,0.5510204081632653,0.7105263157894737,0.4187205387205387,,,,,"{""brier"": 0.24973603566188088, ""ece"": 0.04108371442678016}"
EICHERMOT,fold_1,attention_lstm,0.46938775510204084,0.0,0.5354515050167223,,0.25419124960899353,,0.07372626662254333,{}
EICHERMOT,fold_1,attention_lstm_calibrated,0.46938775510204084,0.0,0.5354515050167223,,0.25419124960899353,,0.07372626662254333,{}
EICHERMOT,fold_1,attention_lstm_raw,0.46938775510204084,0.0,0.5354515050167223,,,,,"{""brier"": 0.25419231450603147, ""ece"": 0.07373391754773201}"
EICHERMOT,fold_1,ohlcv_plus_technical,0.46938775510204084,0.0,0.5354515050167223,,0.25419124960899353,,0.07372626662254333,{}
EICHERMOT,fold_1,raw_vs_calibrated,,,,0.2541922926902771,0.25419124960899353,0.0737338662147522,0.07372626662254333,"{""temperature"": 1.0001782178878784}"
EICHERMOT,fold_1,plain_lstm,0.46938775510204084,0.0,0.5362541806020067,,0.2542480528354645,,0.07374277710914612,{}
EICHERMOT,fold_1,attention_vs_plain_lstm,,,,,,,,"{""attention_lstm_accuracy"": 0.46938775510204084, ""plain_lstm_accuracy"": 0.46938775510204084, ""delta_accuracy"": 0.0}"
EICHERMOT,fold_1,ohlcv_only,0.46938775510204084,0.0,0.5107692307692308,,,,,"{""brier"": 0.2547946572373613, ""ece"": 0.07693802483227791}"
GRASIM,fold_1,attention_lstm,0.4448979591836735,0.0,0.5017876416621694,,0.2505083978176117,,0.05949920415878296,{}
GRASIM,fold_1,attention_lstm_calibrated,0.4448979591836735,0.0,0.5017876416621694,,0.2505083978176117,,0.05949920415878296,{}
GRASIM,fold_1,attention_lstm_raw,0.4448979591836735,0.0,0.5017876416621694,,,,,"{""brier"": 0.25050840860917084, ""ece"": 0.059499214498364206}"
GRASIM,fold_1,ohlcv_plus_technical,0.4448979591836735,0.0,0.5017876416621694,,0.2505083978176117,,0.05949920415878296,{}
GRASIM,fold_1,raw_vs_calibrated,,,,0.2505083978176117,0.2505083978176117,0.05949923396110535,0.05949920415878296,"{""temperature"": 1.0000048875808716}"
GRASIM,fold_1,plain_lstm,0.4857142857142857,0.5531914893617021,0.4806395035078251,,0.25000301003456116,,0.05482918571452706,{}
GRASIM,fold_1,attention_vs_plain_lstm,,,,,,,,"{""attention_lstm_accuracy"": 0.4448979591836735, ""plain_lstm_accuracy"": 0.4857142857142857, ""delta_accuracy"": -0.040816326530612235}"
GRASIM,fold_1,ohlcv_only,0.4448979591836735,0.0,0.5068132757690231,,,,,"{""brier"": 0.25023583254219695, ""ece"": 0.057266731164893336}"
HCLTECH,fold_1,attention_lstm,0.5346938775510204,0.6968085106382979,0.5483460559796437,,0.24851933121681213,,0.004678308963775635,{}
HCLTECH,fold_1,attention_lstm_calibrated,0.5346938775510204,0.6968085106382979,0.5483460559796437,,0.24851933121681213,,0.004678308963775635,{}
HCLTECH,fold_1,attention_lstm_raw,0.5346938775510204,0.6968085106382979,0.5483460559796437,,,,,"{""brier"": 0.24843324979961945, ""ece"": 0.0055074039770632854}"
HCLTECH,fold_1,ohlcv_plus_technical,0.5346938775510204,0.6968085106382979,0.5483460559796437,,0.24851933121681213,,0.004678308963775635,{}
HCLTECH,fold_1,raw_vs_calibrated,,,,0.24843324720859528,0.24851933121681213,0.005507349967956543,0.004678308963775635,"{""temperature"": 1.3406877517700195}"
HCLTECH,fold_1,plain_lstm,0.5346938775510204,0.6968085106382979,0.4977233159233963,,0.24911333620548248,,0.0016940832138061523,{}
HCLTECH,fold_1,attention_vs_plain_lstm,,,,,,,,"{""attention_lstm_accuracy"": 0.5346938775510204, ""plain_lstm_accuracy"": 0.5346938775510204, ""delta_accuracy"": 0.0}"
HCLTECH,fold_1,ohlcv_only,0.5346938775510204,0.6968085106382979,0.49353823490022763,,,,,"{""brier"": 0.24891984153097363, ""ece"": 0.010519794785246561}"
HDFCBANK,fold_1,attention_lstm,0.47346938775510206,0.0,0.4419941192194601,,0.2512986660003662,,0.04156738519668579,{}
HDFCBANK,fold_1,attention_lstm_calibrated,0.47346938775510206,0.0,0.4419941192194601,,0.2512986660003662,,0.04156738519668579,{}
HDFCBANK,fold_1,attention_lstm_raw,0.47346938775510206,0.0,0.4419941192194601,,,,,"{""brier"": 0.2512987165553135, ""ece"": 0.04156773029541483}"
HDFCBANK,fold_1,ohlcv_plus_technical,0.47346938775510206,0.0,0.4419941192194601,,0.2512986660003662,,0.04156738519668579,{}
HDFCBANK,fold_1,raw_vs_calibrated,,,,0.251298725605011,0.2512986660003662,0.04156774282455444,0.04156738519668579,"{""temperature"": 1.0000255107879639}"
HDFCBANK,fold_1,plain_lstm,0.47346938775510206,0.0,0.4922480620155039,,0.2522013485431671,,0.0536370575428009,{}
HDFCBANK,fold_1,attention_vs_plain_lstm,,,,,,,,"{""attention_lstm_accuracy"": 0.47346938775510206, ""plain_lstm_accuracy"": 0.47346938775510206, ""delta_accuracy"": 0.0}"
HDFCBANK,fold_1,ohlcv_only,0.47346938775510206,0.0,0.499164661855119,,,,,"{""brier"": 0.2514459217548683, ""ece"": 0.04678729930702519}"
HEROMOTOCO,fold_1,attention_lstm,0.5020408163265306,0.39,0.514030612244898,,0.25073930621147156,,0.04952809518697311,{}
HEROMOTOCO,fold_1,attention_lstm_calibrated,0.5020408163265306,0.39,0.514030612244898,,0.25073930621147156,,0.04952809518697311,{}
HEROMOTOCO,fold_1,attention_lstm_raw,0.5020408163265306,0.39,0.514030612244898,,,,,"{""brier"": 0.2507392940693372, ""ece"": 0.04952788632743208}"
HEROMOTOCO,fold_1,ohlcv_plus_technical,0.5020408163265306,0.39,0.514030612244898,,0.25073930621147156,,0.04952809518697311,{}
HEROMOTOCO,fold_1,raw_vs_calibrated,,,,0.25073930621147156,0.25073930621147156,0.049527868202754434,0.04952809518697311,"{""temperature"": 0.9999721050262451}"
HEROMOTOCO,fold_1,plain_lstm,0.43673469387755104,0.3235294117647059,0.4528061224489795,,0.2584661543369293,,0.10330740772947973,{}
HEROMOTOCO,fold_1,attention_vs_plain_lstm,,,,,,,,"{""attention_lstm_accuracy"": 0.5020408163265306, ""plain_lstm_accuracy"": 0.43673469387755104, ""delta_accuracy"": 0.0653061224489796}"
HEROMOTOCO,fold_1,ohlcv_only,0.5469387755102041,0.44776119402985076,0.5322234156820623,,,,,"{""brier"": 0.25026898166217537, ""ece"": 0.051320477529447905}"
HINDALCO,fold_1,attention_lstm,0.4816326530612245,0.0,0.4643000133457894,,0.25084730982780457,,0.03289228677749634,{}
HINDALCO,fold_1,attention_lstm_calibrated,0.4816326530612245,0.0,0.4643000133457894,,0.25084730982780457,,0.03289228677749634,{}
HINDALCO,fold_1,attention_lstm_raw,0.4816326530612245,0.0,0.4643000133457894,,,,,"{""brier"": 0.25084728805612194, ""ece"": 0.032892204669057123}"
HINDALCO,fold_1,ohlcv_plus_technical,0.4816326530612245,0.0,0.4643000133457894,,0.25084730982780457,,0.03289228677749634,{}
HINDALCO,fold_1,raw_vs_calibrated,,,,0.25084730982780457,0.25084730982780457,0.03289222717285156,0.03289228677749634,"{""temperature"": 0.9999966621398926}"
HINDALCO,fold_1,plain_lstm,0.4816326530612245,0.0,0.4890564526891765,,0.25130942463874817,,0.041188955307006836,{}
HINDALCO,fold_1,attention_vs_plain_lstm,,,,,,,,"{""attention_lstm_accuracy"": 0.4816326530612245, ""plain_lstm_accuracy"": 0.4816326530612245, ""delta_accuracy"": 0.0}"
HINDALCO,fold_1,ohlcv_only,0.4816326530612245,0.0,0.4659682370212198,,,,,"{""brier"": 0.2522758736304948, ""ece"": 0.050398314364102414}"
HINDUNILVR,fold_1,attention_lstm,0.5183673469387755,0.6013513513513513,0.5531120884979341,,0.24868392944335938,,0.02319442581157295,{}
HINDUNILVR,fold_1,attention_lstm_calibrated,0.5183673469387755,0.6013513513513513,0.5531120884979341,,0.24868392944335938,,0.02319442581157295,{}
HINDUNILVR,fold_1,attention_lstm_raw,0.5183673469387755,0.6013513513513513,0.5531120884979341,,,,,"{""brier"": 0.24868408944793272, ""ece"": 0.023204481966641512}"
HINDUNILVR,fold_1,ohlcv_plus_technical,0.5183673469387755,0.6013513513513513,0.5531120884979341,,0.24868392944335938,,0.02319442581157295,{}
HINDUNILVR,fold_1,raw_vs_calibrated,,,,0.24868406355381012,0.24868392944335938,0.023204458368067837,0.02319442581157295,"{""temperature"": 1.0004782676696777}"
HINDUNILVR,fold_1,plain_lstm,0.5142857142857142,0.6198083067092651,0.5140610422497668,,0.2500762641429901,,0.016837506148279932,{}
HINDUNILVR,fold_1,attention_vs_plain_lstm,,,,,,,,"{""attention_lstm_accuracy"": 0.5183673469387755, ""plain_lstm_accuracy"": 0.5142857142857142, ""delta_accuracy"": 0.004081632653061273}"
HINDUNILVR,fold_1,ohlcv_only,0.5020408163265306,0.0,0.5715713714514195,,,,,"{""brier"": 0.24982003736611302, ""ece"": 0.0027635447833002647}"
ICICIBANK,fold_1,attention_lstm,0.45714285714285713,0.0,0.5129564983888293,,0.25044313073158264,,0.04789489507675171,{}
ICICIBANK,fold_1,attention_lstm_calibrated,0.45714285714285713,0.0,0.5129564983888293,,0.25044313073158264,,0.04789489507675171,{}
ICICIBANK,fold_1,attention_lstm_raw,0.45714285714285713,0.0,0.5129564983888293,,,,,"{""brier"": 0.25044313173615834, ""ece"": 0.047894869166977494}"
ICICIBANK,fold_1,ohlcv_plus_technical,0.45714285714285713,0.0,0.5129564983888293,,0.25044313073158264,,0.04789489507675171,{}
ICICIBANK,fold_1,raw_vs_calibrated,,,,0.25044313073158264,0.25044313073158264,0.04789489507675171,0.04789489507675171,"{""temperature"": 0.9999969005584717}"
ICICIBANK,fold_1,plain_lstm,0.5061224489795918,0.5468164794007491,0.5137620837808808,,0.2497544139623642,,0.04188287331133472,{}
ICICIBANK,fold_1,attention_vs_plain_lstm,,,,,,,,"{""attention_lstm_accuracy"": 0.45714285714285713, ""plain_lstm_accuracy"": 0.5061224489795918, ""delta_accuracy"": -0.04897959183673467}"
ICICIBANK,fold_1,ohlcv_only,0.5428571428571428,0.7037037037037037,0.5102712137486574,,,,,"{""brier"": 0.249336220360856, ""ece"": 0.03474240984235488}"
INDIGO,fold_1,attention_lstm,0.46530612244897956,0.3350253807106599,0.4919786096256684,,0.25213176012039185,,0.09391738516943796,{}
INDIGO,fold_1,attention_lstm_calibrated,0.46530612244897956,0.3350253807106599,0.4919786096256684,,0.25213176012039185,,0.09391738516943796,{}
INDIGO,fold_1,attention_lstm_raw,0.46530612244897956,0.3350253807106599,0.4919786096256684,,,,,"{""brier"": 0.2521316589277224, ""ece"": 0.0939170809424654}"
INDIGO,fold_1,ohlcv_plus_technical,0.46530612244897956,0.3350253807106599,0.4919786096256684,,0.25213176012039185,,0.09391738516943796,{}
INDIGO,fold_1,raw_vs_calibrated,,,,0.2521316409111023,0.25213176012039185,0.09391707911783335,0.09391738516943796,"{""temperature"": 0.9999678134918213}"
INDIGO,fold_1,plain_lstm,0.43673469387755104,0.2736842105263158,0.4715480597833539,,0.2597554326057434,,0.11761889214418372,{}
INDIGO,fold_1,attention_vs_plain_lstm,,,,,,,,"{""attention_lstm_accuracy"": 0.46530612244897956, ""plain_lstm_accuracy"": 0.43673469387755104, ""delta_accuracy"": 0.028571428571428525}"
INDIGO,fold_1,ohlcv_only,0.4163265306122449,0.0,0.486013986013986,,,,,"{""brier"": 0.2518500203366108, ""ece"": 0.0935253948581462}"
INDUSINDBK,fold_1,attention_lstm,0.5102040816326531,0.664804469273743,0.5354330708661418,,0.24919253587722778,,0.010142735072544642,{}
INDUSINDBK,fold_1,attention_lstm_calibrated,0.5102040816326531,0.664804469273743,0.5354330708661418,,0.24919253587722778,,0.010142735072544642,{}
INDUSINDBK,fold_1,attention_lstm_raw,0.5102040816326531,0.664804469273743,0.5354330708661418,,,,,"{""brier"": 0.2491925387243697, ""ece"": 0.010142811950372168}"
INDUSINDBK,fold_1,ohlcv_plus_technical,0.5102040816326531,0.664804469273743,0.5354330708661418,,0.24919253587722778,,0.010142735072544642,{}
INDUSINDBK,fold_1,raw_vs_calibrated,,,,0.24919253587722778,0.24919253587722778,0.01014284746987479,0.010142735072544642,"{""temperature"": 0.9999921321868896}"
INDUSINDBK,fold_1,plain_lstm,0.5061224489795918,0.6684931506849315,0.5079407446950487,,0.2497040033340454,,0.008091950416564941,{}
INDUSINDBK,fold_1,attention_vs_plain_lstm,,,,,,,,"{""attention_lstm_accuracy"": 0.5102040816326531, ""plain_lstm_accuracy"": 0.5061224489795918, ""delta_accuracy"": 0.004081632653061273}"
INDUSINDBK,fold_1,ohlcv_only,0.5102040816326531,0.5620437956204379,0.5194848525290271,,,,,"{""brier"": 0.24972583297257506, ""ece"": 0.01446000459242842}"
INFY,fold_1,attention_lstm,0.49387755102040815,0.6612021857923497,0.5137296720874434,,0.2510395050048828,,0.03407534956932068,{}
INFY,fold_1,attention_lstm_calibrated,0.49387755102040815,0.6612021857923497,0.5137296720874434,,0.2510395050048828,,0.03407534956932068,{}
INFY,fold_1,attention_lstm_raw,0.49387755102040815,0.6612021857923497,0.5137296720874434,,,,,"{""brier"": 0.2516460178368546, ""ece"": 0.04227648730180705}"
INFY,fold_1,ohlcv_plus_technical,0.49387755102040815,0.6612021857923497,0.5137296720874434,,0.2510395050048828,,0.03407534956932068,{}
INFY,fold_1,raw_vs_calibrated,,,,0.2516460120677948,0.2510395050048828,0.042276471853256226,0.03407534956932068,"{""temperature"": 1.294344425201416}"
INFY,fold_1,plain_lstm,0.49387755102040815,0.6612021857923497,0.48433750999733405,,0.25121405720710754,,0.035291701555252075,{}
INFY,fold_1,attention_vs_plain_lstm,,,,,,,,"{""attention_lstm_accuracy"": 0.49387755102040815, ""plain_lstm_accuracy"": 0.49387755102040815, ""delta_accuracy"": 0.0}"
INFY,fold_1,ohlcv_only,0.49387755102040815,0.6612021857923497,0.414189549453479,,,,,"{""brier"": 0.251963656730936, ""ece"": 0.040263297119919106}"
ITC,fold_1,attention_lstm,0.4489795918367347,0.0,0.5488215488215489,,0.2547268867492676,,0.08760666847229004,{}
ITC,fold_1,attention_lstm_calibrated,0.4489795918367347,0.0,0.5488215488215489,,0.2547268867492676,,0.08760666847229004,{}
ITC,fold_1,attention_lstm_raw,0.4489795918367347,0.0,0.5488215488215489,,,,,"{""brier"": 0.25772116830956726, ""ece"": 0.10397585070863058}"
ITC,fold_1,ohlcv_plus_technical,0.4489795918367347,0.0,0.5488215488215489,,0.2547268867492676,,0.08760666847229004,{}
ITC,fold_1,raw_vs_calibrated,,,,0.2577211558818817,0.2547268867492676,0.10397583246231079,0.08760666847229004,"{""temperature"": 1.4503709077835083}"
ITC,fold_1,plain_lstm,0.4489795918367347,0.0,0.5511784511784511,,0.254275918006897,,0.08553355932235718,{}
ITC,fold_1,attention_vs_plain_lstm,,,,,,,,"{""attention_lstm_accuracy"": 0.4489795918367347, ""plain_lstm_accuracy"": 0.4489795918367347, ""delta_accuracy"": 0.0}"
ITC,fold_1,ohlcv_only,0.4489795918367347,0.0,0.5793939393939394,,,,,"{""brier"": 0.2598996728857737, ""ece"": 0.11458242535591118}"
JSWSTEEL,fold_1,attention_lstm,0.5142857142857142,0.47577092511013214,0.4799679487179487,,0.25012192130088806,,0.02361547800959373,{}
JSWSTEEL,fold_1,attention_lstm_calibrated,0.5142857142857142,0.47577092511013214,0.4799679487179487,,0.25012192130088806,,0.02361547800959373,{}
JSWSTEEL,fold_1,attention_lstm_raw,0.5142857142857142,0.47577092511013214,0.4799679487179487,,,,,"{""brier"": 0.25012190225675845, ""ece"": 0.023615482145426223}"
JSWSTEEL,fold_1,ohlcv_plus_technical,0.5142857142857142,0.47577092511013214,0.4799679487179487,,0.25012192130088806,,0.02361547800959373,{}
JSWSTEEL,fold_1,raw_vs_calibrated,,,,0.25012192130088806,0.25012192130088806,0.02361547800959373,0.02361547800959373,"{""temperature"": 1.0000078678131104}"
JSWSTEEL,fold_1,plain_lstm,0.4775510204081633,0.0,0.5271768162393162,,0.2503819763660431,,0.030982404947280884,{}
JSWSTEEL,fold_1,attention_vs_plain_lstm,,,,,,,,"{""attention_lstm_accuracy"": 0.5142857142857142, ""plain_lstm_accuracy"": 0.4775510204081633, ""delta_accuracy"": 0.03673469387755096}"
JSWSTEEL,fold_1,ohlcv_only,0.4775510204081633,0.0,0.47402510683760685,,,,,"{""brier"": 0.2508791258414444, ""ece"": 0.037131994597765894}"
KOTAKBANK,fold_1,attention_lstm,0.5142857142857142,0.6792452830188679,0.5160730959050287,,0.2497815489768982,,0.0001811385154724121,{}
KOTAKBANK,fold_1,attention_lstm_calibrated,0.5142857142857142,0.6792452830188679,0.5160730959050287,,0.2497815489768982,,0.0001811385154724121,{}
KOTAKBANK,fold_1,attention_lstm_raw,0.5142857142857142,0.6792452830188679,0.5160730959050287,,,,,"{""brier"": 0.24978154741033898, ""ece"": 0.00018163140939209121}"
KOTAKBANK,fold_1,ohlcv_plus_technical,0.5142857142857142,0.6792452830188679,0.5160730959050287,,0.2497815489768982,,0.0001811385154724121,{}
KOTAKBANK,fold_1,raw_vs_calibrated,,,,0.2497815489768982,0.2497815489768982,0.00018155574798583984,0.0001811385154724121,"{""temperature"": 1.0000295639038086}"
KOTAKBANK,fold_1,plain_lstm,0.49795918367346936,0.15172413793103448,0.5220088035214085,,0.25033462047576904,,0.02720879000060412,{}
KOTAKBANK,fold_1,attention_vs_plain_lstm,,,,,,,,"{""attention_lstm_accuracy"": 0.5142857142857142, ""plain_lstm_accuracy"": 0.49795918367346936, ""delta_accuracy"": 0.01632653061224487}"
KOTAKBANK,fold_1,ohlcv_only,0.4857142857142857,0.0,0.5402827797785781,,,,,"{""brier"": 0.25012306639300547, ""ece"": 0.02355462178892015}"
LT,fold_1,attention_lstm,0.43673469387755104,0.0,0.5274955979953948,,0.2546996772289276,,0.09380438923835754,{}
LT,fold_1,attention_lstm_calibrated,0.43673469387755104,0.0,0.5274955979953948,,0.2546996772289276,,0.09380438923835754,{}
LT,fold_1,attention_lstm_raw,0.43673469387755104,0.0,0.5274955979953948,,,,,"{""brier"": 0.2547002452338413, ""ece"": 0.09380733382945156}"
LT,fold_1,ohlcv_plus_technical,0.43673469387755104,0.0,0.5274955979953948,,0.2546996772289276,,0.09380438923835754,{}
LT,fold_1,raw_vs_calibrated,,,,0.25470027327537537,0.2546996772289276,0.09380733966827393,0.09380438923835754,"{""temperature"": 1.000097632408142}"
LT,fold_1,plain_lstm,0.43673469387755104,0.0,0.451984288229717,,0.25545719265937805,,0.09562012553215027,{}
LT,fold_1,attention_vs_plain_lstm,,,,,,,,"{""attention_lstm_accuracy"": 0.43673469387755104, ""plain_lstm_accuracy"": 0.43673469387755104, ""delta_accuracy"": 0.0}"
LT,fold_1,ohlcv_only,0.43673469387755104,0.0,0.5686712718407152,,,,,"{""brier"": 0.255658628780041, ""ece"": 0.09915892652102876}"
MARUTI,fold_1,attention_lstm,0.46530612244897956,0.0,0.5475425204231954,,0.251932293176651,,0.05959156155586243,{}
MARUTI,fold_1,attention_lstm_calibrated,0.46530612244897956,0.0,0.5475425204231954,,0.251932293176651,,0.05959156155586243,{}
MARUTI,fold_1,attention_lstm_raw,0.46530612244897956,0.0,0.5475425204231954,,,,,"{""brier"": 0.2519323229441207, ""ece"": 0.059591818099119176}"
MARUTI,fold_1,ohlcv_plus_technical,0.46530612244897956,0.0,0.5475425204231954,,0.251932293176651,,0.05959156155586243,{}
MARUTI,fold_1,raw_vs_calibrated,,,,0.2519323229789734,0.251932293176651,0.059591829776763916,0.05959156155586243,"{""temperature"": 1.0000110864639282}"
MARUTI,fold_1,plain_lstm,0.46530612244897956,0.0,0.5490826302397214,,0.2531285881996155,,0.07007503509521484,{}
MARUTI,fold_1,attention_vs_plain_lstm,,,,,,,,"{""attention_lstm_accuracy"": 0.46530612244897956, ""plain_lstm_accuracy"": 0.46530612244897956, ""delta_accuracy"": 0.0}"
MARUTI,fold_1,ohlcv_only,0.46530612244897956,0.0,0.553836882282041,,,,,"{""brier"": 0.2542945477447201, ""ece"": 0.07814390574182778}"
MM,fold_1,attention_lstm,0.4448979591836735,0.0,0.5237452779276849,,0.25106003880500793,,0.06501832604408264,{}
MM,fold_1,attention_lstm_calibrated,0.4448979591836735,0.0,0.5237452779276849,,0.25106003880500793,,0.06501832604408264,{}
MM,fold_1,attention_lstm_raw,0.4448979591836735,0.0,0.5237452779276849,,,,,"{""brier"": 0.25106006775304973, ""ece"": 0.06501845924221739}"
MM,fold_1,ohlcv_plus_technical,0.4448979591836735,0.0,0.5237452779276849,,0.25106003880500793,,0.06501832604408264,{}
MM,fold_1,raw_vs_calibrated,,,,0.2510600686073303,0.25106003880500793,0.06501844525337219,0.06501832604408264,"{""temperature"": 1.0000110864639282}"
MM,fold_1,plain_lstm,0.4448979591836735,0.0,0.45635456017269294,,0.25148895382881165,,0.06652870774269104,{}
MM,fold_1,attention_vs_plain_lstm,,,,,,,,"{""attention_lstm_accuracy"": 0.4448979591836735, ""plain_lstm_accuracy"": 0.4448979591836735, ""delta_accuracy"": 0.0}"
MM,fold_1,ohlcv_only,0.4448979591836735,0.0,0.4303157042633567,,,,,"{""brier"": 0.2519051314568463, ""ece"": 0.06948763387543816}"
NESTLEIND,fold_1,attention_lstm,0.4816326530612245,0.4816326530612245,0.4950547981823042,,0.2509351670742035,,0.03666934602114619,{}
NESTLEIND,fold_1,attention_lstm_calibrated,0.4816326530612245,0.4816326530612245,0.4950547981823042,,0.2509351670742035,,0.03666934602114619,{}
NESTLEIND,fold_1,attention_lstm_raw,0.4816326530612245,0.4816326530612245,0.4950547981823042,,,,,"{""brier"": 0.25093515707286546, ""ece"": 0.03666928824113338}"
NESTLEIND,fold_1,ohlcv_plus_technical,0.4816326530612245,0.4816326530612245,0.4950547981823042,,0.2509351670742035,,0.03666934602114619,{}
NESTLEIND,fold_1,raw_vs_calibrated,,,,0.2509351372718811,0.2509351670742035,0.03666931463747608,0.03666934602114619,"{""temperature"": 0.9999967813491821}"
NESTLEIND,fold_1,plain_lstm,0.45714285714285713,0.3316582914572864,0.4822908313285219,,0.2521670460700989,,0.06434141738074166,{}
NESTLEIND,fold_1,attention_vs_plain_lstm,,,,,,,,"{""attention_lstm_accuracy"": 0.4816326530612245, ""plain_lstm_accuracy"": 0.45714285714285713, ""delta_accuracy"": 0.024489795918367363}"
NESTLEIND,fold_1,ohlcv_only,0.47346938775510206,0.0,0.520315423683507,,,,,"{""brier"": 0.2502339539910665, ""ece"": 0.030923029111356137}"
NTPC,fold_1,attention_lstm,0.44081632653061226,0.0,0.45674506623411737,,0.2600235939025879,,0.11418494582176208,{}
NTPC,fold_1,attention_lstm_calibrated,0.44081632653061226,0.0,0.45674506623411737,,0.2600235939025879,,0.11418494582176208,{}
NTPC,fold_1,attention_lstm_raw,0.44081632653061226,0.0,0.45674506623411737,,,,,"{""brier"": 0.2600638048205772, ""ece"": 0.11435377062583463}"
NTPC,fold_1,ohlcv_plus_technical,0.44081632653061226,0.0,0.45674506623411737,,0.2600235939025879,,0.11418494582176208,{}
NTPC,fold_1,raw_vs_calibrated,,,,0.2600637972354889,0.2600235939025879,0.11435377597808838,0.11418494582176208,"{""temperature"": 1.0030957460403442}"
NTPC,fold_1,plain_lstm,0.44081632653061226,0.0,0.5007434441741011,,0.25941210985183716,,0.11289340257644653,{}
NTPC,fold_1,attention_vs_plain_lstm,,,,,,,,"{""attention_lstm_accuracy"": 0.44081632653061226, ""plain_lstm_accuracy"": 0.44081632653061226, ""delta_accuracy"": 0.0}"
NTPC,fold_1,ohlcv_only,0.44081632653061226,0.0,0.4606650446066504,,,,,"{""brier"": 0.2591269989445181, ""ece"": 0.11140640013071962}"
ONGC,fold_1,attention_lstm,0.45714285714285713,0.14193548387096774,0.47334854994629433,,0.25089699029922485,,0.049160525385214364,{}
ONGC,fold_1,attention_lstm_calibrated,0.45714285714285713,0.14193548387096774,0.47334854994629433,,0.25089699029922485,,0.049160525385214364,{}
ONGC,fold_1,attention_lstm_raw,0.45714285714285713,0.14193548387096774,0.47334854994629433,,,,,"{""brier"": 0.2508969939159348, ""ece"": 0.04916058182716371}"
ONGC,fold_1,ohlcv_plus_technical,0.45714285714285713,0.14193548387096774,0.47334854994629433,,0.25089699029922485,,0.049160525385214364,{}
ONGC,fold_1,raw_vs_calibrated,,,,0.25089699029922485,0.25089699029922485,0.04916057963760532,0.049160525385214364,"{""temperature"": 1.0000156164169312}"
ONGC,fold_1,plain_lstm,0.45714285714285713,0.0,0.48167293233082703,,0.25353482365608215,,0.06771835684776306,{}
ONGC,fold_1,attention_vs_plain_lstm,,,,,,,,"{""attention_lstm_accuracy"": 0.45714285714285713, ""plain_lstm_accuracy"": 0.45714285714285713, ""delta_accuracy"": 0.0}"
ONGC,fold_1,ohlcv_only,0.45714285714285713,0.0,0.4932867883995703,,,,,"{""brier"": 0.25179387134370096, ""ece"": 0.06005065295161027}"
POWERGRID,fold_1,attention_lstm,0.4122448979591837,0.0,0.4764163916391639,,0.2590644955635071,,0.12925183773040771,{}
POWERGRID,fold_1,attention_lstm_calibrated,0.4122448979591837,0.0,0.4764163916391639,,0.2590644955635071,,0.12925183773040771,{}
POWERGRID,fold_1,attention_lstm_raw,0.4122448979591837,0.0,0.4764163916391639,,,,,"{""brier"": 0.2590645585014597, ""ece"": 0.12925197518601717}"
POWERGRID,fold_1,ohlcv_plus_technical,0.4122448979591837,0.0,0.4764163916391639,,0.2590644955635071,,0.12925183773040771,{}
POWERGRID,fold_1,raw_vs_calibrated,,,,0.25906455516815186,0.2590644955635071,0.12925195693969727,0.12925183773040771,"{""temperature"": 1.0000027418136597}"
POWERGRID,fold_1,plain_lstm,0.4122448979591837,0.0,0.46651540154015403,,0.2626504600048065,,0.14217039942741394,{}
POWERGRID,fold_1,attention_vs_plain_lstm,,,,,,,,"{""attention_lstm_accuracy"": 0.4122448979591837, ""plain_lstm_accuracy"": 0.4122448979591837, ""delta_accuracy"": 0.0}"
POWERGRID,fold_1,ohlcv_only,0.4122448979591837,0.0,0.47318481848184824,,,,,"{""brier"": 0.2628168973921787, ""ece"": 0.14313780592412367}"
RELIANCE,fold_1,attention_lstm,0.5183673469387755,0.6827956989247311,0.5035032697184038,,0.24970152974128723,,0.001877903938293457,{}
RELIANCE,fold_1,attention_lstm_calibrated,0.5183673469387755,0.6827956989247311,0.5035032697184038,,0.24970152974128723,,0.001877903938293457,{}
RELIANCE,fold_1,attention_lstm_raw,0.5183673469387755,0.6827956989247311,0.5035032697184038,,,,,"{""brier"": 0.24970152416722471, ""ece"": 0.0018775273342521714}"
RELIANCE,fold_1,ohlcv_plus_technical,0.5183673469387755,0.6827956989247311,0.5035032697184038,,0.24970152974128723,,0.001877903938293457,{}
RELIANCE,fold_1,raw_vs_calibrated,,,,0.24970151484012604,0.24970152974128723,0.0018775463104248047,0.001877903938293457,"{""temperature"": 0.9999836683273315}"
RELIANCE,fold_1,plain_lstm,0.5183673469387755,0.6775956284153005,0.45529160549846526,,0.25056490302085876,,0.0011338752143237056,{}
RELIANCE,fold_1,attention_vs_plain_lstm,,,,,,,,"{""attention_lstm_accuracy"": 0.5183673469387755, ""plain_lstm_accuracy"": 0.5183673469387755, ""delta_accuracy"": 0.0}"
RELIANCE,fold_1,ohlcv_only,0.5183673469387755,0.6827956989247311,0.5580208194314694,,,,,"{""brier"": 0.2496285631627003, ""ece"": 0.005219870684098238}"
SBILIFE,fold_1,attention_lstm,0.5183673469387755,0.6827956989247311,0.4895902842653143,,0.2498227059841156,,0.005779266357421875,{}
SBILIFE,fold_1,attention_lstm_calibrated,0.5183673469387755,0.6827956989247311,0.4895902842653143,,0.2498227059841156,,0.005779266357421875,{}
SBILIFE,fold_1,attention_lstm_raw,0.5183673469387755,0.6827956989247311,0.4895902842653143,,,,,"{""brier"": 0.24982271050846327, ""ece"": 0.005779246408112226}"
SBILIFE,fold_1,ohlcv_plus_technical,0.5183673469387755,0.6827956989247311,0.4895902842653143,,0.2498227059841156,,0.005779266357421875,{}
SBILIFE,fold_1,raw_vs_calibrated,,,,0.2498227059841156,0.2498227059841156,0.005779266357421875,0.005779266357421875,"{""temperature"": 1.0}"
SBILIFE,fold_1,plain_lstm,0.5183673469387755,0.6827956989247311,0.49846523421860406,,0.24967828392982483,,0.0020757317543029785,{}
SBILIFE,fold_1,attention_vs_plain_lstm,,,,,,,,"{""attention_lstm_accuracy"": 0.5183673469387755, ""plain_lstm_accuracy"": 0.5183673469387755, ""delta_accuracy"": 0.0}"
SBILIFE,fold_1,ohlcv_only,0.5183673469387755,0.6827956989247311,0.5052048578673428,,,,,"{""brier"": 0.2500318707690784, ""ece"": 0.016584987786351424}"
SBIN,fold_1,attention_lstm,0.46938775510204084,0.5454545454545454,0.4570391286809197,,0.25002825260162354,,0.04564656128688735,{}
SBIN,fold_1,attention_lstm_calibrated,0.46938775510204084,0.5454545454545454,0.4570391286809197,,0.25002825260162354,,0.04564656128688735,{}
SBIN,fold_1,attention_lstm_raw,0.46938775510204084,0.5454545454545454,0.4570391286809197,,,,,"{""brier"": 0.250028255761544, ""ece"": 0.04564651725243556}"
SBIN,fold_1,ohlcv_plus_technical,0.46938775510204084,0.5454545454545454,0.4570391286809197,,0.25002825260162354,,0.04564656128688735,{}
SBIN,fold_1,raw_vs_calibrated,,,,0.25002825260162354,0.25002825260162354,0.04564656128688735,0.04564656128688735,"{""temperature"": 1.000004529953003}"
SBIN,fold_1,plain_lstm,0.5061224489795918,0.6084142394822006,0.4811752050558021,,0.2499421387910843,,0.03911489248275757,{}
SBIN,fold_1,attention_vs_plain_lstm,,,,,,,,"{""attention_lstm_accuracy"": 0.46938775510204084, ""plain_lstm_accuracy"": 0.5061224489795918, ""delta_accuracy"": -0.03673469387755096}"
SBIN,fold_1,ohlcv_only,0.5469387755102041,0.7071240105540897,0.44661826005109584,,,,,"{""brier"": 0.24913741173485604, ""ece"": 0.03509142982716462}"
SHRIRAMFIN,fold_1,attention_lstm,0.5020408163265306,0.0,0.5281220844995336,,0.251419335603714,,0.042095839977264404,{}
SHRIRAMFIN,fold_1,attention_lstm_calibrated,0.5020408163265306,0.0,0.5281220844995336,,0.251419335603714,,0.042095839977264404,{}
SHRIRAMFIN,fold_1,attention_lstm_raw,0.5020408163265306,0.0,0.5281220844995336,,,,,"{""brier"": 0.25141934925822434, ""ece"": 0.04209568220741894}"
SHRIRAMFIN,fold_1,ohlcv_plus_technical,0.5020408163265306,0.0,0.5281220844995336,,0.251419335603714,,0.042095839977264404,{}
SHRIRAMFIN,fold_1,raw_vs_calibrated,,,,0.251419335603714,0.251419335603714,0.042095690965652466,0.042095839977264404,"{""temperature"": 0.9999967217445374}"
SHRIRAMFIN,fold_1,plain_lstm,0.5224489795918368,0.13333333333333333,0.5189924030387845,,0.2525325417518616,,0.04993890523910523,{}
SHRIRAMFIN,fold_1,attention_vs_plain_lstm,,,,,,,,"{""attention_lstm_accuracy"": 0.5020408163265306, ""plain_lstm_accuracy"": 0.5224489795918368, ""delta_accuracy"": -0.020408163265306145}"
SHRIRAMFIN,fold_1,ohlcv_only,0.5020408163265306,0.0,0.5209249633479941,,,,,"{""brier"": 0.2510785073842194, ""ece"": 0.038715957378854526}"
SUNPHARMA,fold_1,attention_lstm,0.4857142857142857,0.0,0.47092170201413897,,0.25227516889572144,,0.047486573457717896,{}
SUNPHARMA,fold_1,attention_lstm_calibrated,0.4857142857142857,0.0,0.47092170201413897,,0.25227516889572144,,0.047486573457717896,{}
SUNPHARMA,fold_1,attention_lstm_raw,0.4857142857142857,0.0,0.47092170201413897,,,,,"{""brier"": 0.2522751691286202, ""ece"": 0.047486273366577736}"
SUNPHARMA,fold_1,ohlcv_plus_technical,0.4857142857142857,0.0,0.47092170201413897,,0.25227516889572144,,0.047486573457717896,{}
SUNPHARMA,fold_1,raw_vs_calibrated,,,,0.25227516889572144,0.25227516889572144,0.047486305236816406,0.047486573457717896,"{""temperature"": 0.9999915957450867}"
SUNPHARMA,fold_1,plain_lstm,0.4857142857142857,0.0,0.46972122182206216,,0.25196021795272827,,0.04282316565513611,{}
SUNPHARMA,fold_1,attention_vs_plain_lstm,,,,,,,,"{""attention_lstm_accuracy"": 0.4857142857142857, ""plain_lstm_accuracy"": 0.4857142857142857, ""delta_accuracy"": 0.0}"
SUNPHARMA,fold_1,ohlcv_only,0.4857142857142857,0.0,0.4741896758703481,,,,,"{""brier"": 0.253253784821142, ""ece"": 0.057637344331157414}"
TATACONSUM,fold_1,attention_lstm,0.49387755102040815,0.5947712418300654,0.45889496863739493,,0.25160717964172363,,0.026841498394401708,{}
TATACONSUM,fold_1,attention_lstm_calibrated,0.49387755102040815,0.5947712418300654,0.45889496863739493,,0.25160717964172363,,0.026841498394401708,{}
TATACONSUM,fold_1,attention_lstm_raw,0.49387755102040815,0.5947712418300654,0.45889496863739493,,,,,"{""brier"": 0.25160723219798653, ""ece"": 0.026841884973097807}"
TATACONSUM,fold_1,ohlcv_plus_technical,0.49387755102040815,0.5947712418300654,0.45889496863739493,,0.25160717964172363,,0.026841498394401708,{}
TATACONSUM,fold_1,raw_vs_calibrated,,,,0.251607209444046,0.25160717964172363,0.02684187889099121,0.026841498394401708,"{""temperature"": 1.0000172853469849}"
TATACONSUM,fold_1,plain_lstm,0.5183673469387755,0.6549707602339181,0.4438809555585213,,0.2515812814235687,,0.0037873691442061445,{}
TATACONSUM,fold_1,attention_vs_plain_lstm,,,,,,,,"{""attention_lstm_accuracy"": 0.49387755102040815, ""plain_lstm_accuracy"": 0.5183673469387755, ""delta_accuracy"": -0.024489795918367363}"
TATACONSUM,fold_1,ohlcv_only,0.5183673469387755,0.6827956989247311,0.5509141865741358,,,,,"{""brier"": 0.2496365150023086, ""ece"": 0.00032446238459371557}"
TATASTEEL,fold_1,attention_lstm,0.47346938775510206,0.5441696113074205,0.4379268782643632,,0.250626802444458,,0.0343222722715261,{}
TATASTEEL,fold_1,attention_lstm_calibrated,0.47346938775510206,0.5441696113074205,0.4379268782643632,,0.250626802444458,,0.0343222722715261,{}
TATASTEEL,fold_1,attention_lstm_raw,0.47346938775510206,0.5441696113074205,0.4379268782643632,,,,,"{""brier"": 0.25062682512245227, ""ece"": 0.034322512149810865}"
TATASTEEL,fold_1,ohlcv_plus_technical,0.47346938775510206,0.5441696113074205,0.4379268782643632,,0.250626802444458,,0.0343222722715261,{}
TATASTEEL,fold_1,raw_vs_calibrated,,,,0.2506268322467804,0.250626802444458,0.03432250241844021,0.0343222722715261,"{""temperature"": 1.0000343322753906}"
TATASTEEL,fold_1,plain_lstm,0.5020408163265306,0.6369047619047619,0.46584973885094416,,0.25008901953697205,,0.02316967686828302,{}
TATASTEEL,fold_1,attention_vs_plain_lstm,,,,,,,,"{""attention_lstm_accuracy"": 0.47346938775510206, ""plain_lstm_accuracy"": 0.5020408163265306, ""delta_accuracy"": -0.02857142857142858}"
TATASTEEL,fold_1,ohlcv_only,0.46938775510204084,0.17721518987341772,0.4689299584839962,,,,,"{""brier"": 0.25046535415810567, ""ece"": 0.038932989933052824}"
TCS,fold_1,attention_lstm,0.5061224489795918,0.6720867208672087,0.5763796320981072,,0.24975384771823883,,0.0208854079246521,{}
TCS,fold_1,attention_lstm_calibrated,0.5061224489795918,0.6720867208672087,0.5763796320981072,,0.24975384771823883,,0.0208854079246521,{}
TCS,fold_1,attention_lstm_raw,0.5061224489795918,0.6720867208672087,0.5763796320981072,,,,,"{""brier"": 0.2500063511265363, ""ece"": 0.029802983147757423}"
TCS,fold_1,ohlcv_plus_technical,0.5061224489795918,0.6720867208672087,0.5763796320981072,,0.24975384771823883,,0.0208854079246521,{}
TCS,fold_1,raw_vs_calibrated,,,,0.2500063478946686,0.24975384771823883,0.029802918434143066,0.0208854079246521,"{""temperature"": 1.3313026428222656}"
TCS,fold_1,plain_lstm,0.5061224489795918,0.6720867208672087,0.5532524660090642,,0.2499752640724182,,0.023608267307281494,{}
TCS,fold_1,attention_vs_plain_lstm,,,,,,,,"{""attention_lstm_accuracy"": 0.5061224489795918, ""plain_lstm_accuracy"": 0.5061224489795918, ""delta_accuracy"": 0.0}"
TCS,fold_1,ohlcv_only,0.5061224489795918,0.6720867208672087,0.46880831778192483,,,,,"{""brier"": 0.25059090798248057, ""ece"": 0.024554919466680425}"
TECHM,fold_1,attention_lstm,0.49795918367346936,0.6648501362397821,0.4790083966413434,,0.2503649592399597,,0.017817556858062744,{}
TECHM,fold_1,attention_lstm_calibrated,0.49795918367346936,0.6648501362397821,0.4790083966413434,,0.2503649592399597,,0.017817556858062744,{}
TECHM,fold_1,attention_lstm_raw,0.49795918367346936,0.6648501362397821,0.4790083966413434,,,,,"{""brier"": 0.25068914387953406, ""ece"": 0.02484621077167748}"
TECHM,fold_1,ohlcv_plus_technical,0.49795918367346936,0.6648501362397821,0.4790083966413434,,0.2503649592399597,,0.017817556858062744,{}
TECHM,fold_1,raw_vs_calibrated,,,,0.25068914890289307,0.2503649592399597,0.024846196174621582,0.017817556858062744,"{""temperature"": 1.4460413455963135}"
TECHM,fold_1,plain_lstm,0.49795918367346936,0.6648501362397821,0.43342662934826076,,0.25086072087287903,,0.020181894302368164,{}
TECHM,fold_1,attention_vs_plain_lstm,,,,,,,,"{""attention_lstm_accuracy"": 0.49795918367346936, ""plain_lstm_accuracy"": 0.49795918367346936, ""delta_accuracy"": 0.0}"
TECHM,fold_1,ohlcv_only,0.49795918367346936,0.6648501362397821,0.4908036785285886,,,,,"{""brier"": 0.25051531954160156, ""ece"": 0.022619787284306136}"
TITAN,fold_1,attention_lstm,0.5387755102040817,0.7002652519893899,0.4739541432019308,,0.2488677203655243,,0.015463709831237793,{}
TITAN,fold_1,attention_lstm_calibrated,0.5387755102040817,0.7002652519893899,0.4739541432019308,,0.2488677203655243,,0.015463709831237793,{}
TITAN,fold_1,attention_lstm_raw,0.5387755102040817,0.7002652519893899,0.4739206221507107,,,,,"{""brier"": 0.24886768204766427, ""ece"": 0.015462522604027584}"
TITAN,fold_1,ohlcv_plus_technical,0.5387755102040817,0.7002652519893899,0.4739541432019308,,0.2488677203655243,,0.015463709831237793,{}
TITAN,fold_1,raw_vs_calibrated,,,,0.2488676756620407,0.2488677203655243,0.015462517738342285,0.015463709831237793,"{""temperature"": 1.0000497102737427}"
TITAN,fold_1,plain_lstm,0.5387755102040817,0.7002652519893899,0.48980960042906946,,0.24913407862186432,,0.019191384315490723,{}
TITAN,fold_1,attention_vs_plain_lstm,,,,,,,,"{""attention_lstm_accuracy"": 0.5387755102040817, ""plain_lstm_accuracy"": 0.5387755102040817, ""delta_accuracy"": 0.0}"
TITAN,fold_1,ohlcv_only,0.5387755102040817,0.7002652519893899,0.5077098417806383,,,,,"{""brier"": 0.248642386014448, ""ece"": 0.012563013543888002}"
TRENT,fold_1,attention_lstm,0.563265306122449,0.720626631853786,0.49139916023296765,,0.24734851717948914,,0.025348961353302002,{}
TRENT,fold_1,attention_lstm_calibrated,0.563265306122449,0.720626631853786,0.49139916023296765,,0.24734851717948914,,0.025348961353302002,{}
TRENT,fold_1,attention_lstm_raw,0.563265306122449,0.720626631853786,0.49139916023296765,,,,,"{""brier"": 0.2473485185174979, ""ece"": 0.02534891585914456}"
TRENT,fold_1,ohlcv_plus_technical,0.563265306122449,0.720626631853786,0.49139916023296765,,0.24734851717948914,,0.025348961353302002,{}
TRENT,fold_1,raw_vs_calibrated,,,,0.24734851717948914,0.24734851717948914,0.025348901748657227,0.025348961353302002,"{""temperature"": 1.0000009536743164}"
TRENT,fold_1,plain_lstm,0.4816326530612245,0.563573883161512,0.470404984423676,,0.2510821521282196,,0.0517174100389286,{}
TRENT,fold_1,attention_vs_plain_lstm,,,,,,,,"{""attention_lstm_accuracy"": 0.563265306122449, ""plain_lstm_accuracy"": 0.4816326530612245, ""delta_accuracy"": 0.08163265306122447}"
TRENT,fold_1,ohlcv_only,0.563265306122449,0.720626631853786,0.5468982798320465,,,,,"{""brier"": 0.24620446049802366, ""ece"": 0.021682406444938795}"
ULTRACEMCO,fold_1,attention_lstm,0.43673469387755104,0.0,0.5092103480969795,,0.2515183091163635,,0.07431599497795105,{}
ULTRACEMCO,fold_1,attention_lstm_calibrated,0.43673469387755104,0.0,0.5092103480969795,,0.2515183091163635,,0.07431599497795105,{}
ULTRACEMCO,fold_1,attention_lstm_raw,0.43673469387755104,0.0,0.5092103480969795,,,,,"{""brier"": 0.2515173571798081, ""ece"": 0.07430960317047275}"
ULTRACEMCO,fold_1,ohlcv_plus_technical,0.43673469387755104,0.0,0.5092103480969795,,0.2515183091163635,,0.07431599497795105,{}
ULTRACEMCO,fold_1,raw_vs_calibrated,,,,0.2515173554420471,0.2515183091163635,0.07430964708328247,0.07431599497795105,"{""temperature"": 0.9994218945503235}"
ULTRACEMCO,fold_1,plain_lstm,0.4489795918367347,0.08163265306122448,0.5130367059460923,,0.2524230480194092,,0.08135586003867948,{}
ULTRACEMCO,fold_1,attention_vs_plain_lstm,,,,,,,,"{""attention_lstm_accuracy"": 0.43673469387755104, ""plain_lstm_accuracy"": 0.4489795918367347, ""delta_accuracy"": -0.012244897959183654}"
ULTRACEMCO,fold_1,ohlcv_only,0.43673469387755104,0.0,0.49627522687254505,,,,,"{""brier"": 0.2519141670009422, ""ece"": 0.07692161555192906}"
UPL,fold_1,attention_lstm,0.46938775510204084,0.6388888888888888,0.5328428093645485,,0.250080943107605,,0.03495997190475464,{}
UPL,fold_1,attention_lstm_calibrated,0.46938775510204084,0.6388888888888888,0.5328428093645485,,0.250080943107605,,0.03495997190475464,{}
UPL,fold_1,attention_lstm_raw,0.46938775510204084,0.6388888888888888,0.5328428093645485,,,,,"{""brier"": 0.2500809487340388, ""ece"": 0.03495993395240943}"
UPL,fold_1,ohlcv_plus_technical,0.46938775510204084,0.6388888888888888,0.5328428093645485,,0.250080943107605,,0.03495997190475464,{}
UPL,fold_1,raw_vs_calibrated,,,,0.250080943107605,0.250080943107605,0.03495991230010986,0.03495997190475464,"{""temperature"": 0.9999866485595703}"
UPL,fold_1,plain_lstm,0.5183673469387755,0.5874125874125874,0.5293645484949833,,0.2499357908964157,,0.03408781983414475,{}
UPL,fold_1,attention_vs_plain_lstm,,,,,,,,"{""attention_lstm_accuracy"": 0.46938775510204084, ""plain_lstm_accuracy"": 0.5183673469387755, ""delta_accuracy"": -0.04897959183673467}"
UPL,fold_1,ohlcv_only,0.5224489795918368,0.44019138755980863,0.5131772575250836,,,,,"{""brier"": 0.2496755808500222, ""ece"": 0.02749973219268175}"
WIPRO,fold_1,attention_lstm,0.46938775510204084,0.6388888888888888,0.45772575250836117,,0.2516322135925293,,0.046474993228912354,{}
WIPRO,fold_1,attention_lstm_calibrated,0.46938775510204084,0.6388888888888888,0.45772575250836117,,0.2516322135925293,,0.046474993228912354,{}
WIPRO,fold_1,attention_lstm_raw,0.46938775510204084,0.6388888888888888,0.45772575250836117,,,,,"{""brier"": 0.25163841340496657, ""ece"": 0.04652643179406918}"
WIPRO,fold_1,ohlcv_plus_technical,0.46938775510204084,0.6388888888888888,0.45772575250836117,,0.2516322135925293,,0.046474993228912354,{}
WIPRO,fold_1,raw_vs_calibrated,,,,0.25163841247558594,0.2516322135925293,0.046526432037353516,0.046474993228912354,"{""temperature"": 1.0032460689544678}"
WIPRO,fold_1,plain_lstm,0.4775510204081633,0.6342857142857142,0.516989966555184,,0.2512100040912628,,0.04797676448919335,{}
WIPRO,fold_1,attention_vs_plain_lstm,,,,,,,,"{""attention_lstm_accuracy"": 0.46938775510204084, ""plain_lstm_accuracy"": 0.4775510204081633, ""delta_accuracy"": -0.008163265306122436}"
WIPRO,fold_1,ohlcv_only,0.46938775510204084,0.6388888888888888,0.4840802675585284,,,,,"{""brier"": 0.2513963060733077, ""ece"": 0.04787310337533751}"
