experiment_id,timestamp,experiment_dir,model,feature_family,horizon,objective_id,fold,seed,n_train,n_validation,n_tickers,accuracy,macro_accuracy,balanced_accuracy,f1,roc_auc,brier,ece,train_majority_baseline,baseline_delta,stock_only_auc,incremental_auc,common_sample_auc,non_overlap_auc,config_sha256,source_manifest_sha256,feature_schema_sha256,2019_lockbox_evaluated,post_2019_evaluated
V3-20261004T113723-7a9f92,2026-10-04T11:37:23.866932+00:00,/home/iemiedc2026/Documents/Sanket/Research/output/agentic-forecaster/v3/pre_covid_exogenous/V3-20261004T113723-7a9f92,LOGISTIC,X0_STOCK_ONLY,1,ABS_DIR_1D_CONTROL,MH_DEV_2014,42,90927,10206,42,0.5191064079952968,0.519106407995297,0.5138578848844195,0.5889447236180905,0.5217163579355388,0.24955721620961593,0.013870850844774737,0.5020730916009546,0.017033316394342246,0.5095762789117402,,0.5095762789117402,0.5217163579355388,5037387770f87d61b53691a4bad1825aed96c3375e6a100d7be878667b407be2,2efeed90db8eb9a45aaf2df2645cb98ccb3a359d6064cac757636e77a02e7e51,d34865ab4b5c18cc05e5ffff7303a61c2baf9877e970fbf36daa42ccecca536e,false,false
V3-20261004T113723-2efd47,2026-10-04T11:37:23.976242+00:00,/home/iemiedc2026/Documents/Sanket/Research/output/agentic-forecaster/v3/pre_covid_exogenous/V3-20261004T113723-2efd47,LOGISTIC,X1_INDIA_MARKET,1,ABS_DIR_1D_CONTROL,MH_DEV_2014,42,59272,10206,42,0.5065647658240251,0.5065647658240251,0.5132919407205785,0.4001905669366365,0.5096029613335951,0.25163061354423216,0.03649313304717037,0.5005398839249562,0.006024881899068912,0.5095762789117402,2.6682421854884453e-05,0.5096029613335951,0.5096029613335951,5037387770f87d61b53691a4bad1825aed96c3375e6a100d7be878667b407be2,2efeed90db8eb9a45aaf2df2645cb98ccb3a359d6064cac757636e77a02e7e51,d34865ab4b5c18cc05e5ffff7303a61c2baf9877e970fbf36daa42ccecca536e,false,false
V3-20261004T113723-1c8b09,2026-10-04T11:37:24.043279+00:00,/home/iemiedc2026/Documents/Sanket/Research/output/agentic-forecaster/v3/pre_covid_exogenous/V3-20261004T113723-1c8b09,LOGISTIC,X2_GLOBAL_RISK,1,ABS_DIR_1D_CONTROL,MH_DEV_2014,42,66836,10206,42,0.5049970605526161,0.5049970605526161,0.5149297954338686,0.3216970998925886,0.5179676314540846,0.25256400975439014,0.05069899609556843,0.5005535938715662,0.00444346668104989,0.5095762789117402,-0.001613902049290794,0.5079623768624494,0.5179676314540846,5037387770f87d61b53691a4bad1825aed96c3375e6a100d7be878667b407be2,2efeed90db8eb9a45aaf2df2645cb98ccb3a359d6064cac757636e77a02e7e51,d34865ab4b5c18cc05e5ffff7303a61c2baf9877e970fbf36daa42ccecca536e,false,false
V3-20261004T113724-888a08,2026-10-04T11:37:24.110823+00:00,/home/iemiedc2026/Documents/Sanket/Research/output/agentic-forecaster/v3/pre_covid_exogenous/V3-20261004T113724-888a08,LOGISTIC,X3_MACRO_COMMODITY,1,ABS_DIR_1D_CONTROL,MH_DEV_2014,42,63676,10206,42,0.49568881050362534,0.49568881050362523,0.5034484915646446,0.36354643254606156,0.5150658988537055,0.2521649246139876,0.04445652819823972,0.5020886990388844,-0.0063998885352590795,0.5095762789117402,0.00950370964480729,0.5190799885565475,0.5150658988537055,5037387770f87d61b53691a4bad1825aed96c3375e6a100d7be878667b407be2,2efeed90db8eb9a45aaf2df2645cb98ccb3a359d6064cac757636e77a02e7e51,d34865ab4b5c18cc05e5ffff7303a61c2baf9877e970fbf36daa42ccecca536e,false,false
V3-20261004T113724-eb5c8d,2026-10-04T11:37:24.178310+00:00,/home/iemiedc2026/Documents/Sanket/Research/output/agentic-forecaster/v3/pre_covid_exogenous/V3-20261004T113724-eb5c8d,LOGISTIC,X4_ALL_EXOGENOUS,1,ABS_DIR_1D_CONTROL,MH_DEV_2014,42,59272,10206,42,0.4998040368410739,0.4998040368410738,0.5135233357579478,0.1931405089299826,0.5198823835768848,0.2765038558958763,0.15421109990521673,0.5005398839249562,-0.0007358470838823017,0.5095762789117402,0.010306104665144589,0.5198823835768848,0.5198823835768848,5037387770f87d61b53691a4bad1825aed96c3375e6a100d7be878667b407be2,2efeed90db8eb9a45aaf2df2645cb98ccb3a359d6064cac757636e77a02e7e51,d34865ab4b5c18cc05e5ffff7303a61c2baf9877e970fbf36daa42ccecca536e,false,false
V3-20261004T113800-992dba,2026-10-04T11:38:00.479155+00:00,/home/iemiedc2026/Documents/Sanket/Research/output/agentic-forecaster/v3/pre_covid_exogenous/V3-20261004T113800-992dba,LOGISTIC,X0_STOCK_ONLY,1,ABS_DIR_1D_CONTROL,MH_DEV_2015,42,101175,10290,42,0.49854227405247814,0.49854227405247803,0.4986400411227055,0.5992544268406338,0.5030152029270045,0.2500794770180935,0.01256880804431661,0.5035927847788485,-0.005050510726370361,0.512199623883038,,0.512199623883038,0.5030152029270045,5037387770f87d61b53691a4bad1825aed96c3375e6a100d7be878667b407be2,2efeed90db8eb9a45aaf2df2645cb98ccb3a359d6064cac757636e77a02e7e51,d34865ab4b5c18cc05e5ffff7303a61c2baf9877e970fbf36daa42ccecca536e,false,false
V3-20261004T113800-32662d,2026-10-04T11:38:00.548756+00:00,/home/iemiedc2026/Documents/Sanket/Research/output/agentic-forecaster/v3/pre_covid_exogenous/V3-20261004T113800-32662d,LOGISTIC,X1_INDIA_MARKET,1,ABS_DIR_1D_CONTROL,MH_DEV_2015,42,69520,10290,42,0.5216715257531584,0.5216715257531583,0.5216904931623152,0.5438368860055607,0.5333767443273155,0.24920118412114342,0.0030639514032356585,0.5020569620253165,0.019614563727841983,0.512199623883038,0.021177120444277553,0.5333767443273155,0.5333767443273155,5037387770f87d61b53691a4bad1825aed96c3375e6a100d7be878667b407be2,2efeed90db8eb9a45aaf2df2645cb98ccb3a359d6064cac757636e77a02e7e51,d34865ab4b5c18cc05e5ffff7303a61c2baf9877e970fbf36daa42ccecca536e,false,false
V3-20261004T113800-02ab44,2026-10-04T11:38:00.666130+00:00,/home/iemiedc2026/Documents/Sanket/Research/output/agentic-forecaster/v3/pre_covid_exogenous/V3-20261004T113800-02ab44,LOGISTIC,X2_GLOBAL_RISK,1,ABS_DIR_1D_CONTROL,MH_DEV_2015,42,77084,10290,42,0.5078717201166181,0.5078717201166181,0.5079505244622035,0.5907548084693712,0.4999866079967221,0.2554221711687542,0.046385027508018165,0.5017902547869856,0.006081465329632496,0.512199623883038,-0.000882285575611097,0.5113173383074269,0.4999866079967221,5037387770f87d61b53691a4bad1825aed96c3375e6a100d7be878667b407be2,2efeed90db8eb9a45aaf2df2645cb98ccb3a359d6064cac757636e77a02e7e51,d34865ab4b5c18cc05e5ffff7303a61c2baf9877e970fbf36daa42ccecca536e,false,false
V3-20261004T113800-d70d53,2026-10-04T11:38:00.736645+00:00,/home/iemiedc2026/Documents/Sanket/Research/output/agentic-forecaster/v3/pre_covid_exogenous/V3-20261004T113800-d70d53,LOGISTIC,X3_MACRO_COMMODITY,1,ABS_DIR_1D_CONTROL,MH_DEV_2015,42,73924,10290,42,0.4896987366375121,0.48969873663751207,0.48971743477518304,0.5130297690809608,0.49380407351873584,0.25316208068121676,0.05094240945666773,0.500568151074076,-0.010869414436563918,0.512199623883038,-0.007314829299557402,0.5048847945834806,0.49380407351873584,5037387770f87d61b53691a4bad1825aed96c3375e6a100d7be878667b407be2,2efeed90db8eb9a45aaf2df2645cb98ccb3a359d6064cac757636e77a02e7e51,d34865ab4b5c18cc05e5ffff7303a61c2baf9877e970fbf36daa42ccecca536e,false,false
V3-20261004T113800-85327f,2026-10-04T11:38:00.806848+00:00,/home/iemiedc2026/Documents/Sanket/Research/output/agentic-forecaster/v3/pre_covid_exogenous/V3-20261004T113800-85327f,LOGISTIC,X4_ALL_EXOGENOUS,1,ABS_DIR_1D_CONTROL,MH_DEV_2015,42,69520,10290,42,0.5026239067055394,0.5026239067055394,0.502580765585128,0.4404111086813908,0.5059877365516048,0.26130508768638555,0.07970328943787326,0.5020569620253165,0.0005669446802228917,0.512199623883038,-0.006211887331433186,0.5059877365516048,0.5059877365516048,5037387770f87d61b53691a4bad1825aed96c3375e6a100d7be878667b407be2,2efeed90db8eb9a45aaf2df2645cb98ccb3a359d6064cac757636e77a02e7e51,d34865ab4b5c18cc05e5ffff7303a61c2baf9877e970fbf36daa42ccecca536e,false,false
V3-20261004T113841-c39d29,2026-10-04T11:38:41.954763+00:00,/home/iemiedc2026/Documents/Sanket/Research/output/agentic-forecaster/v3/pre_covid_exogenous/V3-20261004T113841-c39d29,LOGISTIC,X0_STOCK_ONLY,1,ABS_DIR_1D_CONTROL,MH_DEV_2016,42,111507,10290,42,0.5054421768707483,0.5054421768707483,0.5032307605122974,0.6066321403725747,0.5050774113113454,0.2500014738065492,0.004548784292135011,0.5032509169827903,0.002191259887957986,0.5074108579848124,,0.5074108579848124,0.5050774113113454,5037387770f87d61b53691a4bad1825aed96c3375e6a100d7be878667b407be2,2efeed90db8eb9a45aaf2df2645cb98ccb3a359d6064cac757636e77a02e7e51,d34865ab4b5c18cc05e5ffff7303a61c2baf9877e970fbf36daa42ccecca536e,false,false
V3-20261004T113842-445846,2026-10-04T11:38:42.071929+00:00,/home/iemiedc2026/Documents/Sanket/Research/output/agentic-forecaster/v3/pre_covid_exogenous/V3-20261004T113842-445846,LOGISTIC,X1_INDIA_MARKET,1,ABS_DIR_1D_CONTROL,MH_DEV_2016,42,79852,10290,42,0.5210884353741496,0.5210884353741496,0.5194826022894707,0.5969245869458532,0.5389567040689107,0.2491438115505494,0.009370917836200894,0.501778289836197,0.019310145537952628,0.5074108579848124,0.03154584608409827,0.5389567040689107,0.5389567040689107,5037387770f87d61b53691a4bad1825aed96c3375e6a100d7be878667b407be2,2efeed90db8eb9a45aaf2df2645cb98ccb3a359d6064cac757636e77a02e7e51,d34865ab4b5c18cc05e5ffff7303a61c2baf9877e970fbf36daa42ccecca536e,false,false
V3-20261004T113842-3042c8,2026-10-04T11:38:42.141078+00:00,/home/iemiedc2026/Documents/Sanket/Research/output/agentic-forecaster/v3/pre_covid_exogenous/V3-20261004T113842-3042c8,LOGISTIC,X2_GLOBAL_RISK,1,ABS_DIR_1D_CONTROL,MH_DEV_2016,42,87416,10290,42,0.49912536443148686,0.49912536443148675,0.4985515130907855,0.5318801089918256,0.5035968491442819,0.2513213655821441,0.0382323237034367,0.5015672188157775,-0.0024418543842906204,0.5074108579848124,-6.150591257692017e-05,0.5073493520722355,0.5035968491442819,5037387770f87d61b53691a4bad1825aed96c3375e6a100d7be878667b407be2,2efeed90db8eb9a45aaf2df2645cb98ccb3a359d6064cac757636e77a02e7e51,d34865ab4b5c18cc05e5ffff7303a61c2baf9877e970fbf36daa42ccecca536e,false,false
V3-20261004T113842-31c5df,2026-10-04T11:38:42.210852+00:00,/home/iemiedc2026/Documents/Sanket/Research/output/agentic-forecaster/v3/pre_covid_exogenous/V3-20261004T113842-31c5df,LOGISTIC,X3_MACRO_COMMODITY,1,ABS_DIR_1D_CONTROL,MH_DEV_2016,42,84256,10290,42,0.5185617103984451,0.518561710398445,0.5170338886999887,0.5917257293555299,0.5368000302240357,0.24998807606573237,0.02845095125672318,0.5004866122293962,0.018075098169048953,0.5074108579848124,0.026989043787071676,0.5343999017718841,0.5368000302240357,5037387770f87d61b53691a4bad1825aed96c3375e6a100d7be878667b407be2,2efeed90db8eb9a45aaf2df2645cb98ccb3a359d6064cac757636e77a02e7e51,d34865ab4b5c18cc05e5ffff7303a61c2baf9877e970fbf36daa42ccecca536e,false,false
V3-20261004T113842-f9bac3,2026-10-04T11:38:42.280558+00:00,/home/iemiedc2026/Documents/Sanket/Research/output/agentic-forecaster/v3/pre_covid_exogenous/V3-20261004T113842-f9bac3,LOGISTIC,X4_ALL_EXOGENOUS,1,ABS_DIR_1D_CONTROL,MH_DEV_2016,42,79852,10290,42,0.5064139941690962,0.5064139941690963,0.5056953417205032,0.5457472497987658,0.5130378933847142,0.25654408734655115,0.07122064023770493,0.501778289836197,0.004635704332899171,0.5074108579848124,0.005627035399901725,0.5130378933847142,0.5130378933847142,5037387770f87d61b53691a4bad1825aed96c3375e6a100d7be878667b407be2,2efeed90db8eb9a45aaf2df2645cb98ccb3a359d6064cac757636e77a02e7e51,d34865ab4b5c18cc05e5ffff7303a61c2baf9877e970fbf36daa42ccecca536e,false,false
V3-20261004T113924-786757,2026-10-04T11:39:24.579466+00:00,/home/iemiedc2026/Documents/Sanket/Research/output/agentic-forecaster/v3/pre_covid_exogenous/V3-20261004T113924-786757,LOGISTIC,X0_STOCK_ONLY,1,ABS_DIR_1D_CONTROL,MH_DEV_2017,42,121839,10374,42,0.5101214574898786,0.5101214574898785,0.5039671512084585,0.6100966702470462,0.5144423822127857,0.2497199795457444,0.006622865126217467,0.5033692003381511,0.006752257151727448,0.5090251685819833,,0.5090251685819833,0.5144423822127857,5037387770f87d61b53691a4bad1825aed96c3375e6a100d7be878667b407be2,2efeed90db8eb9a45aaf2df2645cb98ccb3a359d6064cac757636e77a02e7e51,d34865ab4b5c18cc05e5ffff7303a61c2baf9877e970fbf36daa42ccecca536e,false,false
V3-20261004T113924-c58f13,2026-10-04T11:39:24.699139+00:00,/home/iemiedc2026/Documents/Sanket/Research/output/agentic-forecaster/v3/pre_covid_exogenous/V3-20261004T113924-c58f13,LOGISTIC,X1_INDIA_MARKET,1,ABS_DIR_1D_CONTROL,MH_DEV_2017,42,90184,10374,42,0.5239059186427607,0.5239059186427607,0.5249053399964771,0.5110385110385111,0.5312605995996401,0.24943509088141072,0.015053220958698979,0.5021068038676484,0.021799114775112316,0.5090251685819833,0.022235431017656793,0.5312605995996401,0.5312605995996401,5037387770f87d61b53691a4bad1825aed96c3375e6a100d7be878667b407be2,2efeed90db8eb9a45aaf2df2645cb98ccb3a359d6064cac757636e77a02e7e51,d34865ab4b5c18cc05e5ffff7303a61c2baf9877e970fbf36daa42ccecca536e,false,false
V3-20261004T113924-3e39d5,2026-10-04T11:39:24.769511+00:00,/home/iemiedc2026/Documents/Sanket/Research/output/agentic-forecaster/v3/pre_covid_exogenous/V3-20261004T113924-3e39d5,LOGISTIC,X2_GLOBAL_RISK,1,ABS_DIR_1D_CONTROL,MH_DEV_2017,42,97748,10374,42,0.500096394833237,0.5000963948332369,0.5033826855651453,0.4335954565312363,0.4938528272739823,0.25216968339712803,0.031317503507331874,0.5018926218439252,-0.0017962270106882672,0.5090251685819833,-0.01600673435335448,0.49301843422862884,0.4938528272739823,5037387770f87d61b53691a4bad1825aed96c3375e6a100d7be878667b407be2,2efeed90db8eb9a45aaf2df2645cb98ccb3a359d6064cac757636e77a02e7e51,d34865ab4b5c18cc05e5ffff7303a61c2baf9877e970fbf36daa42ccecca536e,false,false
V3-20261004T113924-556fb9,2026-10-04T11:39:24.840597+00:00,/home/iemiedc2026/Documents/Sanket/Research/output/agentic-forecaster/v3/pre_covid_exogenous/V3-20261004T113924-556fb9,LOGISTIC,X3_MACRO_COMMODITY,1,ABS_DIR_1D_CONTROL,MH_DEV_2017,42,94588,10374,42,0.5103142471563524,0.5103142471563524,0.5071028103146229,0.5704380179266024,0.5087453019599069,0.25064662079363387,0.019251501319811255,0.5009409227386138,0.009373324417738638,0.5090251685819833,0.00015746913991643297,0.5091826377218998,0.5087453019599069,5037387770f87d61b53691a4bad1825aed96c3375e6a100d7be878667b407be2,2efeed90db8eb9a45aaf2df2645cb98ccb3a359d6064cac757636e77a02e7e51,d34865ab4b5c18cc05e5ffff7303a61c2baf9877e970fbf36daa42ccecca536e,false,false
V3-20261004T113924-16d001,2026-10-04T11:39:24.911425+00:00,/home/iemiedc2026/Documents/Sanket/Research/output/agentic-forecaster/v3/pre_covid_exogenous/V3-20261004T113924-16d001,LOGISTIC,X4_ALL_EXOGENOUS,1,ABS_DIR_1D_CONTROL,MH_DEV_2017,42,90184,10374,42,0.5014459224985541,0.501445922498554,0.5070132158039807,0.3708029197080292,0.5135115885980739,0.2551061647054534,0.06019975354680359,0.5021068038676484,-0.0006608813690942572,0.5090251685819833,0.004486420016090564,0.5135115885980739,0.5135115885980739,5037387770f87d61b53691a4bad1825aed96c3375e6a100d7be878667b407be2,2efeed90db8eb9a45aaf2df2645cb98ccb3a359d6064cac757636e77a02e7e51,d34865ab4b5c18cc05e5ffff7303a61c2baf9877e970fbf36daa42ccecca536e,false,false
V3-20261004T114006-ef2323,2026-10-04T11:40:06.943488+00:00,/home/iemiedc2026/Documents/Sanket/Research/output/agentic-forecaster/v3/pre_covid_exogenous/V3-20261004T114006-ef2323,LOGISTIC,X0_STOCK_ONLY,1,ABS_DIR_1D_CONTROL,MH_DEV_2018,42,132255,10290,42,0.508357628765792,0.5083576287657919,0.5119912467786368,0.6190225167557798,0.5196932367544014,0.24995439822806156,0.01405887137024011,0.5041472912177234,0.0042103375480686545,0.5186535291269266,,0.5186535291269266,0.5196932367544014,5037387770f87d61b53691a4bad1825aed96c3375e6a100d7be878667b407be2,2efeed90db8eb9a45aaf2df2645cb98ccb3a359d6064cac757636e77a02e7e51,d34865ab4b5c18cc05e5ffff7303a61c2baf9877e970fbf36daa42ccecca536e,false,false
V3-20261004T114006-d1d769,2026-10-04T11:40:07.013346+00:00,/home/iemiedc2026/Documents/Sanket/Research/output/agentic-forecaster/v3/pre_covid_exogenous/V3-20261004T114006-d1d769,LOGISTIC,X1_INDIA_MARKET,1,ABS_DIR_1D_CONTROL,MH_DEV_2018,42,100600,10290,42,0.5229348882410106,0.5229348882410106,0.5232501491665714,0.531985889979979,0.5225346181305545,0.24968243100600246,0.008536563266529877,0.5032604373757456,0.019674450865265092,0.5186535291269266,0.0038810890036278245,0.5225346181305545,0.5225346181305545,5037387770f87d61b53691a4bad1825aed96c3375e6a100d7be878667b407be2,2efeed90db8eb9a45aaf2df2645cb98ccb3a359d6064cac757636e77a02e7e51,d34865ab4b5c18cc05e5ffff7303a61c2baf9877e970fbf36daa42ccecca536e,false,false
V3-20261004T114007-e87b73,2026-10-04T11:40:07.083476+00:00,/home/iemiedc2026/Documents/Sanket/Research/output/agentic-forecaster/v3/pre_covid_exogenous/V3-20261004T114007-e87b73,LOGISTIC,X2_GLOBAL_RISK,1,ABS_DIR_1D_CONTROL,MH_DEV_2018,42,108164,10290,42,0.49640427599611275,0.49640427599611264,0.4932700486219548,0.3176191730313405,0.49253120558629565,0.2536783117848839,0.050777189227221374,0.5029862061314301,-0.0065819301353173265,0.5186535291269266,-0.02949077524904914,0.4891627538778775,0.49253120558629565,5037387770f87d61b53691a4bad1825aed96c3375e6a100d7be878667b407be2,2efeed90db8eb9a45aaf2df2645cb98ccb3a359d6064cac757636e77a02e7e51,d34865ab4b5c18cc05e5ffff7303a61c2baf9877e970fbf36daa42ccecca536e,false,false
V3-20261004T114007-ff9a8d,2026-10-04T11:40:07.153589+00:00,/home/iemiedc2026/Documents/Sanket/Research/output/agentic-forecaster/v3/pre_covid_exogenous/V3-20261004T114007-ff9a8d,LOGISTIC,X3_MACRO_COMMODITY,1,ABS_DIR_1D_CONTROL,MH_DEV_2018,42,105004,10290,42,0.5061224489795918,0.5061224489795918,0.5074170697337853,0.5508219904543044,0.5073354210608085,0.25132961974206675,0.023513417920966527,0.5021618224067654,0.0039606265728263645,0.5186535291269266,-0.012743842760600144,0.5059096863663265,0.5073354210608085,5037387770f87d61b53691a4bad1825aed96c3375e6a100d7be878667b407be2,2efeed90db8eb9a45aaf2df2645cb98ccb3a359d6064cac757636e77a02e7e51,d34865ab4b5c18cc05e5ffff7303a61c2baf9877e970fbf36daa42ccecca536e,false,false
V3-20261004T114007-6647c8,2026-10-04T11:40:07.271385+00:00,/home/iemiedc2026/Documents/Sanket/Research/output/agentic-forecaster/v3/pre_covid_exogenous/V3-20261004T114007-6647c8,LOGISTIC,X4_ALL_EXOGENOUS,1,ABS_DIR_1D_CONTROL,MH_DEV_2018,42,100600,10290,42,0.5191448007774538,0.5191448007774538,0.5161306191364843,0.35673426937077485,0.498378059123765,0.25801763488023266,0.051882552145711996,0.5032604373757456,0.01588436340170829,0.5186535291269266,-0.020275470003161655,0.498378059123765,0.498378059123765,5037387770f87d61b53691a4bad1825aed96c3375e6a100d7be878667b407be2,2efeed90db8eb9a45aaf2df2645cb98ccb3a359d6064cac757636e77a02e7e51,d34865ab4b5c18cc05e5ffff7303a61c2baf9877e970fbf36daa42ccecca536e,false,false
V3-20261004T114052-9bba10,2026-10-04T11:40:52.766693+00:00,/home/iemiedc2026/Documents/Sanket/Research/output/agentic-forecaster/v3/pre_covid_exogenous/V3-20261004T114052-9bba10,LOGISTIC,X0_STOCK_ONLY,3,ABS_DIR_3D,MH_DEV_2014,42,90843,10122,42,0.5433708753210827,0.5433708753210829,0.5045419752496254,0.692890365448505,0.4971666728634079,0.24855727700253316,0.018485314765032637,0.5220545336459607,0.021316341675122086,0.5174395380024499,,0.5174395380024499,0.5179947624392068,5037387770f87d61b53691a4bad1825aed96c3375e6a100d7be878667b407be2,2efeed90db8eb9a45aaf2df2645cb98ccb3a359d6064cac757636e77a02e7e51,d34865ab4b5c18cc05e5ffff7303a61c2baf9877e970fbf36daa42ccecca536e,false,false
V3-20261004T114052-78eae7,2026-10-04T11:40:52.831169+00:00,/home/iemiedc2026/Documents/Sanket/Research/output/agentic-forecaster/v3/pre_covid_exogenous/V3-20261004T114052-78eae7,LOGISTIC,X1_INDIA_MARKET,3,ABS_DIR_3D,MH_DEV_2014,42,59188,10122,42,0.4924916024501087,0.4924916024501087,0.502015062212331,0.45749287147534057,0.5105716995418543,0.2531773921831086,0.0593488720537059,0.5153916334392107,-0.022900030989101983,0.5174395380024499,-0.006867838460595577,0.5105716995418543,0.4364384586606809,5037387770f87d61b53691a4bad1825aed96c3375e6a100d7be878667b407be2,2efeed90db8eb9a45aaf2df2645cb98ccb3a359d6064cac757636e77a02e7e51,d34865ab4b5c18cc05e5ffff7303a61c2baf9877e970fbf36daa42ccecca536e,false,false
V3-20261004T114052-f0eec0,2026-10-04T11:40:52.895426+00:00,/home/iemiedc2026/Documents/Sanket/Research/output/agentic-forecaster/v3/pre_covid_exogenous/V3-20261004T114052-f0eec0,LOGISTIC,X2_GLOBAL_RISK,3,ABS_DIR_3D,MH_DEV_2014,42,66752,10122,42,0.49713495356648885,0.49713495356648896,0.5239973820243751,0.32024572649572647,0.5231750843002709,0.2584876867780891,0.09590244720602517,0.513722435282838,-0.01658748171634916,0.5174395380024499,0.004577129460940577,0.5220166674633905,0.46927921187180444,5037387770f87d61b53691a4bad1825aed96c3375e6a100d7be878667b407be2,2efeed90db8eb9a45aaf2df2645cb98ccb3a359d6064cac757636e77a02e7e51,d34865ab4b5c18cc05e5ffff7303a61c2baf9877e970fbf36daa42ccecca536e,false,false
V3-20261004T114052-77497e,2026-10-04T11:40:52.960449+00:00,/home/iemiedc2026/Documents/Sanket/Research/output/agentic-forecaster/v3/pre_covid_exogenous/V3-20261004T114052-77497e,LOGISTIC,X3_MACRO_COMMODITY,3,ABS_DIR_3D,MH_DEV_2014,42,63592,10122,42,0.4766844497134954,0.47668444971349533,0.49235664429348003,0.3946977488287053,0.4947156748241355,0.25574145356716893,0.07629717836218868,0.512061265567996,-0.03537681585450064,0.5174395380024499,-0.013784503307584295,0.5036550346948656,0.5327409901483976,5037387770f87d61b53691a4bad1825aed96c3375e6a100d7be878667b407be2,2efeed90db8eb9a45aaf2df2645cb98ccb3a359d6064cac757636e77a02e7e51,d34865ab4b5c18cc05e5ffff7303a61c2baf9877e970fbf36daa42ccecca536e,false,false
V3-20261004T114052-9e3af0,2026-10-04T11:40:53.025543+00:00,/home/iemiedc2026/Documents/Sanket/Research/output/agentic-forecaster/v3/pre_covid_exogenous/V3-20261004T114052-9e3af0,LOGISTIC,X4_ALL_EXOGENOUS,3,ABS_DIR_3D,MH_DEV_2014,42,59188,10122,42,0.4726338668247382,0.4726338668247381,0.5097177295848361,0.15216010165184243,0.5265160917566227,0.3162594115090005,0.24630218166320786,0.5153916334392107,-0.0427577666144725,0.5174395380024499,0.009076553754172823,0.5265160917566227,0.4830496321237062,5037387770f87d61b53691a4bad1825aed96c3375e6a100d7be878667b407be2,2efeed90db8eb9a45aaf2df2645cb98ccb3a359d6064cac757636e77a02e7e51,d34865ab4b5c18cc05e5ffff7303a61c2baf9877e970fbf36daa42ccecca536e,false,false
V3-20261004T114139-f1ec16,2026-10-04T11:41:39.406163+00:00,/home/iemiedc2026/Documents/Sanket/Research/output/agentic-forecaster/v3/pre_covid_exogenous/V3-20261004T114139-f1ec16,LOGISTIC,X0_STOCK_ONLY,3,ABS_DIR_3D,MH_DEV_2015,42,101091,10206,42,0.5105820105820106,0.5105820105820106,0.501838667474325,0.6648775578664877,0.4977770955092904,0.2505633293529032,0.018423846363074182,0.5239140971995528,-0.01333208661754226,0.5015505089200458,,0.5015505089200458,0.4845547587031227,5037387770f87d61b53691a4bad1825aed96c3375e6a100d7be878667b407be2,2efeed90db8eb9a45aaf2df2645cb98ccb3a359d6064cac757636e77a02e7e51,d34865ab4b5c18cc05e5ffff7303a61c2baf9877e970fbf36daa42ccecca536e,false,false
V3-20261004T114139-9fe169,2026-10-04T11:41:39.471223+00:00,/home/iemiedc2026/Documents/Sanket/Research/output/agentic-forecaster/v3/pre_covid_exogenous/V3-20261004T114139-9fe169,LOGISTIC,X1_INDIA_MARKET,3,ABS_DIR_3D,MH_DEV_2015,42,69436,10206,42,0.5333137370174407,0.5333137370174407,0.5307058851188945,0.5923136180775486,0.5525191918744896,0.24798566136817,0.006296200359681492,0.5190823204101619,0.01423141660727878,0.5015505089200458,0.05096868295444379,0.5525191918744896,0.5315597141291897,5037387770f87d61b53691a4bad1825aed96c3375e6a100d7be878667b407be2,2efeed90db8eb9a45aaf2df2645cb98ccb3a359d6064cac757636e77a02e7e51,d34865ab4b5c18cc05e5ffff7303a61c2baf9877e970fbf36daa42ccecca536e,false,false
V3-20261004T114139-a13ca4,2026-10-04T11:41:39.535837+00:00,/home/iemiedc2026/Documents/Sanket/Research/output/agentic-forecaster/v3/pre_covid_exogenous/V3-20261004T114139-a13ca4,LOGISTIC,X2_GLOBAL_RISK,3,ABS_DIR_3D,MH_DEV_2015,42,77000,10206,42,0.5018616500097982,0.5018616500097982,0.49679080265199604,0.6080789392537773,0.48822741115066426,0.2615182264407286,0.07779291820591198,0.5172727272727272,-0.015411077262929007,0.5015505089200458,-0.0034829883113886018,0.4980675206086572,0.5166809851088202,5037387770f87d61b53691a4bad1825aed96c3375e6a100d7be878667b407be2,2efeed90db8eb9a45aaf2df2645cb98ccb3a359d6064cac757636e77a02e7e51,d34865ab4b5c18cc05e5ffff7303a61c2baf9877e970fbf36daa42ccecca536e,false,false
V3-20261004T114139-b5777c,2026-10-04T11:41:39.650353+00:00,/home/iemiedc2026/Documents/Sanket/Research/output/agentic-forecaster/v3/pre_covid_exogenous/V3-20261004T114139-b5777c,LOGISTIC,X3_MACRO_COMMODITY,3,ABS_DIR_3D,MH_DEV_2015,42,73840,10206,42,0.48677248677248675,0.48677248677248675,0.48254787173721225,0.5817630150111786,0.4877624620795482,0.2576802028198787,0.077719865244744,0.5159940411700975,-0.02922155439761076,0.5015505089200458,-0.0007503416720680001,0.5008001672479778,0.4345802828826137,5037387770f87d61b53691a4bad1825aed96c3375e6a100d7be878667b407be2,2efeed90db8eb9a45aaf2df2645cb98ccb3a359d6064cac757636e77a02e7e51,d34865ab4b5c18cc05e5ffff7303a61c2baf9877e970fbf36daa42ccecca536e,false,false
V3-20261004T114139-03b871,2026-10-04T11:41:39.715425+00:00,/home/iemiedc2026/Documents/Sanket/Research/output/agentic-forecaster/v3/pre_covid_exogenous/V3-20261004T114139-03b871,LOGISTIC,X4_ALL_EXOGENOUS,3,ABS_DIR_3D,MH_DEV_2015,42,69436,10206,42,0.5122476974328826,0.5122476974328826,0.5126573481699069,0.5067380103051923,0.512500956558859,0.2626335813492347,0.08811168341355383,0.5190823204101619,-0.0068346229772793254,0.5015505089200458,0.010950447638813143,0.512500956558859,0.5782409482543951,5037387770f87d61b53691a4bad1825aed96c3375e6a100d7be878667b407be2,2efeed90db8eb9a45aaf2df2645cb98ccb3a359d6064cac757636e77a02e7e51,d34865ab4b5c18cc05e5ffff7303a61c2baf9877e970fbf36daa42ccecca536e,false,false
V3-20261004T114223-55aed3,2026-10-04T11:42:23.952315+00:00,/home/iemiedc2026/Documents/Sanket/Research/output/agentic-forecaster/v3/pre_covid_exogenous/V3-20261004T114223-55aed3,LOGISTIC,X0_STOCK_ONLY,3,ABS_DIR_3D,MH_DEV_2016,42,111423,10206,42,0.5172447579854987,0.5172447579854987,0.5009229266113198,0.672820240387808,0.5165126885586976,0.24956732456829409,0.010786513838696417,0.5228184486147385,-0.005573690629239736,0.5161992787845499,,0.5161992787845499,0.5356081932283,5037387770f87d61b53691a4bad1825aed96c3375e6a100d7be878667b407be2,2efeed90db8eb9a45aaf2df2645cb98ccb3a359d6064cac757636e77a02e7e51,d34865ab4b5c18cc05e5ffff7303a61c2baf9877e970fbf36daa42ccecca536e,false,false
V3-20261004T114224-4a1467,2026-10-04T11:42:24.063489+00:00,/home/iemiedc2026/Documents/Sanket/Research/output/agentic-forecaster/v3/pre_covid_exogenous/V3-20261004T114224-4a1467,LOGISTIC,X1_INDIA_MARKET,3,ABS_DIR_3D,MH_DEV_2016,42,79768,10206,42,0.5214579659024103,0.5214579659024104,0.5124508963477246,0.6234387047031611,0.5460430333805826,0.24819968227431036,0.021807497660125363,0.5181777153745863,0.0032802505278239913,0.5161992787845499,0.029843754596032723,0.5460430333805826,0.47865685801825897,5037387770f87d61b53691a4bad1825aed96c3375e6a100d7be878667b407be2,2efeed90db8eb9a45aaf2df2645cb98ccb3a359d6064cac757636e77a02e7e51,d34865ab4b5c18cc05e5ffff7303a61c2baf9877e970fbf36daa42ccecca536e,false,false
V3-20261004T114224-463c3a,2026-10-04T11:42:24.127668+00:00,/home/iemiedc2026/Documents/Sanket/Research/output/agentic-forecaster/v3/pre_covid_exogenous/V3-20261004T114224-463c3a,LOGISTIC,X2_GLOBAL_RISK,3,ABS_DIR_3D,MH_DEV_2016,42,87332,10206,42,0.5132275132275133,0.5132275132275134,0.5082687926187404,0.5793395427603726,0.5140988834560513,0.2513123358850617,0.04290409703532643,0.5166605597032016,-0.0034330464756883172,0.5161992787845499,0.0024701350399702893,0.5186694138245201,0.5305659673079615,5037387770f87d61b53691a4bad1825aed96c3375e6a100d7be878667b407be2,2efeed90db8eb9a45aaf2df2645cb98ccb3a359d6064cac757636e77a02e7e51,d34865ab4b5c18cc05e5ffff7303a61c2baf9877e970fbf36daa42ccecca536e,false,false
V3-20261004T114224-f10b33,2026-10-04T11:42:24.192344+00:00,/home/iemiedc2026/Documents/Sanket/Research/output/agentic-forecaster/v3/pre_covid_exogenous/V3-20261004T114224-f10b33,LOGISTIC,X3_MACRO_COMMODITY,3,ABS_DIR_3D,MH_DEV_2016,42,84172,10206,42,0.5264550264550265,0.5264550264550265,0.5167580217771922,0.6330017465259321,0.562315925588345,0.24874797331752818,0.05084839372713082,0.5155158485006891,0.010939177954337409,0.5161992787845499,0.04669509566188357,0.5628943744464334,0.544283559108512,5037387770f87d61b53691a4bad1825aed96c3375e6a100d7be878667b407be2,2efeed90db8eb9a45aaf2df2645cb98ccb3a359d6064cac757636e77a02e7e51,d34865ab4b5c18cc05e5ffff7303a61c2baf9877e970fbf36daa42ccecca536e,false,false
V3-20261004T114224-e7d3eb,2026-10-04T11:42:24.256926+00:00,/home/iemiedc2026/Documents/Sanket/Research/output/agentic-forecaster/v3/pre_covid_exogenous/V3-20261004T114224-e7d3eb,LOGISTIC,X4_ALL_EXOGENOUS,3,ABS_DIR_3D,MH_DEV_2016,42,79768,10206,42,0.5120517342739564,0.5120517342739564,0.5074484134086783,0.5746498120942946,0.5162704890534398,0.2635452644604239,0.11002829941150662,0.5181777153745863,-0.006125981100629896,0.5161992787845499,7.121026888989856e-05,0.5162704890534398,0.520851672706347,5037387770f87d61b53691a4bad1825aed96c3375e6a100d7be878667b407be2,2efeed90db8eb9a45aaf2df2645cb98ccb3a359d6064cac757636e77a02e7e51,d34865ab4b5c18cc05e5ffff7303a61c2baf9877e970fbf36daa42ccecca536e,false,false
V3-20261004T114305-c15f50,2026-10-04T11:43:05.123013+00:00,/home/iemiedc2026/Documents/Sanket/Research/output/agentic-forecaster/v3/pre_covid_exogenous/V3-20261004T114305-c15f50,LOGISTIC,X0_STOCK_ONLY,3,ABS_DIR_3D,MH_DEV_2017,42,121755,10290,42,0.5520894071914481,0.5520894071914481,0.5030514549660353,0.7062272930078399,0.5130318569912651,0.2477375241638761,0.02513152584079568,0.5222701326434233,0.0298192745480248,0.5201920165414406,,0.5201920165414406,0.4958561737948191,5037387770f87d61b53691a4bad1825aed96c3375e6a100d7be878667b407be2,2efeed90db8eb9a45aaf2df2645cb98ccb3a359d6064cac757636e77a02e7e51,d34865ab4b5c18cc05e5ffff7303a61c2baf9877e970fbf36daa42ccecca536e,false,false
V3-20261004T114305-455ef9,2026-10-04T11:43:05.185826+00:00,/home/iemiedc2026/Documents/Sanket/Research/output/agentic-forecaster/v3/pre_covid_exogenous/V3-20261004T114305-455ef9,LOGISTIC,X1_INDIA_MARKET,3,ABS_DIR_3D,MH_DEV_2017,42,90100,10290,42,0.5540330417881438,0.5540330417881438,0.5398877348695207,0.6259678865433206,0.5597739376149784,0.2469335521198806,0.04128021987243676,0.5179689234184239,0.0360641183697199,0.5201920165414406,0.03958192107353775,0.5597739376149784,0.541037619867224,5037387770f87d61b53691a4bad1825aed96c3375e6a100d7be878667b407be2,2efeed90db8eb9a45aaf2df2645cb98ccb3a359d6064cac757636e77a02e7e51,d34865ab4b5c18cc05e5ffff7303a61c2baf9877e970fbf36daa42ccecca536e,false,false
V3-20261004T114305-fb0f1c,2026-10-04T11:43:05.248189+00:00,/home/iemiedc2026/Documents/Sanket/Research/output/agentic-forecaster/v3/pre_covid_exogenous/V3-20261004T114305-fb0f1c,LOGISTIC,X2_GLOBAL_RISK,3,ABS_DIR_3D,MH_DEV_2017,42,97664,10290,42,0.4793002915451895,0.47930029154518944,0.4869464519203086,0.4669717469160366,0.4909604489352635,0.25577965578372885,0.07105636711909126,0.5166284403669725,-0.037328148821783036,0.5201920165414406,-0.027198944591069252,0.4929930719503714,0.5079622210329915,5037387770f87d61b53691a4bad1825aed96c3375e6a100d7be878667b407be2,2efeed90db8eb9a45aaf2df2645cb98ccb3a359d6064cac757636e77a02e7e51,d34865ab4b5c18cc05e5ffff7303a61c2baf9877e970fbf36daa42ccecca536e,false,false
V3-20261004T114305-f39199,2026-10-04T11:43:05.311339+00:00,/home/iemiedc2026/Documents/Sanket/Research/output/agentic-forecaster/v3/pre_covid_exogenous/V3-20261004T114305-f39199,LOGISTIC,X3_MACRO_COMMODITY,3,ABS_DIR_3D,MH_DEV_2017,42,94504,10290,42,0.5337220602526725,0.5337220602526725,0.5095364984832087,0.6373941958887546,0.5214468536446126,0.24893898541357107,0.02684737557648829,0.5156078049606366,0.01811425529203592,0.5201920165414406,0.00025017309908648144,0.5204421896405271,0.4921245606676406,5037387770f87d61b53691a4bad1825aed96c3375e6a100d7be878667b407be2,2efeed90db8eb9a45aaf2df2645cb98ccb3a359d6064cac757636e77a02e7e51,d34865ab4b5c18cc05e5ffff7303a61c2baf9877e970fbf36daa42ccecca536e,false,false
V3-20261004T114305-330170,2026-10-04T11:43:05.374628+00:00,/home/iemiedc2026/Documents/Sanket/Research/output/agentic-forecaster/v3/pre_covid_exogenous/V3-20261004T114305-330170,LOGISTIC,X4_ALL_EXOGENOUS,3,ABS_DIR_3D,MH_DEV_2017,42,90100,10290,42,0.4856171039844509,0.4856171039844509,0.5019887443872877,0.4248614582201456,0.5182050670153432,0.25972896690895725,0.09971305756975155,0.5179689234184239,-0.03235181943397303,0.5201920165414406,-0.001986949526097459,0.5182050670153432,0.5274707473350786,5037387770f87d61b53691a4bad1825aed96c3375e6a100d7be878667b407be2,2efeed90db8eb9a45aaf2df2645cb98ccb3a359d6064cac757636e77a02e7e51,d34865ab4b5c18cc05e5ffff7303a61c2baf9877e970fbf36daa42ccecca536e,false,false
V3-20261004T114348-73e16a,2026-10-04T11:43:48.468714+00:00,/home/iemiedc2026/Documents/Sanket/Research/output/agentic-forecaster/v3/pre_covid_exogenous/V3-20261004T114348-73e16a,LOGISTIC,X0_STOCK_ONLY,3,ABS_DIR_3D,MH_DEV_2018,42,132171,10206,42,0.5062708210856359,0.5062708210856359,0.5024638189597119,0.6633709666644398,0.5424009398266321,0.24982814634551356,0.024142392424424362,0.5249109108654697,-0.01864008977983378,0.5316059141640115,,0.5316059141640115,0.5165386721764457,5037387770f87d61b53691a4bad1825aed96c3375e6a100d7be878667b407be2,2efeed90db8eb9a45aaf2df2645cb98ccb3a359d6064cac757636e77a02e7e51,d34865ab4b5c18cc05e5ffff7303a61c2baf9877e970fbf36daa42ccecca536e,false,false
V3-20261004T114348-860856,2026-10-04T11:43:48.530270+00:00,/home/iemiedc2026/Documents/Sanket/Research/output/agentic-forecaster/v3/pre_covid_exogenous/V3-20261004T114348-860856,LOGISTIC,X1_INDIA_MARKET,3,ABS_DIR_3D,MH_DEV_2018,42,100516,10206,42,0.5185185185185185,0.5185185185185185,0.5167809862534225,0.6038374717832957,0.5360999306996912,0.24949400157300952,0.01860010832808867,0.5218870627561781,-0.003368544237659643,0.5316059141640115,0.004494016535679712,0.5360999306996912,0.5271277787458615,5037387770f87d61b53691a4bad1825aed96c3375e6a100d7be878667b407be2,2efeed90db8eb9a45aaf2df2645cb98ccb3a359d6064cac757636e77a02e7e51,d34865ab4b5c18cc05e5ffff7303a61c2baf9877e970fbf36daa42ccecca536e,false,false
V3-20261004T114348-52bd57,2026-10-04T11:43:48.592010+00:00,/home/iemiedc2026/Documents/Sanket/Research/output/agentic-forecaster/v3/pre_covid_exogenous/V3-20261004T114348-52bd57,LOGISTIC,X2_GLOBAL_RISK,3,ABS_DIR_3D,MH_DEV_2018,42,108080,10206,42,0.5168528316676465,0.5168528316676464,0.5176048131167108,0.47075238810776,0.5179890659512739,0.2545681187932936,0.05052749196910704,0.520401554404145,-0.003548722736498533,0.5316059141640115,-0.015616168843126554,0.5159897453208849,0.532697717258719,5037387770f87d61b53691a4bad1825aed96c3375e6a100d7be878667b407be2,2efeed90db8eb9a45aaf2df2645cb98ccb3a359d6064cac757636e77a02e7e51,d34865ab4b5c18cc05e5ffff7303a61c2baf9877e970fbf36daa42ccecca536e,false,false
V3-20261004T114348-291939,2026-10-04T11:43:48.654071+00:00,/home/iemiedc2026/Documents/Sanket/Research/output/agentic-forecaster/v3/pre_covid_exogenous/V3-20261004T114348-291939,LOGISTIC,X3_MACRO_COMMODITY,3,ABS_DIR_3D,MH_DEV_2018,42,104920,10206,42,0.5090143053106017,0.5090143053106017,0.5072479021246911,0.5971541120668864,0.5230916348248165,0.25200419844720223,0.03946767874586362,0.5195958825772017,-0.010581577266600029,0.5316059141640115,-0.011745567055681638,0.5198603471083298,0.5793545094720072,5037387770f87d61b53691a4bad1825aed96c3375e6a100d7be878667b407be2,2efeed90db8eb9a45aaf2df2645cb98ccb3a359d6064cac757636e77a02e7e51,d34865ab4b5c18cc05e5ffff7303a61c2baf9877e970fbf36daa42ccecca536e,false,false
V3-20261004T114348-8b0721,2026-10-04T11:43:48.716000+00:00,/home/iemiedc2026/Documents/Sanket/Research/output/agentic-forecaster/v3/pre_covid_exogenous/V3-20261004T114348-8b0721,LOGISTIC,X4_ALL_EXOGENOUS,3,ABS_DIR_3D,MH_DEV_2018,42,100516,10206,42,0.5306682343719381,0.530668234371938,0.532023597820871,0.441073512252042,0.5161122545950099,0.2621782176444924,0.08557716180868515,0.5218870627561781,0.008781171615759975,0.5316059141640115,-0.015493659569001617,0.5161122545950099,0.5630523263050459,5037387770f87d61b53691a4bad1825aed96c3375e6a100d7be878667b407be2,2efeed90db8eb9a45aaf2df2645cb98ccb3a359d6064cac757636e77a02e7e51,d34865ab4b5c18cc05e5ffff7303a61c2baf9877e970fbf36daa42ccecca536e,false,false
V3-20261004T114434-9cf071,2026-10-04T11:44:34.270728+00:00,/home/iemiedc2026/Documents/Sanket/Research/output/agentic-forecaster/v3/pre_covid_exogenous/V3-20261004T114434-9cf071,LOGISTIC,X0_STOCK_ONLY,5,ABS_DIR_5D,MH_DEV_2014,42,90759,10038,42,0.5595736202430763,0.5595736202430763,0.5045944789243051,0.7129034352880057,0.5115676732573935,0.24680326790871637,0.018857768823260748,0.5364426668429577,0.023130953400118615,0.5302831206663597,,0.5302831206663597,0.5537775147390225,5037387770f87d61b53691a4bad1825aed96c3375e6a100d7be878667b407be2,2efeed90db8eb9a45aaf2df2645cb98ccb3a359d6064cac757636e77a02e7e51,d34865ab4b5c18cc05e5ffff7303a61c2baf9877e970fbf36daa42ccecca536e,false,false
V3-20261004T114434-de92cf,2026-10-04T11:44:34.331597+00:00,/home/iemiedc2026/Documents/Sanket/Research/output/agentic-forecaster/v3/pre_covid_exogenous/V3-20261004T114434-de92cf,LOGISTIC,X1_INDIA_MARKET,5,ABS_DIR_5D,MH_DEV_2014,42,59104,10038,42,0.5004981071926679,0.5004981071926677,0.5080891532742005,0.4969903691813804,0.5142895331653574,0.2535198839658183,0.0676486180819745,0.5275446670276124,-0.027046559834944528,0.5302831206663597,-0.015993587501002327,0.5142895331653574,0.4143315654093921,5037387770f87d61b53691a4bad1825aed96c3375e6a100d7be878667b407be2,2efeed90db8eb9a45aaf2df2645cb98ccb3a359d6064cac757636e77a02e7e51,d34865ab4b5c18cc05e5ffff7303a61c2baf9877e970fbf36daa42ccecca536e,false,false
V3-20261004T114434-af7f83,2026-10-04T11:44:34.392149+00:00,/home/iemiedc2026/Documents/Sanket/Research/output/agentic-forecaster/v3/pre_covid_exogenous/V3-20261004T114434-af7f83,LOGISTIC,X2_GLOBAL_RISK,5,ABS_DIR_5D,MH_DEV_2014,42,66668,10038,42,0.4836620840804941,0.48366208408049405,0.5211407751062296,0.29836198727494245,0.5257100467808733,0.26689923070483884,0.13094393789624933,0.5255594888102237,-0.04189740472972964,0.5302831206663597,-0.0028785351357073496,0.5274045855306524,0.5792265143065262,5037387770f87d61b53691a4bad1825aed96c3375e6a100d7be878667b407be2,2efeed90db8eb9a45aaf2df2645cb98ccb3a359d6064cac757636e77a02e7e51,d34865ab4b5c18cc05e5ffff7303a61c2baf9877e970fbf36daa42ccecca536e,false,false
V3-20261004T114434-7feff9,2026-10-04T11:44:34.453278+00:00,/home/iemiedc2026/Documents/Sanket/Research/output/agentic-forecaster/v3/pre_covid_exogenous/V3-20261004T114434-7feff9,LOGISTIC,X3_MACRO_COMMODITY,5,ABS_DIR_5D,MH_DEV_2014,42,63508,10038,42,0.513050408447898,0.5130504084478981,0.536236658615502,0.4346518621327782,0.5343867321591114,0.25349633820210027,0.0837914305800536,0.5234143729923789,-0.010363964544480964,0.5302831206663597,0.01555587055117702,0.5458389912175368,0.5299674489540416,5037387770f87d61b53691a4bad1825aed96c3375e6a100d7be878667b407be2,2efeed90db8eb9a45aaf2df2645cb98ccb3a359d6064cac757636e77a02e7e51,d34865ab4b5c18cc05e5ffff7303a61c2baf9877e970fbf36daa42ccecca536e,false,false
V3-20261004T114434-f4ebdc,2026-10-04T11:44:34.514448+00:00,/home/iemiedc2026/Documents/Sanket/Research/output/agentic-forecaster/v3/pre_covid_exogenous/V3-20261004T114434-f4ebdc,LOGISTIC,X4_ALL_EXOGENOUS,5,ABS_DIR_5D,MH_DEV_2014,42,59104,10038,42,0.456664674237896,0.456664674237896,0.5051077371530437,0.14993765586034913,0.5308164762952674,0.3357586586304055,0.28328292334383737,0.5275446670276124,-0.0708799927897164,0.5302831206663597,0.0005333556289076613,0.5308164762952674,0.4913614531879538,5037387770f87d61b53691a4bad1825aed96c3375e6a100d7be878667b407be2,2efeed90db8eb9a45aaf2df2645cb98ccb3a359d6064cac757636e77a02e7e51,d34865ab4b5c18cc05e5ffff7303a61c2baf9877e970fbf36daa42ccecca536e,false,false
V3-20261004T114520-129d6a,2026-10-04T11:45:20.258318+00:00,/home/iemiedc2026/Documents/Sanket/Research/output/agentic-forecaster/v3/pre_covid_exogenous/V3-20261004T114520-129d6a,LOGISTIC,X0_STOCK_ONLY,5,ABS_DIR_5D,MH_DEV_2015,42,101007,10122,42,0.5163011262596325,0.5163011262596325,0.5037975417439703,0.6751592356687898,0.49355200837379787,0.2512078395455849,0.029252372218379938,0.5381805221420297,-0.02187939588239718,0.494524854477444,,0.494524854477444,0.5076166719139763,5037387770f87d61b53691a4bad1825aed96c3375e6a100d7be878667b407be2,2efeed90db8eb9a45aaf2df2645cb98ccb3a359d6064cac757636e77a02e7e51,d34865ab4b5c18cc05e5ffff7303a61c2baf9877e970fbf36daa42ccecca536e,false,false
V3-20261004T114520-bc33ba,2026-10-04T11:45:20.321707+00:00,/home/iemiedc2026/Documents/Sanket/Research/output/agentic-forecaster/v3/pre_covid_exogenous/V3-20261004T114520-bc33ba,LOGISTIC,X1_INDIA_MARKET,5,ABS_DIR_5D,MH_DEV_2015,42,69352,10122,42,0.5335901995653033,0.5335901995653034,0.5278197417474708,0.6218662394873848,0.563672642697118,0.24697412115740766,0.019557909697028798,0.5313905871496135,0.002199612415689778,0.494524854477444,0.06914778821967404,0.563672642697118,0.5149548327722748,5037387770f87d61b53691a4bad1825aed96c3375e6a100d7be878667b407be2,2efeed90db8eb9a45aaf2df2645cb98ccb3a359d6064cac757636e77a02e7e51,d34865ab4b5c18cc05e5ffff7303a61c2baf9877e970fbf36daa42ccecca536e,false,false
V3-20261004T114520-b34431,2026-10-04T11:45:20.384863+00:00,/home/iemiedc2026/Documents/Sanket/Research/output/agentic-forecaster/v3/pre_covid_exogenous/V3-20261004T114520-b34431,LOGISTIC,X2_GLOBAL_RISK,5,ABS_DIR_5D,MH_DEV_2015,42,76916,10122,42,0.4900217348350128,0.49002173483501277,0.4828831672034165,0.6029230769230769,0.4607239512749476,0.26638865965168057,0.09868948404709474,0.5292916948359249,-0.03926996000091204,0.494524854477444,-0.0215288057148858,0.4729960487625582,0.5299459930735511,5037387770f87d61b53691a4bad1825aed96c3375e6a100d7be878667b407be2,2efeed90db8eb9a45aaf2df2645cb98ccb3a359d6064cac757636e77a02e7e51,d34865ab4b5c18cc05e5ffff7303a61c2baf9877e970fbf36daa42ccecca536e,false,false
V3-20261004T114520-18e8ff,2026-10-04T11:45:20.449143+00:00,/home/iemiedc2026/Documents/Sanket/Research/output/agentic-forecaster/v3/pre_covid_exogenous/V3-20261004T114520-18e8ff,LOGISTIC,X3_MACRO_COMMODITY,5,ABS_DIR_5D,MH_DEV_2015,42,73756,10122,42,0.5026674570243035,0.5026674570243035,0.4972939164945567,0.5915287244401168,0.4917533702098825,0.26252942908667654,0.08686809559344034,0.5276045338684311,-0.024937076844127604,0.494524854477444,0.008994948904580191,0.5035198033820242,0.4697149499891018,5037387770f87d61b53691a4bad1825aed96c3375e6a100d7be878667b407be2,2efeed90db8eb9a45aaf2df2645cb98ccb3a359d6064cac757636e77a02e7e51,d34865ab4b5c18cc05e5ffff7303a61c2baf9877e970fbf36daa42ccecca536e,false,false
V3-20261004T114520-43e42d,2026-10-04T11:45:20.512788+00:00,/home/iemiedc2026/Documents/Sanket/Research/output/agentic-forecaster/v3/pre_covid_exogenous/V3-20261004T114520-43e42d,LOGISTIC,X4_ALL_EXOGENOUS,5,ABS_DIR_5D,MH_DEV_2015,42,69352,10122,42,0.5045445564117763,0.5045445564117763,0.504521716491056,0.5114466634193863,0.5046949464667023,0.27134209835446915,0.12232159388075706,0.5313905871496135,-0.0268460307378372,0.494524854477444,0.010170091989258334,0.5046949464667023,0.5907582766220242,5037387770f87d61b53691a4bad1825aed96c3375e6a100d7be878667b407be2,2efeed90db8eb9a45aaf2df2645cb98ccb3a359d6064cac757636e77a02e7e51,d34865ab4b5c18cc05e5ffff7303a61c2baf9877e970fbf36daa42ccecca536e,false,false
V3-20261004T114604-4ee7ca,2026-10-04T11:46:05.032836+00:00,/home/iemiedc2026/Documents/Sanket/Research/output/agentic-forecaster/v3/pre_covid_exogenous/V3-20261004T114604-4ee7ca,LOGISTIC,X0_STOCK_ONLY,5,ABS_DIR_5D,MH_DEV_2016,42,111339,10122,42,0.526674570243035,0.526674570243035,0.5022086214916204,0.6856092919482906,0.5150212996303267,0.2493159469817148,0.014716740120471366,0.5359846953897556,-0.009310125146720583,0.5074257382142365,,0.5074257382142365,0.43775438277359646,5037387770f87d61b53691a4bad1825aed96c3375e6a100d7be878667b407be2,2efeed90db8eb9a45aaf2df2645cb98ccb3a359d6064cac757636e77a02e7e51,d34865ab4b5c18cc05e5ffff7303a61c2baf9877e970fbf36daa42ccecca536e,false,false
V3-20261004T114605-b591fd,2026-10-04T11:46:05.094070+00:00,/home/iemiedc2026/Documents/Sanket/Research/output/agentic-forecaster/v3/pre_covid_exogenous/V3-20261004T114605-b591fd,LOGISTIC,X1_INDIA_MARKET,5,ABS_DIR_5D,MH_DEV_2016,42,79684,10122,42,0.536158861885003,0.5361588618850031,0.5208975895047735,0.6501750987258773,0.5372315596604351,0.24955646020174926,0.020897606958519777,0.5292028512624868,0.006956010622516162,0.5074257382142365,0.029805821446198588,0.5372315596604351,0.5006480365629051,5037387770f87d61b53691a4bad1825aed96c3375e6a100d7be878667b407be2,2efeed90db8eb9a45aaf2df2645cb98ccb3a359d6064cac757636e77a02e7e51,d34865ab4b5c18cc05e5ffff7303a61c2baf9877e970fbf36daa42ccecca536e,false,false
V3-20261004T114605-108018,2026-10-04T11:46:05.154666+00:00,/home/iemiedc2026/Documents/Sanket/Research/output/agentic-forecaster/v3/pre_covid_exogenous/V3-20261004T114605-108018,LOGISTIC,X2_GLOBAL_RISK,5,ABS_DIR_5D,MH_DEV_2016,42,87248,10122,42,0.5299347954949615,0.5299347954949615,0.5210146083965429,0.608781450419339,0.5269371852218233,0.2507592238205255,0.032875969590114254,0.5275421786172749,0.0023926168776865486,0.5074257382142365,0.016097016196361835,0.5235227544105984,0.4409604584006003,5037387770f87d61b53691a4bad1825aed96c3375e6a100d7be878667b407be2,2efeed90db8eb9a45aaf2df2645cb98ccb3a359d6064cac757636e77a02e7e51,d34865ab4b5c18cc05e5ffff7303a61c2baf9877e970fbf36daa42ccecca536e,false,false
V3-20261004T114605-176bbc,2026-10-04T11:46:05.216569+00:00,/home/iemiedc2026/Documents/Sanket/Research/output/agentic-forecaster/v3/pre_covid_exogenous/V3-20261004T114605-176bbc,LOGISTIC,X3_MACRO_COMMODITY,5,ABS_DIR_5D,MH_DEV_2016,42,84088,10122,42,0.5447540011855364,0.5447540011855365,0.530297793997195,0.6526458616010855,0.5764851642787493,0.24824451533806882,0.053634149905916494,0.5259965750166492,0.018757426168887203,0.5074257382142365,0.07072814403575323,0.5781538822499898,0.5342322472088952,5037387770f87d61b53691a4bad1825aed96c3375e6a100d7be878667b407be2,2efeed90db8eb9a45aaf2df2645cb98ccb3a359d6064cac757636e77a02e7e51,d34865ab4b5c18cc05e5ffff7303a61c2baf9877e970fbf36daa42ccecca536e,false,false
V3-20261004T114605-296c66,2026-10-04T11:46:05.277574+00:00,/home/iemiedc2026/Documents/Sanket/Research/output/agentic-forecaster/v3/pre_covid_exogenous/V3-20261004T114605-296c66,LOGISTIC,X4_ALL_EXOGENOUS,5,ABS_DIR_5D,MH_DEV_2016,42,79684,10122,42,0.5227227820588817,0.5227227820588817,0.5154248866126279,0.5918729407789136,0.5349434381289472,0.26029307511336786,0.10360895856536702,0.5292028512624868,-0.00648006920360511,0.5074257382142365,0.027517699914710647,0.5349434381289472,0.4926214784328884,5037387770f87d61b53691a4bad1825aed96c3375e6a100d7be878667b407be2,2efeed90db8eb9a45aaf2df2645cb98ccb3a359d6064cac757636e77a02e7e51,d34865ab4b5c18cc05e5ffff7303a61c2baf9877e970fbf36daa42ccecca536e,false,false
V3-20261004T114648-20ace8,2026-10-04T11:46:48.357872+00:00,/home/iemiedc2026/Documents/Sanket/Research/output/agentic-forecaster/v3/pre_covid_exogenous/V3-20261004T114648-20ace8,LOGISTIC,X0_STOCK_ONLY,5,ABS_DIR_5D,MH_DEV_2017,42,121671,10206,42,0.5728982951205174,0.5728982951205174,0.49960033555627115,0.7267941084299593,0.5091427612157577,0.24568130068388971,0.03701289817097562,0.5347289000665729,0.038169395053944455,0.518689685211901,,0.518689685211901,0.4342946893992853,5037387770f87d61b53691a4bad1825aed96c3375e6a100d7be878667b407be2,2efeed90db8eb9a45aaf2df2645cb98ccb3a359d6064cac757636e77a02e7e51,d34865ab4b5c18cc05e5ffff7303a61c2baf9877e970fbf36daa42ccecca536e,false,false
V3-20261004T114648-2898b7,2026-10-04T11:46:48.421459+00:00,/home/iemiedc2026/Documents/Sanket/Research/output/agentic-forecaster/v3/pre_covid_exogenous/V3-20261004T114648-2898b7,LOGISTIC,X1_INDIA_MARKET,5,ABS_DIR_5D,MH_DEV_2017,42,90016,10206,42,0.5718204977464236,0.5718204977464236,0.5383266729795289,0.6716260895701833,0.5681812494163456,0.2445182886359013,0.053634370192451944,0.5282838606469961,0.043536637099427566,0.518689685211901,0.04949156420444467,0.5681812494163456,0.5763811431563134,5037387770f87d61b53691a4bad1825aed96c3375e6a100d7be878667b407be2,2efeed90db8eb9a45aaf2df2645cb98ccb3a359d6064cac757636e77a02e7e51,d34865ab4b5c18cc05e5ffff7303a61c2baf9877e970fbf36daa42ccecca536e,false,false
V3-20261004T114648-b195c2,2026-10-04T11:46:48.485340+00:00,/home/iemiedc2026/Documents/Sanket/Research/output/agentic-forecaster/v3/pre_covid_exogenous/V3-20261004T114648-b195c2,LOGISTIC,X2_GLOBAL_RISK,5,ABS_DIR_5D,MH_DEV_2017,42,97580,10206,42,0.45247893396041544,0.4524789339604154,0.47356252902065554,0.4116656138134344,0.47813358551257445,0.26151253406034514,0.10987363518285649,0.5268702602992417,-0.07439132633882622,0.518689685211901,-0.03584958237953206,0.4828401028323689,0.4922719719560219,5037387770f87d61b53691a4bad1825aed96c3375e6a100d7be878667b407be2,2efeed90db8eb9a45aaf2df2645cb98ccb3a359d6064cac757636e77a02e7e51,d34865ab4b5c18cc05e5ffff7303a61c2baf9877e970fbf36daa42ccecca536e,false,false
V3-20261004T114648-fc661c,2026-10-04T11:46:48.549962+00:00,/home/iemiedc2026/Documents/Sanket/Research/output/agentic-forecaster/v3/pre_covid_exogenous/V3-20261004T114648-fc661c,LOGISTIC,X3_MACRO_COMMODITY,5,ABS_DIR_5D,MH_DEV_2017,42,94420,10206,42,0.5399764844209288,0.5399764844209288,0.5045899927213378,0.6492342174075457,0.519086638867601,0.24872083634000094,0.04264894705942762,0.5254712984537174,0.014505185967211398,0.518689685211901,-0.004370340317436439,0.5143193448944645,0.514693496619699,5037387770f87d61b53691a4bad1825aed96c3375e6a100d7be878667b407be2,2efeed90db8eb9a45aaf2df2645cb98ccb3a359d6064cac757636e77a02e7e51,d34865ab4b5c18cc05e5ffff7303a61c2baf9877e970fbf36daa42ccecca536e,false,false
V3-20261004T114648-16c913,2026-10-04T11:46:48.614127+00:00,/home/iemiedc2026/Documents/Sanket/Research/output/agentic-forecaster/v3/pre_covid_exogenous/V3-20261004T114648-16c913,LOGISTIC,X4_ALL_EXOGENOUS,5,ABS_DIR_5D,MH_DEV_2017,42,90016,10206,42,0.4821673525377229,0.48216735253772297,0.5045522381228492,0.4411547002220577,0.52105698889673,0.2671701284117732,0.137438184945712,0.5282838606469961,-0.04611650810927315,0.518689685211901,0.0023673036848290696,0.52105698889673,0.6111174341581115,5037387770f87d61b53691a4bad1825aed96c3375e6a100d7be878667b407be2,2efeed90db8eb9a45aaf2df2645cb98ccb3a359d6064cac757636e77a02e7e51,d34865ab4b5c18cc05e5ffff7303a61c2baf9877e970fbf36daa42ccecca536e,false,false
V3-20261004T114734-e12455,2026-10-04T11:47:34.894507+00:00,/home/iemiedc2026/Documents/Sanket/Research/output/agentic-forecaster/v3/pre_covid_exogenous/V3-20261004T114734-e12455,LOGISTIC,X0_STOCK_ONLY,5,ABS_DIR_5D,MH_DEV_2018,42,132087,10122,42,0.5038529934795495,0.5038529934795494,0.5034738238767097,0.6647977573087706,0.5482223286322693,0.2505994402239023,0.04036299345016428,0.5383648655810186,-0.03451187210146911,0.5275710405815949,,0.5275710405815949,0.6038925687324199,5037387770f87d61b53691a4bad1825aed96c3375e6a100d7be878667b407be2,2efeed90db8eb9a45aaf2df2645cb98ccb3a359d6064cac757636e77a02e7e51,d34865ab4b5c18cc05e5ffff7303a61c2baf9877e970fbf36daa42ccecca536e,false,false
V3-20261004T114734-5cb9dd,2026-10-04T11:47:34.957942+00:00,/home/iemiedc2026/Documents/Sanket/Research/output/agentic-forecaster/v3/pre_covid_exogenous/V3-20261004T114734-5cb9dd,LOGISTIC,X1_INDIA_MARKET,5,ABS_DIR_5D,MH_DEV_2018,42,100432,10122,42,0.5163999209642364,0.5163999209642364,0.5161958998122295,0.6157469189104325,0.544050343361103,0.24988668764613522,0.031899664666747346,0.5337342679624024,-0.01733434699816605,0.5275710405815949,0.016479302779508154,0.544050343361103,0.39390708647128214,5037387770f87d61b53691a4bad1825aed96c3375e6a100d7be878667b407be2,2efeed90db8eb9a45aaf2df2645cb98ccb3a359d6064cac757636e77a02e7e51,d34865ab4b5c18cc05e5ffff7303a61c2baf9877e970fbf36daa42ccecca536e,false,false
V3-20261004T114734-6e780a,2026-10-04T11:47:35.021206+00:00,/home/iemiedc2026/Documents/Sanket/Research/output/agentic-forecaster/v3/pre_covid_exogenous/V3-20261004T114734-6e780a,LOGISTIC,X2_GLOBAL_RISK,5,ABS_DIR_5D,MH_DEV_2018,42,107996,10122,42,0.5216360403082395,0.5216360403082395,0.5216866517358578,0.4891327284237181,0.5067401221338342,0.25782296337307986,0.05543850776121676,0.5320752620467425,-0.01043922173850298,0.5275710405815949,-0.027030333955981756,0.5005407066256131,0.5833182106886852,5037387770f87d61b53691a4bad1825aed96c3375e6a100d7be878667b407be2,2efeed90db8eb9a45aaf2df2645cb98ccb3a359d6064cac757636e77a02e7e51,d34865ab4b5c18cc05e5ffff7303a61c2baf9877e970fbf36daa42ccecca536e,false,false
V3-20261004T114735-b5153d,2026-10-04T11:47:35.085343+00:00,/home/iemiedc2026/Documents/Sanket/Research/output/agentic-forecaster/v3/pre_covid_exogenous/V3-20261004T114735-b5153d,LOGISTIC,X3_MACRO_COMMODITY,5,ABS_DIR_5D,MH_DEV_2018,42,104836,10122,42,0.518968583283936,0.5189685832839361,0.5187767447153779,0.6130493523007232,0.5317767968359126,0.2532522925370833,0.047816631983051035,0.5309721851272464,-0.012003601843310396,0.5275710405815949,0.001668247526080302,0.5292392881076752,0.5694583068687052,5037387770f87d61b53691a4bad1825aed96c3375e6a100d7be878667b407be2,2efeed90db8eb9a45aaf2df2645cb98ccb3a359d6064cac757636e77a02e7e51,d34865ab4b5c18cc05e5ffff7303a61c2baf9877e970fbf36daa42ccecca536e,false,false
V3-20261004T114735-01f691,2026-10-04T11:47:35.148993+00:00,/home/iemiedc2026/Documents/Sanket/Research/output/agentic-forecaster/v3/pre_covid_exogenous/V3-20261004T114735-01f691,LOGISTIC,X4_ALL_EXOGENOUS,5,ABS_DIR_5D,MH_DEV_2018,42,100432,10122,42,0.5333926101560956,0.5333926101560956,0.5334890637648868,0.4687886626926105,0.5246863739548808,0.2642516563147132,0.09351980123610512,0.5337342679624024,-0.0003416578063067943,0.5275710405815949,-0.0028846666267140497,0.5246863739548808,0.5952272933490609,5037387770f87d61b53691a4bad1825aed96c3375e6a100d7be878667b407be2,2efeed90db8eb9a45aaf2df2645cb98ccb3a359d6064cac757636e77a02e7e51,d34865ab4b5c18cc05e5ffff7303a61c2baf9877e970fbf36daa42ccecca536e,false,false
V3-20261004T114821-deeaed,2026-10-04T11:48:21.218365+00:00,/home/iemiedc2026/Documents/Sanket/Research/output/agentic-forecaster/v3/pre_covid_exogenous/V3-20261004T114821-deeaed,LOGISTIC,X0_STOCK_ONLY,10,ABS_DIR_10D,MH_DEV_2014,42,90549,9828,42,0.5885225885225885,0.5885225885225885,0.5001029785079406,0.7405696689761355,0.5217324423354568,0.24247773245291807,0.028297281684803468,0.5568808048680824,0.031641783654506095,0.5446127015949694,,0.5446127015949694,0.4921898025346302,5037387770f87d61b53691a4bad1825aed96c3375e6a100d7be878667b407be2,2efeed90db8eb9a45aaf2df2645cb98ccb3a359d6064cac757636e77a02e7e51,d34865ab4b5c18cc05e5ffff7303a61c2baf9877e970fbf36daa42ccecca536e,false,false
V3-20261004T114821-b62513,2026-10-04T11:48:21.279665+00:00,/home/iemiedc2026/Documents/Sanket/Research/output/agentic-forecaster/v3/pre_covid_exogenous/V3-20261004T114821-b62513,LOGISTIC,X1_INDIA_MARKET,10,ABS_DIR_10D,MH_DEV_2014,42,58894,9828,42,0.5268620268620269,0.526862026862027,0.5294214900066372,0.5618168111571805,0.5365929509329648,0.25207989835526395,0.08946942770758974,0.5422114307060142,-0.015349403843987308,0.5446127015949694,-0.008019750662004665,0.5365929509329648,0.19422340111995284,5037387770f87d61b53691a4bad1825aed96c3375e6a100d7be878667b407be2,2efeed90db8eb9a45aaf2df2645cb98ccb3a359d6064cac757636e77a02e7e51,d34865ab4b5c18cc05e5ffff7303a61c2baf9877e970fbf36daa42ccecca536e,false,false
V3-20261004T114821-4a54fd,2026-10-04T11:48:21.341208+00:00,/home/iemiedc2026/Documents/Sanket/Research/output/agentic-forecaster/v3/pre_covid_exogenous/V3-20261004T114821-4a54fd,LOGISTIC,X2_GLOBAL_RISK,10,ABS_DIR_10D,MH_DEV_2014,42,66458,9828,42,0.4981684981684982,0.4981684981684983,0.5506230028669764,0.3750633552965028,0.5466432769745531,0.27421145083422666,0.17572403816572035,0.5391074061813477,-0.040938908012849495,0.5446127015949694,-0.001670663783724602,0.5429420378112448,0.515473032714412,5037387770f87d61b53691a4bad1825aed96c3375e6a100d7be878667b407be2,2efeed90db8eb9a45aaf2df2645cb98ccb3a359d6064cac757636e77a02e7e51,d34865ab4b5c18cc05e5ffff7303a61c2baf9877e970fbf36daa42ccecca536e,false,false
V3-20261004T114821-0b6f5c,2026-10-04T11:48:21.451413+00:00,/home/iemiedc2026/Documents/Sanket/Research/output/agentic-forecaster/v3/pre_covid_exogenous/V3-20261004T114821-0b6f5c,LOGISTIC,X3_MACRO_COMMODITY,10,ABS_DIR_10D,MH_DEV_2014,42,63298,9828,42,0.4946072446072446,0.49460724460724464,0.5388907230391319,0.4032199927910609,0.5816733750949387,0.2560101214804594,0.13814494245823575,0.5367310183576101,-0.04212377375036547,0.5446127015949694,0.04594180003694914,0.5905545016319186,0.6056587091069849,5037387770f87d61b53691a4bad1825aed96c3375e6a100d7be878667b407be2,2efeed90db8eb9a45aaf2df2645cb98ccb3a359d6064cac757636e77a02e7e51,d34865ab4b5c18cc05e5ffff7303a61c2baf9877e970fbf36daa42ccecca536e,false,false
V3-20261004T114821-d74616,2026-10-04T11:48:21.513582+00:00,/home/iemiedc2026/Documents/Sanket/Research/output/agentic-forecaster/v3/pre_covid_exogenous/V3-20261004T114821-d74616,LOGISTIC,X4_ALL_EXOGENOUS,10,ABS_DIR_10D,MH_DEV_2014,42,58894,9828,42,0.434981684981685,0.4349816849816848,0.5053499216542249,0.1861351311739704,0.5758799359548947,0.366213088531008,0.34074900483698345,0.5422114307060142,-0.1072297457243292,0.5446127015949694,0.03126723435992529,0.5758799359548947,0.41320365458296493,5037387770f87d61b53691a4bad1825aed96c3375e6a100d7be878667b407be2,2efeed90db8eb9a45aaf2df2645cb98ccb3a359d6064cac757636e77a02e7e51,d34865ab4b5c18cc05e5ffff7303a61c2baf9877e970fbf36daa42ccecca536e,false,false
V3-20261004T114906-752708,2026-10-04T11:49:06.940041+00:00,/home/iemiedc2026/Documents/Sanket/Research/output/agentic-forecaster/v3/pre_covid_exogenous/V3-20261004T114906-752708,LOGISTIC,X0_STOCK_ONLY,10,ABS_DIR_10D,MH_DEV_2015,42,100797,9912,42,0.515637610976594,0.515637610976594,0.49949902215172265,0.6798693071947723,0.47222790660993647,0.25328482761842663,0.04749265664760353,0.5595999880948838,-0.043962377118289764,0.4928051274830082,,0.4928051274830082,0.39927150462314376,5037387770f87d61b53691a4bad1825aed96c3375e6a100d7be878667b407be2,2efeed90db8eb9a45aaf2df2645cb98ccb3a359d6064cac757636e77a02e7e51,d34865ab4b5c18cc05e5ffff7303a61c2baf9877e970fbf36daa42ccecca536e,false,false
V3-20261004T114906-1f09c3,2026-10-04T11:49:07.001613+00:00,/home/iemiedc2026/Documents/Sanket/Research/output/agentic-forecaster/v3/pre_covid_exogenous/V3-20261004T114906-1f09c3,LOGISTIC,X1_INDIA_MARKET,10,ABS_DIR_10D,MH_DEV_2015,42,69142,9912,42,0.5479217110573043,0.5479217110573041,0.5389170776101988,0.6508220992753059,0.5714610542910086,0.24707269900035309,0.026620315132359774,0.5483497729310693,-0.0004280618737650954,0.4928051274830082,0.07865592680800038,0.5714610542910086,0.5741103950686467,5037387770f87d61b53691a4bad1825aed96c3375e6a100d7be878667b407be2,2efeed90db8eb9a45aaf2df2645cb98ccb3a359d6064cac757636e77a02e7e51,d34865ab4b5c18cc05e5ffff7303a61c2baf9877e970fbf36daa42ccecca536e,false,false
V3-20261004T114907-360f01,2026-10-04T11:49:07.111134+00:00,/home/iemiedc2026/Documents/Sanket/Research/output/agentic-forecaster/v3/pre_covid_exogenous/V3-20261004T114907-360f01,LOGISTIC,X2_GLOBAL_RISK,10,ABS_DIR_10D,MH_DEV_2015,42,76706,9912,42,0.5178571428571429,0.5178571428571429,0.507574009063819,0.6383107545599032,0.48017300282869896,0.2716739359985736,0.12005136578965546,0.5450551456209423,-0.027198002763799356,0.4928051274830082,-0.0002415225129264731,0.4925636049700817,0.397310170916223,5037387770f87d61b53691a4bad1825aed96c3375e6a100d7be878667b407be2,2efeed90db8eb9a45aaf2df2645cb98ccb3a359d6064cac757636e77a02e7e51,d34865ab4b5c18cc05e5ffff7303a61c2baf9877e970fbf36daa42ccecca536e,false,false
V3-20261004T114907-9dca82,2026-10-04T11:49:07.173319+00:00,/home/iemiedc2026/Documents/Sanket/Research/output/agentic-forecaster/v3/pre_covid_exogenous/V3-20261004T114907-9dca82,LOGISTIC,X3_MACRO_COMMODITY,10,ABS_DIR_10D,MH_DEV_2015,42,73546,9912,42,0.5030266343825666,0.5030266343825666,0.4949752435348609,0.6068007662835249,0.4627226140838274,0.2781510566574722,0.1294501438241046,0.5432654393168901,-0.040238804934323524,0.4928051274830082,-0.02278267273638368,0.4700224547466245,0.41272065004202857,5037387770f87d61b53691a4bad1825aed96c3375e6a100d7be878667b407be2,2efeed90db8eb9a45aaf2df2645cb98ccb3a359d6064cac757636e77a02e7e51,d34865ab4b5c18cc05e5ffff7303a61c2baf9877e970fbf36daa42ccecca536e,false,false
V3-20261004T114907-e01fed,2026-10-04T11:49:07.235328+00:00,/home/iemiedc2026/Documents/Sanket/Research/output/agentic-forecaster/v3/pre_covid_exogenous/V3-20261004T114907-e01fed,LOGISTIC,X4_ALL_EXOGENOUS,10,ABS_DIR_10D,MH_DEV_2015,42,69142,9912,42,0.48073042776432606,0.48073042776432606,0.4803098017343077,0.49514467876410007,0.4847563469455004,0.28712093628954494,0.17056432355244197,0.5483497729310693,-0.06761934516674328,0.4928051274830082,-0.008048780537507794,0.4847563469455004,0.602689829083777,5037387770f87d61b53691a4bad1825aed96c3375e6a100d7be878667b407be2,2efeed90db8eb9a45aaf2df2645cb98ccb3a359d6064cac757636e77a02e7e51,d34865ab4b5c18cc05e5ffff7303a61c2baf9877e970fbf36daa42ccecca536e,false,false
V3-20261004T114953-bb1aee,2026-10-04T11:49:53.164830+00:00,/home/iemiedc2026/Documents/Sanket/Research/output/agentic-forecaster/v3/pre_covid_exogenous/V3-20261004T114953-bb1aee,LOGISTIC,X0_STOCK_ONLY,10,ABS_DIR_10D,MH_DEV_2016,42,111129,9912,42,0.5456012913640033,0.5456012913640033,0.49996565374433105,0.7055054269648228,0.49436353924676624,0.24851512157895247,0.013025923580558424,0.5558855024341081,-0.010284211070104798,0.4709090909837445,,0.4709090909837445,0.3428494478858066,5037387770f87d61b53691a4bad1825aed96c3375e6a100d7be878667b407be2,2efeed90db8eb9a45aaf2df2645cb98ccb3a359d6064cac757636e77a02e7e51,d34865ab4b5c18cc05e5ffff7303a61c2baf9877e970fbf36daa42ccecca536e,false,false
V3-20261004T114953-242009,2026-10-04T11:49:53.226289+00:00,/home/iemiedc2026/Documents/Sanket/Research/output/agentic-forecaster/v3/pre_covid_exogenous/V3-20261004T114953-242009,LOGISTIC,X1_INDIA_MARKET,10,ABS_DIR_10D,MH_DEV_2016,42,79474,9912,42,0.5446933010492333,0.5446933010492332,0.5134444753257361,0.6718534138006254,0.5122257272876095,0.2510455869220281,0.036032684709103945,0.544618365754838,7.493529439528412e-05,0.4709090909837445,0.041316636303865006,0.5122257272876095,0.55776999730676,5037387770f87d61b53691a4bad1825aed96c3375e6a100d7be878667b407be2,2efeed90db8eb9a45aaf2df2645cb98ccb3a359d6064cac757636e77a02e7e51,d34865ab4b5c18cc05e5ffff7303a61c2baf9877e970fbf36daa42ccecca536e,false,false
V3-20261004T114953-80d53a,2026-10-04T11:49:53.287800+00:00,/home/iemiedc2026/Documents/Sanket/Research/output/agentic-forecaster/v3/pre_covid_exogenous/V3-20261004T114953-80d53a,LOGISTIC,X2_GLOBAL_RISK,10,ABS_DIR_10D,MH_DEV_2016,42,87038,9912,42,0.5347054075867635,0.5347054075867634,0.5095274213894684,0.6477776080647625,0.5370783329900077,0.25114286874027963,0.05907077139515064,0.5420391093545348,-0.007333701767771261,0.4709090909837445,0.07511359823897529,0.5460226892227198,0.6617290600592513,5037387770f87d61b53691a4bad1825aed96c3375e6a100d7be878667b407be2,2efeed90db8eb9a45aaf2df2645cb98ccb3a359d6064cac757636e77a02e7e51,d34865ab4b5c18cc05e5ffff7303a61c2baf9877e970fbf36daa42ccecca536e,false,false
V3-20261004T114953-fa49bc,2026-10-04T11:49:53.350311+00:00,/home/iemiedc2026/Documents/Sanket/Research/output/agentic-forecaster/v3/pre_covid_exogenous/V3-20261004T114953-fa49bc,LOGISTIC,X3_MACRO_COMMODITY,10,ABS_DIR_10D,MH_DEV_2016,42,83878,9912,42,0.549636803874092,0.549636803874092,0.5198404954138408,0.6718129686810763,0.5734569097788943,0.24751835815796155,0.06806875318254949,0.5403562316698062,0.009280572204285797,0.4709090909837445,0.11080217045342527,0.5817112614371698,0.7344465391866415,5037387770f87d61b53691a4bad1825aed96c3375e6a100d7be878667b407be2,2efeed90db8eb9a45aaf2df2645cb98ccb3a359d6064cac757636e77a02e7e51,d34865ab4b5c18cc05e5ffff7303a61c2baf9877e970fbf36daa42ccecca536e,false,false
V3-20261004T114953-8a79ab,2026-10-04T11:49:53.412149+00:00,/home/iemiedc2026/Documents/Sanket/Research/output/agentic-forecaster/v3/pre_covid_exogenous/V3-20261004T114953-8a79ab,LOGISTIC,X4_ALL_EXOGENOUS,10,ABS_DIR_10D,MH_DEV_2016,42,79474,9912,42,0.5318805488297014,0.5318805488297014,0.5231748126691984,0.5903954802259888,0.5415367356505634,0.25946984094923614,0.09180130684709512,0.544618365754838,-0.012737816925136647,0.4709090909837445,0.07062764466681887,0.5415367356505634,0.7398330191220037,5037387770f87d61b53691a4bad1825aed96c3375e6a100d7be878667b407be2,2efeed90db8eb9a45aaf2df2645cb98ccb3a359d6064cac757636e77a02e7e51,d34865ab4b5c18cc05e5ffff7303a61c2baf9877e970fbf36daa42ccecca536e,false,false
V3-20261004T115040-6e8c8b,2026-10-04T11:50:40.424238+00:00,/home/iemiedc2026/Documents/Sanket/Research/output/agentic-forecaster/v3/pre_covid_exogenous/V3-20261004T115040-6e8c8b,LOGISTIC,X0_STOCK_ONLY,10,ABS_DIR_10D,MH_DEV_2017,42,121461,9996,42,0.6061424569827931,0.6061424569827932,0.5003558270856433,0.7545358189413305,0.4894612007411835,0.24156839991758866,0.04928229249544325,0.5543260799762887,0.05181637700650443,0.5099523217696378,,0.5099523217696378,0.38736842105263164,5037387770f87d61b53691a4bad1825aed96c3375e6a100d7be878667b407be2,2efeed90db8eb9a45aaf2df2645cb98ccb3a359d6064cac757636e77a02e7e51,d34865ab4b5c18cc05e5ffff7303a61c2baf9877e970fbf36daa42ccecca536e,false,false
V3-20261004T115040-3c6125,2026-10-04T11:50:40.482954+00:00,/home/iemiedc2026/Documents/Sanket/Research/output/agentic-forecaster/v3/pre_covid_exogenous/V3-20261004T115040-3c6125,LOGISTIC,X1_INDIA_MARKET,10,ABS_DIR_10D,MH_DEV_2017,42,89806,9996,42,0.5787314925970388,0.5787314925970388,0.5060775668671325,0.7094058381064109,0.5353543428658073,0.24145205610312329,0.05822387104546719,0.5438055363784157,0.034925956218623155,0.5099523217696378,0.025402021096169514,0.5353543428658073,0.6260526315789473,5037387770f87d61b53691a4bad1825aed96c3375e6a100d7be878667b407be2,2efeed90db8eb9a45aaf2df2645cb98ccb3a359d6064cac757636e77a02e7e51,d34865ab4b5c18cc05e5ffff7303a61c2baf9877e970fbf36daa42ccecca536e,false,false
V3-20261004T115040-a9a8ee,2026-10-04T11:50:40.542613+00:00,/home/iemiedc2026/Documents/Sanket/Research/output/agentic-forecaster/v3/pre_covid_exogenous/V3-20261004T115040-a9a8ee,LOGISTIC,X2_GLOBAL_RISK,10,ABS_DIR_10D,MH_DEV_2017,42,97370,9996,42,0.4694877951180472,0.4694877951180472,0.48161378399007004,0.4923901598545037,0.47659424515086035,0.2645629863255497,0.13057699138376622,0.5415631097874088,-0.07207531466936162,0.5099523217696378,-0.03198607981635837,0.4779662419532794,0.5931578947368421,5037387770f87d61b53691a4bad1825aed96c3375e6a100d7be878667b407be2,2efeed90db8eb9a45aaf2df2645cb98ccb3a359d6064cac757636e77a02e7e51,d34865ab4b5c18cc05e5ffff7303a61c2baf9877e970fbf36daa42ccecca536e,false,false
V3-20261004T115040-7f5418,2026-10-04T11:50:40.602191+00:00,/home/iemiedc2026/Documents/Sanket/Research/output/agentic-forecaster/v3/pre_covid_exogenous/V3-20261004T115040-7f5418,LOGISTIC,X3_MACRO_COMMODITY,10,ABS_DIR_10D,MH_DEV_2017,42,94210,9996,42,0.5623249299719888,0.5623249299719888,0.4992157383225478,0.6881015185000356,0.5168849552090918,0.24584462592292722,0.05868963088052918,0.5400488270884195,0.022276102883569293,0.5099523217696378,-0.0016117860260147499,0.508340535743623,0.4521052631578947,5037387770f87d61b53691a4bad1825aed96c3375e6a100d7be878667b407be2,2efeed90db8eb9a45aaf2df2645cb98ccb3a359d6064cac757636e77a02e7e51,d34865ab4b5c18cc05e5ffff7303a61c2baf9877e970fbf36daa42ccecca536e,false,false
V3-20261004T115040-d4f57f,2026-10-04T11:50:40.705096+00:00,/home/iemiedc2026/Documents/Sanket/Research/output/agentic-forecaster/v3/pre_covid_exogenous/V3-20261004T115040-d4f57f,LOGISTIC,X4_ALL_EXOGENOUS,10,ABS_DIR_10D,MH_DEV_2017,42,89806,9996,42,0.4924969987995198,0.4924969987995198,0.491520223014039,0.5423545331529094,0.5040603819448273,0.26147124820147066,0.11105444545813035,0.5438055363784157,-0.05130853757889586,0.5099523217696378,-0.00589193982481051,0.5040603819448273,0.6028947368421053,5037387770f87d61b53691a4bad1825aed96c3375e6a100d7be878667b407be2,2efeed90db8eb9a45aaf2df2645cb98ccb3a359d6064cac757636e77a02e7e51,d34865ab4b5c18cc05e5ffff7303a61c2baf9877e970fbf36daa42ccecca536e,false,false
V3-20261004T115127-a8d41d,2026-10-04T11:51:27.571371+00:00,/home/iemiedc2026/Documents/Sanket/Research/output/agentic-forecaster/v3/pre_covid_exogenous/V3-20261004T115127-a8d41d,LOGISTIC,X0_STOCK_ONLY,10,ABS_DIR_10D,MH_DEV_2018,42,131877,9912,42,0.4942493946731235,0.4942493946731235,0.5000690186709553,0.6608942704457823,0.5488336618269173,0.2534477405401959,0.06775046658178145,0.5592711390159012,-0.06502174434277769,0.5328458429911966,,0.5328458429911966,0.5652797704447633,5037387770f87d61b53691a4bad1825aed96c3375e6a100d7be878667b407be2,2efeed90db8eb9a45aaf2df2645cb98ccb3a359d6064cac757636e77a02e7e51,d34865ab4b5c18cc05e5ffff7303a61c2baf9877e970fbf36daa42ccecca536e,false,false
V3-20261004T115127-d817c1,2026-10-04T11:51:27.674450+00:00,/home/iemiedc2026/Documents/Sanket/Research/output/agentic-forecaster/v3/pre_covid_exogenous/V3-20261004T115127-d817c1,LOGISTIC,X1_INDIA_MARKET,10,ABS_DIR_10D,MH_DEV_2018,42,100222,9912,42,0.5126109765940274,0.5126109765940274,0.5168484144762163,0.6405773379956848,0.5805132317953992,0.24951577001818886,0.06346187078204778,0.5514058789487338,-0.038794902354706395,0.5328458429911966,0.047667388804202515,0.5805132317953992,0.5802008608321378,5037387770f87d61b53691a4bad1825aed96c3375e6a100d7be878667b407be2,2efeed90db8eb9a45aaf2df2645cb98ccb3a359d6064cac757636e77a02e7e51,d34865ab4b5c18cc05e5ffff7303a61c2baf9877e970fbf36daa42ccecca536e,false,false
V3-20261004T115127-35fb42,2026-10-04T11:51:27.733733+00:00,/home/iemiedc2026/Documents/Sanket/Research/output/agentic-forecaster/v3/pre_covid_exogenous/V3-20261004T115127-35fb42,LOGISTIC,X2_GLOBAL_RISK,10,ABS_DIR_10D,MH_DEV_2018,42,107786,9912,42,0.5125100887812752,0.5125100887812751,0.5116545049932056,0.4706397896581946,0.48039857529175556,0.26974233920710533,0.10694995663497928,0.5488467890078489,-0.03633670022657365,0.5328458429911966,-0.062468208656431545,0.4703776343347651,0.557245337159254,5037387770f87d61b53691a4bad1825aed96c3375e6a100d7be878667b407be2,2efeed90db8eb9a45aaf2df2645cb98ccb3a359d6064cac757636e77a02e7e51,d34865ab4b5c18cc05e5ffff7303a61c2baf9877e970fbf36daa42ccecca536e,false,false
V3-20261004T115127-8f995a,2026-10-04T11:51:27.793895+00:00,/home/iemiedc2026/Documents/Sanket/Research/output/agentic-forecaster/v3/pre_covid_exogenous/V3-20261004T115127-8f995a,LOGISTIC,X3_MACRO_COMMODITY,10,ABS_DIR_10D,MH_DEV_2018,42,104626,9912,42,0.513317191283293,0.5133171912832931,0.5168710135100689,0.6249416886953817,0.5432047107624988,0.25510396216643794,0.06865709683881116,0.5477032477586833,-0.03438605647539028,0.5328458429911966,2.764818736211705e-05,0.5328734911785588,0.551219512195122,5037387770f87d61b53691a4bad1825aed96c3375e6a100d7be878667b407be2,2efeed90db8eb9a45aaf2df2645cb98ccb3a359d6064cac757636e77a02e7e51,d34865ab4b5c18cc05e5ffff7303a61c2baf9877e970fbf36daa42ccecca536e,false,false
V3-20261004T115127-4b2df4,2026-10-04T11:51:27.853652+00:00,/home/iemiedc2026/Documents/Sanket/Research/output/agentic-forecaster/v3/pre_covid_exogenous/V3-20261004T115127-4b2df4,LOGISTIC,X4_ALL_EXOGENOUS,10,ABS_DIR_10D,MH_DEV_2018,42,100222,9912,42,0.5243139628732849,0.5243139628732849,0.5225377517878482,0.43512639271594583,0.5164125992341899,0.27025602823497513,0.12320446874895237,0.5514058789487338,-0.02709191607544892,0.5328458429911966,-0.01643324375700672,0.5164125992341899,0.5515064562410329,5037387770f87d61b53691a4bad1825aed96c3375e6a100d7be878667b407be2,2efeed90db8eb9a45aaf2df2645cb98ccb3a359d6064cac757636e77a02e7e51,d34865ab4b5c18cc05e5ffff7303a61c2baf9877e970fbf36daa42ccecca536e,false,false
V3-20261004T115235-dfa2b7,2026-10-04T11:52:35.564822+00:00,/home/iemiedc2026/Documents/Sanket/Research/output/agentic-forecaster/v3/pre_covid_exogenous/V3-20261004T115235-dfa2b7,HIST_GRADIENT_BOOSTING,X0_STOCK_ONLY,1,ABS_DIR_1D_CONTROL,MH_DEV_2014,42,90927,10206,42,0.5158730158730159,0.5158730158730158,0.5144810578449915,0.5424576349662006,0.5212176773120943,0.2505445479062491,0.01905987668410778,0.5020730916009546,0.013799924272061337,0.5161545531995779,,0.5161545531995779,0.5212176773120943,5037387770f87d61b53691a4bad1825aed96c3375e6a100d7be878667b407be2,2efeed90db8eb9a45aaf2df2645cb98ccb3a359d6064cac757636e77a02e7e51,d34865ab4b5c18cc05e5ffff7303a61c2baf9877e970fbf36daa42ccecca536e,false,false
V3-20261004T115235-ec16f0,2026-10-04T11:52:35.636577+00:00,/home/iemiedc2026/Documents/Sanket/Research/output/agentic-forecaster/v3/pre_covid_exogenous/V3-20261004T115235-ec16f0,HIST_GRADIENT_BOOSTING,X1_INDIA_MARKET,1,ABS_DIR_1D_CONTROL,MH_DEV_2014,42,59272,10206,42,0.48059964726631393,0.4805996472663139,0.4849647628630515,0.41651073197578425,0.4852085763762987,0.25906016832698014,0.08486652870465079,0.5005398839249562,-0.019940236658642252,0.5161545531995779,-0.03094597682327921,0.4852085763762987,0.4852085763762987,5037387770f87d61b53691a4bad1825aed96c3375e6a100d7be878667b407be2,2efeed90db8eb9a45aaf2df2645cb98ccb3a359d6064cac757636e77a02e7e51,d34865ab4b5c18cc05e5ffff7303a61c2baf9877e970fbf36daa42ccecca536e,false,false
V3-20261004T115235-228c05,2026-10-04T11:52:35.707883+00:00,/home/iemiedc2026/Documents/Sanket/Research/output/agentic-forecaster/v3/pre_covid_exogenous/V3-20261004T115235-228c05,HIST_GRADIENT_BOOSTING,X2_GLOBAL_RISK,1,ABS_DIR_1D_CONTROL,MH_DEV_2014,42,66836,10206,42,0.4927493631197335,0.49274936311973344,0.49472676142719896,0.471465033180194,0.493011762219021,0.25643729552772654,0.06399534486417437,0.5005535938715662,-0.007804230751832675,0.5161545531995779,-0.01786555388920702,0.4982889993103709,0.493011762219021,5037387770f87d61b53691a4bad1825aed96c3375e6a100d7be878667b407be2,2efeed90db8eb9a45aaf2df2645cb98ccb3a359d6064cac757636e77a02e7e51,d34865ab4b5c18cc05e5ffff7303a61c2baf9877e970fbf36daa42ccecca536e,false,false
V3-20261004T115235-5a40df,2026-10-04T11:52:35.780191+00:00,/home/iemiedc2026/Documents/Sanket/Research/output/agentic-forecaster/v3/pre_covid_exogenous/V3-20261004T115235-5a40df,HIST_GRADIENT_BOOSTING,X3_MACRO_COMMODITY,1,ABS_DIR_1D_CONTROL,MH_DEV_2014,42,63676,10206,42,0.49029982363315694,0.49029982363315705,0.4973797977080261,0.3721940622737147,0.4920808186720666,0.257708406747254,0.07103953891893054,0.5020886990388844,-0.011788875405727484,0.5161545531995779,-0.01648185501117977,0.49967269818839816,0.4920808186720666,5037387770f87d61b53691a4bad1825aed96c3375e6a100d7be878667b407be2,2efeed90db8eb9a45aaf2df2645cb98ccb3a359d6064cac757636e77a02e7e51,d34865ab4b5c18cc05e5ffff7303a61c2baf9877e970fbf36daa42ccecca536e,false,false
V3-20261004T115235-299d80,2026-10-04T11:52:35.852078+00:00,/home/iemiedc2026/Documents/Sanket/Research/output/agentic-forecaster/v3/pre_covid_exogenous/V3-20261004T115235-299d80,HIST_GRADIENT_BOOSTING,X4_ALL_EXOGENOUS,1,ABS_DIR_1D_CONTROL,MH_DEV_2014,42,59272,10206,42,0.5076425631981187,0.5076425631981188,0.511823350217975,0.4507596458629358,0.5140216319084548,0.255152764978617,0.05284338550623211,0.5005398839249562,0.007102679273162549,0.5161545531995779,-0.00213292129112308,0.5140216319084548,0.5140216319084548,5037387770f87d61b53691a4bad1825aed96c3375e6a100d7be878667b407be2,2efeed90db8eb9a45aaf2df2645cb98ccb3a359d6064cac757636e77a02e7e51,d34865ab4b5c18cc05e5ffff7303a61c2baf9877e970fbf36daa42ccecca536e,false,false
V3-20261004T115338-837677,2026-10-04T11:53:38.168488+00:00,/home/iemiedc2026/Documents/Sanket/Research/output/agentic-forecaster/v3/pre_covid_exogenous/V3-20261004T115338-837677,HIST_GRADIENT_BOOSTING,X0_STOCK_ONLY,1,ABS_DIR_1D_CONTROL,MH_DEV_2015,42,101175,10290,42,0.5071914480077745,0.5071914480077746,0.5072332684107651,0.5549802544975867,0.5146509649174469,0.25011735736867013,0.01743875560452953,0.5035927847788485,0.0035986632289259912,0.5138115375300408,,0.5138115375300408,0.5146509649174469,5037387770f87d61b53691a4bad1825aed96c3375e6a100d7be878667b407be2,2efeed90db8eb9a45aaf2df2645cb98ccb3a359d6064cac757636e77a02e7e51,d34865ab4b5c18cc05e5ffff7303a61c2baf9877e970fbf36daa42ccecca536e,false,false
V3-20261004T115338-382ca7,2026-10-04T11:53:38.287015+00:00,/home/iemiedc2026/Documents/Sanket/Research/output/agentic-forecaster/v3/pre_covid_exogenous/V3-20261004T115338-382ca7,HIST_GRADIENT_BOOSTING,X1_INDIA_MARKET,1,ABS_DIR_1D_CONTROL,MH_DEV_2015,42,69520,10290,42,0.5034013605442177,0.5034013605442177,0.5034585556786797,0.5670225385527876,0.5156555162719262,0.25171435266969366,0.04696674680840551,0.5020569620253165,0.0013443985189012242,0.5138115375300408,0.0018439787418853548,0.5156555162719262,0.5156555162719262,5037387770f87d61b53691a4bad1825aed96c3375e6a100d7be878667b407be2,2efeed90db8eb9a45aaf2df2645cb98ccb3a359d6064cac757636e77a02e7e51,d34865ab4b5c18cc05e5ffff7303a61c2baf9877e970fbf36daa42ccecca536e,false,false
V3-20261004T115338-679672,2026-10-04T11:53:38.358615+00:00,/home/iemiedc2026/Documents/Sanket/Research/output/agentic-forecaster/v3/pre_covid_exogenous/V3-20261004T115338-679672,HIST_GRADIENT_BOOSTING,X2_GLOBAL_RISK,1,ABS_DIR_1D_CONTROL,MH_DEV_2015,42,77084,10290,42,0.5272108843537415,0.5272108843537415,0.5272580721385851,0.5783132530120482,0.5336979068544428,0.2502124033838386,0.01992086949770522,0.5017902547869856,0.025420629566755948,0.5138115375300408,0.006818701855134335,0.5206302393851752,0.5336979068544428,5037387770f87d61b53691a4bad1825aed96c3375e6a100d7be878667b407be2,2efeed90db8eb9a45aaf2df2645cb98ccb3a359d6064cac757636e77a02e7e51,d34865ab4b5c18cc05e5ffff7303a61c2baf9877e970fbf36daa42ccecca536e,false,false
V3-20261004T115338-ceab52,2026-10-04T11:53:38.431182+00:00,/home/iemiedc2026/Documents/Sanket/Research/output/agentic-forecaster/v3/pre_covid_exogenous/V3-20261004T115338-ceab52,HIST_GRADIENT_BOOSTING,X3_MACRO_COMMODITY,1,ABS_DIR_1D_CONTROL,MH_DEV_2015,42,73924,10290,42,0.506025267249757,0.506025267249757,0.5060194127004017,0.4983716569624001,0.5123224752078887,0.2528451892728106,0.04992271345532956,0.500568151074076,0.005457116175681009,0.5138115375300408,-0.009118008708466463,0.5046935288215744,0.5123224752078887,5037387770f87d61b53691a4bad1825aed96c3375e6a100d7be878667b407be2,2efeed90db8eb9a45aaf2df2645cb98ccb3a359d6064cac757636e77a02e7e51,d34865ab4b5c18cc05e5ffff7303a61c2baf9877e970fbf36daa42ccecca536e,false,false
V3-20261004T115338-21124f,2026-10-04T11:53:38.503506+00:00,/home/iemiedc2026/Documents/Sanket/Research/output/agentic-forecaster/v3/pre_covid_exogenous/V3-20261004T115338-21124f,HIST_GRADIENT_BOOSTING,X4_ALL_EXOGENOUS,1,ABS_DIR_1D_CONTROL,MH_DEV_2015,42,69520,10290,42,0.5052478134110787,0.5052478134110787,0.5052681005390762,0.5296997690531178,0.49867294502920756,0.2547107816612927,0.04676799130522105,0.5020569620253165,0.00319085138576225,0.5138115375300408,-0.01513859250083327,0.49867294502920756,0.49867294502920756,5037387770f87d61b53691a4bad1825aed96c3375e6a100d7be878667b407be2,2efeed90db8eb9a45aaf2df2645cb98ccb3a359d6064cac757636e77a02e7e51,d34865ab4b5c18cc05e5ffff7303a61c2baf9877e970fbf36daa42ccecca536e,false,false
V3-20261004T115440-bf69d8,2026-10-04T11:54:40.567268+00:00,/home/iemiedc2026/Documents/Sanket/Research/output/agentic-forecaster/v3/pre_covid_exogenous/V3-20261004T115440-bf69d8,HIST_GRADIENT_BOOSTING,X0_STOCK_ONLY,1,ABS_DIR_1D_CONTROL,MH_DEV_2016,42,111507,10290,42,0.5139941690962099,0.5139941690962099,0.5132420945256715,0.5543177969877907,0.5198703766670445,0.2498035602341359,0.010610035653094069,0.5032509169827903,0.010743252113419532,0.5183272318561336,,0.5183272318561336,0.5198703766670445,5037387770f87d61b53691a4bad1825aed96c3375e6a100d7be878667b407be2,2efeed90db8eb9a45aaf2df2645cb98ccb3a359d6064cac757636e77a02e7e51,d34865ab4b5c18cc05e5ffff7303a61c2baf9877e970fbf36daa42ccecca536e,false,false
V3-20261004T115440-1b6cdc,2026-10-04T11:54:40.636435+00:00,/home/iemiedc2026/Documents/Sanket/Research/output/agentic-forecaster/v3/pre_covid_exogenous/V3-20261004T115440-1b6cdc,HIST_GRADIENT_BOOSTING,X1_INDIA_MARKET,1,ABS_DIR_1D_CONTROL,MH_DEV_2016,42,79852,10290,42,0.5188532555879495,0.5188532555879495,0.5185248781593562,0.538282197146321,0.5269804488269296,0.250592488614946,0.025560210058427995,0.501778289836197,0.01707496575175249,0.5183272318561336,0.008653216970796018,0.5269804488269296,0.5269804488269296,5037387770f87d61b53691a4bad1825aed96c3375e6a100d7be878667b407be2,2efeed90db8eb9a45aaf2df2645cb98ccb3a359d6064cac757636e77a02e7e51,d34865ab4b5c18cc05e5ffff7303a61c2baf9877e970fbf36daa42ccecca536e,false,false
V3-20261004T115440-26745b,2026-10-04T11:54:40.705568+00:00,/home/iemiedc2026/Documents/Sanket/Research/output/agentic-forecaster/v3/pre_covid_exogenous/V3-20261004T115440-26745b,HIST_GRADIENT_BOOSTING,X2_GLOBAL_RISK,1,ABS_DIR_1D_CONTROL,MH_DEV_2016,42,87416,10290,42,0.4947521865889213,0.49475218658892134,0.49401224073444405,0.5360107095046854,0.49529564773886436,0.25443955529897083,0.05697171245108661,0.5015672188157775,-0.006815032226856199,0.5183272318561336,-0.019726699157505023,0.4986005326986286,0.49529564773886436,5037387770f87d61b53691a4bad1825aed96c3375e6a100d7be878667b407be2,2efeed90db8eb9a45aaf2df2645cb98ccb3a359d6064cac757636e77a02e7e51,d34865ab4b5c18cc05e5ffff7303a61c2baf9877e970fbf36daa42ccecca536e,false,false
V3-20261004T115440-dbc340,2026-10-04T11:54:40.775478+00:00,/home/iemiedc2026/Documents/Sanket/Research/output/agentic-forecaster/v3/pre_covid_exogenous/V3-20261004T115440-dbc340,HIST_GRADIENT_BOOSTING,X3_MACRO_COMMODITY,1,ABS_DIR_1D_CONTROL,MH_DEV_2016,42,84256,10290,42,0.4920310981535471,0.4920310981535472,0.492462314405531,0.4680980970794749,0.4900995126374249,0.25540703711805224,0.06008699810078604,0.5004866122293962,-0.008455514075849047,0.5183272318561336,-0.023449488080395986,0.4948777437757376,0.4900995126374249,5037387770f87d61b53691a4bad1825aed96c3375e6a100d7be878667b407be2,2efeed90db8eb9a45aaf2df2645cb98ccb3a359d6064cac757636e77a02e7e51,d34865ab4b5c18cc05e5ffff7303a61c2baf9877e970fbf36daa42ccecca536e,false,false
V3-20261004T115440-882642,2026-10-04T11:54:40.845180+00:00,/home/iemiedc2026/Documents/Sanket/Research/output/agentic-forecaster/v3/pre_covid_exogenous/V3-20261004T115440-882642,HIST_GRADIENT_BOOSTING,X4_ALL_EXOGENOUS,1,ABS_DIR_1D_CONTROL,MH_DEV_2016,42,79852,10290,42,0.5073858114674441,0.5073858114674442,0.5082245268049417,0.45780297358006206,0.5095071215384034,0.25355822428016667,0.04344976748141935,0.501778289836197,0.005607521631247114,0.5183272318561336,-0.008820110317730223,0.5095071215384034,0.5095071215384034,5037387770f87d61b53691a4bad1825aed96c3375e6a100d7be878667b407be2,2efeed90db8eb9a45aaf2df2645cb98ccb3a359d6064cac757636e77a02e7e51,d34865ab4b5c18cc05e5ffff7303a61c2baf9877e970fbf36daa42ccecca536e,false,false
V3-20261004T115544-6d649d,2026-10-04T11:55:44.546836+00:00,/home/iemiedc2026/Documents/Sanket/Research/output/agentic-forecaster/v3/pre_covid_exogenous/V3-20261004T115544-6d649d,HIST_GRADIENT_BOOSTING,X0_STOCK_ONLY,1,ABS_DIR_1D_CONTROL,MH_DEV_2017,42,121839,10374,42,0.5095430884904569,0.5095430884904568,0.5072617299260691,0.5554002097168822,0.5089396837406753,0.2502683322374784,0.012901208342180582,0.5033692003381511,0.006173888152305795,0.5060649049561794,,0.5060649049561794,0.5089396837406753,5037387770f87d61b53691a4bad1825aed96c3375e6a100d7be878667b407be2,2efeed90db8eb9a45aaf2df2645cb98ccb3a359d6064cac757636e77a02e7e51,d34865ab4b5c18cc05e5ffff7303a61c2baf9877e970fbf36daa42ccecca536e,false,false
V3-20261004T115544-87e47e,2026-10-04T11:55:44.617340+00:00,/home/iemiedc2026/Documents/Sanket/Research/output/agentic-forecaster/v3/pre_covid_exogenous/V3-20261004T115544-87e47e,HIST_GRADIENT_BOOSTING,X1_INDIA_MARKET,1,ABS_DIR_1D_CONTROL,MH_DEV_2017,42,90184,10374,42,0.4967225756699441,0.49672257566994416,0.5022454415027063,0.3661527255068593,0.5095590350838566,0.2547430717748932,0.06025939723042064,0.5021068038676484,-0.005384228197704288,0.5060649049561794,0.0034941301276771863,0.5095590350838566,0.5095590350838566,5037387770f87d61b53691a4bad1825aed96c3375e6a100d7be878667b407be2,2efeed90db8eb9a45aaf2df2645cb98ccb3a359d6064cac757636e77a02e7e51,d34865ab4b5c18cc05e5ffff7303a61c2baf9877e970fbf36daa42ccecca536e,false,false
V3-20261004T115544-9b53d4,2026-10-04T11:55:44.687617+00:00,/home/iemiedc2026/Documents/Sanket/Research/output/agentic-forecaster/v3/pre_covid_exogenous/V3-20261004T115544-9b53d4,HIST_GRADIENT_BOOSTING,X2_GLOBAL_RISK,1,ABS_DIR_1D_CONTROL,MH_DEV_2017,42,97748,10374,42,0.5082899556583768,0.5082899556583766,0.5084803863520596,0.5108831143925592,0.5111910015126558,0.2521978883665625,0.035847646122765905,0.5018926218439252,0.006397333814451511,0.5060649049561794,0.020333621096967014,0.5263985260531464,0.5111910015126558,5037387770f87d61b53691a4bad1825aed96c3375e6a100d7be878667b407be2,2efeed90db8eb9a45aaf2df2645cb98ccb3a359d6064cac757636e77a02e7e51,d34865ab4b5c18cc05e5ffff7303a61c2baf9877e970fbf36daa42ccecca536e,false,false
V3-20261004T115544-071abf,2026-10-04T11:55:44.758453+00:00,/home/iemiedc2026/Documents/Sanket/Research/output/agentic-forecaster/v3/pre_covid_exogenous/V3-20261004T115544-071abf,HIST_GRADIENT_BOOSTING,X3_MACRO_COMMODITY,1,ABS_DIR_1D_CONTROL,MH_DEV_2017,42,94588,10374,42,0.4898785425101215,0.4898785425101214,0.4905907168036904,0.4816846229187072,0.49267255255616227,0.2529806734699296,0.04988433601379678,0.5009409227386138,-0.011062380228492319,0.5060649049561794,0.011057037449835994,0.5171219424060154,0.49267255255616227,5037387770f87d61b53691a4bad1825aed96c3375e6a100d7be878667b407be2,2efeed90db8eb9a45aaf2df2645cb98ccb3a359d6064cac757636e77a02e7e51,d34865ab4b5c18cc05e5ffff7303a61c2baf9877e970fbf36daa42ccecca536e,false,false
V3-20261004T115544-32a3b2,2026-10-04T11:55:44.871463+00:00,/home/iemiedc2026/Documents/Sanket/Research/output/agentic-forecaster/v3/pre_covid_exogenous/V3-20261004T115544-32a3b2,HIST_GRADIENT_BOOSTING,X4_ALL_EXOGENOUS,1,ABS_DIR_1D_CONTROL,MH_DEV_2017,42,90184,10374,42,0.5049161364950838,0.5049161364950839,0.5088534922593912,0.42227221597300335,0.5176426430893883,0.25271557737233374,0.041355091853466995,0.5021068038676484,0.0028093326274354347,0.5060649049561794,0.011577738133208948,0.5176426430893883,0.5176426430893883,5037387770f87d61b53691a4bad1825aed96c3375e6a100d7be878667b407be2,2efeed90db8eb9a45aaf2df2645cb98ccb3a359d6064cac757636e77a02e7e51,d34865ab4b5c18cc05e5ffff7303a61c2baf9877e970fbf36daa42ccecca536e,false,false
V3-20261004T115651-90637b,2026-10-04T11:56:51.418421+00:00,/home/iemiedc2026/Documents/Sanket/Research/output/agentic-forecaster/v3/pre_covid_exogenous/V3-20261004T115651-90637b,HIST_GRADIENT_BOOSTING,X0_STOCK_ONLY,1,ABS_DIR_1D_CONTROL,MH_DEV_2018,42,132255,10290,42,0.5076773566569485,0.5076773566569485,0.5091435934544439,0.5578635014836796,0.5146053267125743,0.2505719247624931,0.015051098139411414,0.5041472912177234,0.003530065439225072,0.510631858715227,,0.510631858715227,0.5146053267125743,5037387770f87d61b53691a4bad1825aed96c3375e6a100d7be878667b407be2,2efeed90db8eb9a45aaf2df2645cb98ccb3a359d6064cac757636e77a02e7e51,d34865ab4b5c18cc05e5ffff7303a61c2baf9877e970fbf36daa42ccecca536e,false,false
V3-20261004T115651-ab9e8b,2026-10-04T11:56:51.488073+00:00,/home/iemiedc2026/Documents/Sanket/Research/output/agentic-forecaster/v3/pre_covid_exogenous/V3-20261004T115651-ab9e8b,HIST_GRADIENT_BOOSTING,X1_INDIA_MARKET,1,ABS_DIR_1D_CONTROL,MH_DEV_2018,42,100600,10290,42,0.49912536443148686,0.4991253644314869,0.4992216361351259,0.5,0.4976316028499732,0.25360504851706,0.04711472801457792,0.5032604373757456,-0.004135072944258689,0.510631858715227,-0.013000255865253774,0.4976316028499732,0.4976316028499732,5037387770f87d61b53691a4bad1825aed96c3375e6a100d7be878667b407be2,2efeed90db8eb9a45aaf2df2645cb98ccb3a359d6064cac757636e77a02e7e51,d34865ab4b5c18cc05e5ffff7303a61c2baf9877e970fbf36daa42ccecca536e,false,false
V3-20261004T115651-8a65c4,2026-10-04T11:56:51.557529+00:00,/home/iemiedc2026/Documents/Sanket/Research/output/agentic-forecaster/v3/pre_covid_exogenous/V3-20261004T115651-8a65c4,HIST_GRADIENT_BOOSTING,X2_GLOBAL_RISK,1,ABS_DIR_1D_CONTROL,MH_DEV_2018,42,108164,10290,42,0.4915451895043732,0.4915451895043731,0.4922187416688883,0.5152862701500833,0.4797070554428116,0.25881388149662365,0.06556727438056092,0.5029862061314301,-0.011441016627056877,0.510631858715227,-0.033454079667946446,0.47717777904728054,0.4797070554428116,5037387770f87d61b53691a4bad1825aed96c3375e6a100d7be878667b407be2,2efeed90db8eb9a45aaf2df2645cb98ccb3a359d6064cac757636e77a02e7e51,d34865ab4b5c18cc05e5ffff7303a61c2baf9877e970fbf36daa42ccecca536e,false,false
V3-20261004T115651-9fc7ba,2026-10-04T11:56:51.628390+00:00,/home/iemiedc2026/Documents/Sanket/Research/output/agentic-forecaster/v3/pre_covid_exogenous/V3-20261004T115651-9fc7ba,HIST_GRADIENT_BOOSTING,X3_MACRO_COMMODITY,1,ABS_DIR_1D_CONTROL,MH_DEV_2018,42,105004,10290,42,0.5056365403304178,0.5056365403304179,0.5059730103718374,0.5159387191930727,0.5057790900506652,0.25297244363078386,0.039015926546018216,0.5021618224067654,0.003474717923652393,0.510631858715227,-0.011806092071592722,0.49882576664363426,0.5057790900506652,5037387770f87d61b53691a4bad1825aed96c3375e6a100d7be878667b407be2,2efeed90db8eb9a45aaf2df2645cb98ccb3a359d6064cac757636e77a02e7e51,d34865ab4b5c18cc05e5ffff7303a61c2baf9877e970fbf36daa42ccecca536e,false,false
V3-20261004T115651-508549,2026-10-04T11:56:51.698881+00:00,/home/iemiedc2026/Documents/Sanket/Research/output/agentic-forecaster/v3/pre_covid_exogenous/V3-20261004T115651-508549,HIST_GRADIENT_BOOSTING,X4_ALL_EXOGENOUS,1,ABS_DIR_1D_CONTROL,MH_DEV_2018,42,100600,10290,42,0.4921282798833819,0.4921282798833819,0.49158319686178925,0.46509723643807577,0.48393238371506075,0.2558796238591386,0.05745456187982077,0.5032604373757456,-0.011132157492363626,0.510631858715227,-0.02669947500016623,0.48393238371506075,0.48393238371506075,5037387770f87d61b53691a4bad1825aed96c3375e6a100d7be878667b407be2,2efeed90db8eb9a45aaf2df2645cb98ccb3a359d6064cac757636e77a02e7e51,d34865ab4b5c18cc05e5ffff7303a61c2baf9877e970fbf36daa42ccecca536e,false,false
V3-20261004T115748-0063c7,2026-10-04T11:57:48.521902+00:00,/home/iemiedc2026/Documents/Sanket/Research/output/agentic-forecaster/v3/pre_covid_exogenous/V3-20261004T115748-0063c7,HIST_GRADIENT_BOOSTING,X0_STOCK_ONLY,3,ABS_DIR_3D,MH_DEV_2014,42,90843,10122,42,0.5346769413159455,0.5346769413159456,0.5096509228128011,0.6501262813846382,0.5201786156558799,0.24873073949299915,0.021361177681566975,0.5220545336459607,0.012622407669984792,0.5252906320813753,,0.5252906320813753,0.5290185808704326,5037387770f87d61b53691a4bad1825aed96c3375e6a100d7be878667b407be2,2efeed90db8eb9a45aaf2df2645cb98ccb3a359d6064cac757636e77a02e7e51,d34865ab4b5c18cc05e5ffff7303a61c2baf9877e970fbf36daa42ccecca536e,false,false
V3-20261004T115748-4e0b57,2026-10-04T11:57:48.585696+00:00,/home/iemiedc2026/Documents/Sanket/Research/output/agentic-forecaster/v3/pre_covid_exogenous/V3-20261004T115748-4e0b57,HIST_GRADIENT_BOOSTING,X1_INDIA_MARKET,3,ABS_DIR_3D,MH_DEV_2014,42,59188,10122,42,0.508298755186722,0.508298755186722,0.5108349725189281,0.5159972770592239,0.5195094462926471,0.25543569023310997,0.06635235282831858,0.5153916334392107,-0.007092878252488721,0.5252906320813753,-0.005781185788728216,0.5195094462926471,0.5891757076942262,5037387770f87d61b53691a4bad1825aed96c3375e6a100d7be878667b407be2,2efeed90db8eb9a45aaf2df2645cb98ccb3a359d6064cac757636e77a02e7e51,d34865ab4b5c18cc05e5ffff7303a61c2baf9877e970fbf36daa42ccecca536e,false,false
V3-20261004T115748-40ccb5,2026-10-04T11:57:48.649082+00:00,/home/iemiedc2026/Documents/Sanket/Research/output/agentic-forecaster/v3/pre_covid_exogenous/V3-20261004T115748-40ccb5,HIST_GRADIENT_BOOSTING,X2_GLOBAL_RISK,3,ABS_DIR_3D,MH_DEV_2014,42,66752,10122,42,0.52371072910492,0.5237107291049199,0.5158851395653665,0.5801619785770269,0.5289747619516941,0.25135775629024654,0.04886202998103758,0.513722435282838,0.009988293822081995,0.5252906320813753,0.0042109118907988075,0.5295015439721741,0.5855109739368998,5037387770f87d61b53691a4bad1825aed96c3375e6a100d7be878667b407be2,2efeed90db8eb9a45aaf2df2645cb98ccb3a359d6064cac757636e77a02e7e51,d34865ab4b5c18cc05e5ffff7303a61c2baf9877e970fbf36daa42ccecca536e,false,false
V3-20261004T115748-43691b,2026-10-04T11:57:48.713648+00:00,/home/iemiedc2026/Documents/Sanket/Research/output/agentic-forecaster/v3/pre_covid_exogenous/V3-20261004T115748-43691b,HIST_GRADIENT_BOOSTING,X3_MACRO_COMMODITY,3,ABS_DIR_3D,MH_DEV_2014,42,63592,10122,42,0.485180794309425,0.4851807943094249,0.49861299226469646,0.4219633943427621,0.4940593907482063,0.26080026890437463,0.09040426967185543,0.512061265567996,-0.026880471258571015,0.5252906320813753,-0.004880986174972124,0.5204096459064032,0.45352600074822297,5037387770f87d61b53691a4bad1825aed96c3375e6a100d7be878667b407be2,2efeed90db8eb9a45aaf2df2645cb98ccb3a359d6064cac757636e77a02e7e51,d34865ab4b5c18cc05e5ffff7303a61c2baf9877e970fbf36daa42ccecca536e,false,false
V3-20261004T115748-c63fdc,2026-10-04T11:57:48.778613+00:00,/home/iemiedc2026/Documents/Sanket/Research/output/agentic-forecaster/v3/pre_covid_exogenous/V3-20261004T115748-c63fdc,HIST_GRADIENT_BOOSTING,X4_ALL_EXOGENOUS,3,ABS_DIR_3D,MH_DEV_2014,42,59188,10122,42,0.5134360798261213,0.5134360798261212,0.5257423253359962,0.46286399825498964,0.5452992996502086,0.25454507858666164,0.08140306557918373,0.5153916334392107,-0.0019555536130894113,0.5252906320813753,0.02000866756883335,0.5452992996502086,0.5842623768549694,5037387770f87d61b53691a4bad1825aed96c3375e6a100d7be878667b407be2,2efeed90db8eb9a45aaf2df2645cb98ccb3a359d6064cac757636e77a02e7e51,d34865ab4b5c18cc05e5ffff7303a61c2baf9877e970fbf36daa42ccecca536e,false,false
V3-20261004T115846-dd2d60,2026-10-04T11:58:46.879052+00:00,/home/iemiedc2026/Documents/Sanket/Research/output/agentic-forecaster/v3/pre_covid_exogenous/V3-20261004T115846-dd2d60,HIST_GRADIENT_BOOSTING,X0_STOCK_ONLY,3,ABS_DIR_3D,MH_DEV_2015,42,101091,10206,42,0.5052910052910053,0.5052910052910053,0.49883138471921423,0.6315405385681967,0.5036163303113756,0.25147344194622734,0.03464835376467244,0.5239140971995528,-0.018623091908547496,0.5064701410728395,,0.5064701410728395,0.4996109118980029,5037387770f87d61b53691a4bad1825aed96c3375e6a100d7be878667b407be2,2efeed90db8eb9a45aaf2df2645cb98ccb3a359d6064cac757636e77a02e7e51,d34865ab4b5c18cc05e5ffff7303a61c2baf9877e970fbf36daa42ccecca536e,false,false
V3-20261004T115846-555547,2026-10-04T11:58:46.985570+00:00,/home/iemiedc2026/Documents/Sanket/Research/output/agentic-forecaster/v3/pre_covid_exogenous/V3-20261004T115846-555547,HIST_GRADIENT_BOOSTING,X1_INDIA_MARKET,3,ABS_DIR_3D,MH_DEV_2015,42,69436,10206,42,0.5419361160101901,0.5419361160101901,0.5382970440256791,0.617649464300319,0.5573877115147559,0.24883988712594213,0.027658927955858448,0.5190823204101619,0.022853795600028204,0.5064701410728395,0.05091757044191636,0.5573877115147559,0.48519130683798994,5037387770f87d61b53691a4bad1825aed96c3375e6a100d7be878667b407be2,2efeed90db8eb9a45aaf2df2645cb98ccb3a359d6064cac757636e77a02e7e51,d34865ab4b5c18cc05e5ffff7303a61c2baf9877e970fbf36daa42ccecca536e,false,false
V3-20261004T115846-7fd1e3,2026-10-04T11:58:47.049547+00:00,/home/iemiedc2026/Documents/Sanket/Research/output/agentic-forecaster/v3/pre_covid_exogenous/V3-20261004T115846-7fd1e3,HIST_GRADIENT_BOOSTING,X2_GLOBAL_RISK,3,ABS_DIR_3D,MH_DEV_2015,42,77000,10206,42,0.48647854203409757,0.4864785420340977,0.4832179239307516,0.563867853873679,0.47707314732604533,0.2590592271335716,0.0800649567528242,0.5172727272727272,-0.030794185238629646,0.5064701410728395,0.018086453559182702,0.5245565946320222,0.5748652198814682,5037387770f87d61b53691a4bad1825aed96c3375e6a100d7be878667b407be2,2efeed90db8eb9a45aaf2df2645cb98ccb3a359d6064cac757636e77a02e7e51,d34865ab4b5c18cc05e5ffff7303a61c2baf9877e970fbf36daa42ccecca536e,false,false
V3-20261004T115847-7e4ffd,2026-10-04T11:58:47.114159+00:00,/home/iemiedc2026/Documents/Sanket/Research/output/agentic-forecaster/v3/pre_covid_exogenous/V3-20261004T115847-7e4ffd,HIST_GRADIENT_BOOSTING,X3_MACRO_COMMODITY,3,ABS_DIR_3D,MH_DEV_2015,42,73840,10206,42,0.5148932000783852,0.5148932000783853,0.5101980699177682,0.6125068482429366,0.509890568898207,0.25827123491144643,0.06986763085474205,0.5159940411700975,-0.001100841091712268,0.5064701410728395,0.010828860940467089,0.5172990020133066,0.526800388465561,5037387770f87d61b53691a4bad1825aed96c3375e6a100d7be878667b407be2,2efeed90db8eb9a45aaf2df2645cb98ccb3a359d6064cac757636e77a02e7e51,d34865ab4b5c18cc05e5ffff7303a61c2baf9877e970fbf36daa42ccecca536e,false,false
V3-20261004T115847-ad020f,2026-10-04T11:58:47.178167+00:00,/home/iemiedc2026/Documents/Sanket/Research/output/agentic-forecaster/v3/pre_covid_exogenous/V3-20261004T115847-ad020f,HIST_GRADIENT_BOOSTING,X4_ALL_EXOGENOUS,3,ABS_DIR_3D,MH_DEV_2015,42,69436,10206,42,0.5326278659611993,0.5326278659611993,0.5274164751243988,0.6345387680049035,0.5421815565617479,0.2512435495346533,0.04288391311491421,0.5190823204101619,0.013545545551037375,0.5064701410728395,0.03571141548890844,0.5421815565617479,0.5820104337865432,5037387770f87d61b53691a4bad1825aed96c3375e6a100d7be878667b407be2,2efeed90db8eb9a45aaf2df2645cb98ccb3a359d6064cac757636e77a02e7e51,d34865ab4b5c18cc05e5ffff7303a61c2baf9877e970fbf36daa42ccecca536e,false,false
V3-20261004T115944-16e4b8,2026-10-04T11:59:44.476936+00:00,/home/iemiedc2026/Documents/Sanket/Research/output/agentic-forecaster/v3/pre_covid_exogenous/V3-20261004T115944-16e4b8,HIST_GRADIENT_BOOSTING,X0_STOCK_ONLY,3,ABS_DIR_3D,MH_DEV_2016,42,111423,10206,42,0.5191064079952968,0.519106407995297,0.5077730122693525,0.6400176030511956,0.5292676319913286,0.2494439045889783,0.018415668754634015,0.5228184486147385,-0.0037120406194416367,0.5267911141734773,,0.5267911141734773,0.5301367093332503,5037387770f87d61b53691a4bad1825aed96c3375e6a100d7be878667b407be2,2efeed90db8eb9a45aaf2df2645cb98ccb3a359d6064cac757636e77a02e7e51,d34865ab4b5c18cc05e5ffff7303a61c2baf9877e970fbf36daa42ccecca536e,false,false
V3-20261004T115944-062ccb,2026-10-04T11:59:44.540855+00:00,/home/iemiedc2026/Documents/Sanket/Research/output/agentic-forecaster/v3/pre_covid_exogenous/V3-20261004T115944-062ccb,HIST_GRADIENT_BOOSTING,X1_INDIA_MARKET,3,ABS_DIR_3D,MH_DEV_2016,42,79768,10206,42,0.5302763080540859,0.5302763080540858,0.5255002550227368,0.5924855491329479,0.5381839497360087,0.25071361984349405,0.033418226204775435,0.5181777153745863,0.012098592679499531,0.5267911141734773,0.011392835562531345,0.5381839497360087,0.4686890523663624,5037387770f87d61b53691a4bad1825aed96c3375e6a100d7be878667b407be2,2efeed90db8eb9a45aaf2df2645cb98ccb3a359d6064cac757636e77a02e7e51,d34865ab4b5c18cc05e5ffff7303a61c2baf9877e970fbf36daa42ccecca536e,false,false
V3-20261004T115944-d1e81e,2026-10-04T11:59:44.604667+00:00,/home/iemiedc2026/Documents/Sanket/Research/output/agentic-forecaster/v3/pre_covid_exogenous/V3-20261004T115944-d1e81e,HIST_GRADIENT_BOOSTING,X2_GLOBAL_RISK,3,ABS_DIR_3D,MH_DEV_2016,42,87332,10206,42,0.5042132079169116,0.5042132079169116,0.49799736498934827,0.5840867992766727,0.4994744974379491,0.2555208765279535,0.06521546748907665,0.5166605597032016,-0.012447351786289973,0.5267911141734773,-0.025613222501137622,0.5011778916723397,0.47675474749988334,5037387770f87d61b53691a4bad1825aed96c3375e6a100d7be878667b407be2,2efeed90db8eb9a45aaf2df2645cb98ccb3a359d6064cac757636e77a02e7e51,d34865ab4b5c18cc05e5ffff7303a61c2baf9877e970fbf36daa42ccecca536e,false,false
V3-20261004T115944-2b5d74,2026-10-04T11:59:44.669229+00:00,/home/iemiedc2026/Documents/Sanket/Research/output/agentic-forecaster/v3/pre_covid_exogenous/V3-20261004T115944-2b5d74,HIST_GRADIENT_BOOSTING,X3_MACRO_COMMODITY,3,ABS_DIR_3D,MH_DEV_2016,42,84172,10206,42,0.4849108367626886,0.48491083676268865,0.47919875758844044,0.5624635871826883,0.47423020718843056,0.2588713133331534,0.08327511583189816,0.5155158485006891,-0.03060501173800051,0.5267911141734773,-0.03509868409036859,0.49169243008310876,0.463020047591645,5037387770f87d61b53691a4bad1825aed96c3375e6a100d7be878667b407be2,2efeed90db8eb9a45aaf2df2645cb98ccb3a359d6064cac757636e77a02e7e51,d34865ab4b5c18cc05e5ffff7303a61c2baf9877e970fbf36daa42ccecca536e,false,false
V3-20261004T115944-bad783,2026-10-04T11:59:44.733331+00:00,/home/iemiedc2026/Documents/Sanket/Research/output/agentic-forecaster/v3/pre_covid_exogenous/V3-20261004T115944-bad783,HIST_GRADIENT_BOOSTING,X4_ALL_EXOGENOUS,3,ABS_DIR_3D,MH_DEV_2016,42,79768,10206,42,0.5149911816578483,0.5149911816578483,0.5137856274837802,0.5390203017321661,0.5102334001153899,0.25628817049771907,0.06506697815548206,0.5181777153745863,-0.003186533716738049,0.5267911141734773,-0.01655771405808748,0.5102334001153899,0.5269048322627805,5037387770f87d61b53691a4bad1825aed96c3375e6a100d7be878667b407be2,2efeed90db8eb9a45aaf2df2645cb98ccb3a359d6064cac757636e77a02e7e51,d34865ab4b5c18cc05e5ffff7303a61c2baf9877e970fbf36daa42ccecca536e,false,false
V3-20261004T120044-55877c,2026-10-04T12:00:44.602651+00:00,/home/iemiedc2026/Documents/Sanket/Research/output/agentic-forecaster/v3/pre_covid_exogenous/V3-20261004T120044-55877c,HIST_GRADIENT_BOOSTING,X0_STOCK_ONLY,3,ABS_DIR_3D,MH_DEV_2017,42,121755,10290,42,0.5289601554907677,0.5289601554907678,0.4961272241910322,0.6556305506216696,0.5142409060398188,0.24818295744166388,0.02544158943920416,0.5222701326434233,0.0066900228473444345,0.5154986836602596,,0.5154986836602596,0.4819913507571703,5037387770f87d61b53691a4bad1825aed96c3375e6a100d7be878667b407be2,2efeed90db8eb9a45aaf2df2645cb98ccb3a359d6064cac757636e77a02e7e51,d34865ab4b5c18cc05e5ffff7303a61c2baf9877e970fbf36daa42ccecca536e,false,false
V3-20261004T120044-0b6171,2026-10-04T12:00:44.669918+00:00,/home/iemiedc2026/Documents/Sanket/Research/output/agentic-forecaster/v3/pre_covid_exogenous/V3-20261004T120044-0b6171,HIST_GRADIENT_BOOSTING,X1_INDIA_MARKET,3,ABS_DIR_3D,MH_DEV_2017,42,90100,10290,42,0.49222546161321673,0.4922254616132166,0.5161735705620463,0.3828983110901146,0.508642103876713,0.2673303693764279,0.11618054782656925,0.5179689234184239,-0.0257434618052072,0.5154986836602596,-0.00685657978354659,0.508642103876713,0.5110935940641317,5037387770f87d61b53691a4bad1825aed96c3375e6a100d7be878667b407be2,2efeed90db8eb9a45aaf2df2645cb98ccb3a359d6064cac757636e77a02e7e51,d34865ab4b5c18cc05e5ffff7303a61c2baf9877e970fbf36daa42ccecca536e,false,false
V3-20261004T120044-333830,2026-10-04T12:00:44.736773+00:00,/home/iemiedc2026/Documents/Sanket/Research/output/agentic-forecaster/v3/pre_covid_exogenous/V3-20261004T120044-333830,HIST_GRADIENT_BOOSTING,X2_GLOBAL_RISK,3,ABS_DIR_3D,MH_DEV_2017,42,97664,10290,42,0.5189504373177842,0.5189504373177842,0.5157716171267793,0.5562925779849408,0.5088374382381582,0.261559148181408,0.08782367029431967,0.5166284403669725,0.0023219969508117,0.5154986836602596,-0.02821145633929506,0.4872872273209646,0.5799693371324434,5037387770f87d61b53691a4bad1825aed96c3375e6a100d7be878667b407be2,2efeed90db8eb9a45aaf2df2645cb98ccb3a359d6064cac757636e77a02e7e51,d34865ab4b5c18cc05e5ffff7303a61c2baf9877e970fbf36daa42ccecca536e,false,false
V3-20261004T120044-ca820d,2026-10-04T12:00:44.804578+00:00,/home/iemiedc2026/Documents/Sanket/Research/output/agentic-forecaster/v3/pre_covid_exogenous/V3-20261004T120044-ca820d,HIST_GRADIENT_BOOSTING,X3_MACRO_COMMODITY,3,ABS_DIR_3D,MH_DEV_2017,42,94504,10290,42,0.5006802721088436,0.5006802721088436,0.49932137062168913,0.5311188173024275,0.5020153045140492,0.2542710581438085,0.06351387125832815,0.5156078049606366,-0.014927532851793046,0.5154986836602596,-0.002887034224451357,0.5126116494358083,0.49931153184165233,5037387770f87d61b53691a4bad1825aed96c3375e6a100d7be878667b407be2,2efeed90db8eb9a45aaf2df2645cb98ccb3a359d6064cac757636e77a02e7e51,d34865ab4b5c18cc05e5ffff7303a61c2baf9877e970fbf36daa42ccecca536e,false,false
V3-20261004T120044-c2c8f0,2026-10-04T12:00:44.871980+00:00,/home/iemiedc2026/Documents/Sanket/Research/output/agentic-forecaster/v3/pre_covid_exogenous/V3-20261004T120044-c2c8f0,HIST_GRADIENT_BOOSTING,X4_ALL_EXOGENOUS,3,ABS_DIR_3D,MH_DEV_2017,42,90100,10290,42,0.49620991253644314,0.4962099125364431,0.5154601132389381,0.41961486789072994,0.5184239255149409,0.2613186698493511,0.10142873054148437,0.5179689234184239,-0.02175901088198079,0.5154986836602596,0.0029252418546812375,0.5184239255149409,0.47510233008866193,5037387770f87d61b53691a4bad1825aed96c3375e6a100d7be878667b407be2,2efeed90db8eb9a45aaf2df2645cb98ccb3a359d6064cac757636e77a02e7e51,d34865ab4b5c18cc05e5ffff7303a61c2baf9877e970fbf36daa42ccecca536e,false,false
V3-20261004T120148-480ef7,2026-10-04T12:01:48.295770+00:00,/home/iemiedc2026/Documents/Sanket/Research/output/agentic-forecaster/v3/pre_covid_exogenous/V3-20261004T120148-480ef7,HIST_GRADIENT_BOOSTING,X0_STOCK_ONLY,3,ABS_DIR_3D,MH_DEV_2018,42,132171,10206,42,0.5135214579659024,0.5135214579659024,0.5109085483630322,0.631922307065016,0.5267889186329118,0.25051725867315894,0.027578743906199438,0.5249109108654697,-0.011389452899567276,0.5328725218034824,,0.5328725218034824,0.526573896592069,5037387770f87d61b53691a4bad1825aed96c3375e6a100d7be878667b407be2,2efeed90db8eb9a45aaf2df2645cb98ccb3a359d6064cac757636e77a02e7e51,d34865ab4b5c18cc05e5ffff7303a61c2baf9877e970fbf36daa42ccecca536e,false,false
V3-20261004T120148-a5ccb7,2026-10-04T12:01:48.362892+00:00,/home/iemiedc2026/Documents/Sanket/Research/output/agentic-forecaster/v3/pre_covid_exogenous/V3-20261004T120148-a5ccb7,HIST_GRADIENT_BOOSTING,X1_INDIA_MARKET,3,ABS_DIR_3D,MH_DEV_2018,42,100516,10206,42,0.5074466000391926,0.5074466000391927,0.5059446185113049,0.5849227974568574,0.5170572273847016,0.2538478343629918,0.05593855305147711,0.5218870627561781,-0.014440462716985514,0.5328725218034824,-0.015815294418780823,0.5170572273847016,0.48342865499987553,5037387770f87d61b53691a4bad1825aed96c3375e6a100d7be878667b407be2,2efeed90db8eb9a45aaf2df2645cb98ccb3a359d6064cac757636e77a02e7e51,d34865ab4b5c18cc05e5ffff7303a61c2baf9877e970fbf36daa42ccecca536e,false,false
V3-20261004T120148-747915,2026-10-04T12:01:48.429822+00:00,/home/iemiedc2026/Documents/Sanket/Research/output/agentic-forecaster/v3/pre_covid_exogenous/V3-20261004T120148-747915,HIST_GRADIENT_BOOSTING,X2_GLOBAL_RISK,3,ABS_DIR_3D,MH_DEV_2018,42,108080,10206,42,0.4642367234959828,0.46423672349598266,0.4636665335962482,0.5007304601899196,0.45897029994994015,0.2639877146044226,0.10705726005024993,0.520401554404145,-0.05616483090816227,0.5328725218034824,-0.034795782992678825,0.4980767388108036,0.4600691419182993,5037387770f87d61b53691a4bad1825aed96c3375e6a100d7be878667b407be2,2efeed90db8eb9a45aaf2df2645cb98ccb3a359d6064cac757636e77a02e7e51,d34865ab4b5c18cc05e5ffff7303a61c2baf9877e970fbf36daa42ccecca536e,false,false
V3-20261004T120148-fd0da7,2026-10-04T12:01:48.497485+00:00,/home/iemiedc2026/Documents/Sanket/Research/output/agentic-forecaster/v3/pre_covid_exogenous/V3-20261004T120148-fd0da7,HIST_GRADIENT_BOOSTING,X3_MACRO_COMMODITY,3,ABS_DIR_3D,MH_DEV_2018,42,104920,10206,42,0.5052910052910053,0.5052910052910052,0.504508264479473,0.5499598894732151,0.5098805073727348,0.2548856592595582,0.05952427210761256,0.5195958825772017,-0.014304877286196338,0.5328725218034824,-0.008426871468377395,0.524445650335105,0.4830879241243683,5037387770f87d61b53691a4bad1825aed96c3375e6a100d7be878667b407be2,2efeed90db8eb9a45aaf2df2645cb98ccb3a359d6064cac757636e77a02e7e51,d34865ab4b5c18cc05e5ffff7303a61c2baf9877e970fbf36daa42ccecca536e,false,false
V3-20261004T120148-4c5a6f,2026-10-04T12:01:48.564891+00:00,/home/iemiedc2026/Documents/Sanket/Research/output/agentic-forecaster/v3/pre_covid_exogenous/V3-20261004T120148-4c5a6f,HIST_GRADIENT_BOOSTING,X4_ALL_EXOGENOUS,3,ABS_DIR_3D,MH_DEV_2018,42,100516,10206,42,0.528904565941603,0.528904565941603,0.5284629560182105,0.5547323578440452,0.5384084048274799,0.25231266217140325,0.03899803757851927,0.5218870627561781,0.007017503185424823,0.5328725218034824,0.005535883023997434,0.5384084048274799,0.5413186751636753,5037387770f87d61b53691a4bad1825aed96c3375e6a100d7be878667b407be2,2efeed90db8eb9a45aaf2df2645cb98ccb3a359d6064cac757636e77a02e7e51,d34865ab4b5c18cc05e5ffff7303a61c2baf9877e970fbf36daa42ccecca536e,false,false
V3-20261004T120247-c8d1de,2026-10-04T12:02:47.277693+00:00,/home/iemiedc2026/Documents/Sanket/Research/output/agentic-forecaster/v3/pre_covid_exogenous/V3-20261004T120247-c8d1de,HIST_GRADIENT_BOOSTING,X0_STOCK_ONLY,5,ABS_DIR_5D,MH_DEV_2014,42,90759,10038,42,0.5493126120741183,0.5493126120741183,0.5091415006243873,0.6795580110497238,0.5270427518575409,0.24727072256168386,0.021350003912266855,0.5364426668429577,0.012869945231160584,0.534431755163694,,0.534431755163694,0.5347704354556009,5037387770f87d61b53691a4bad1825aed96c3375e6a100d7be878667b407be2,2efeed90db8eb9a45aaf2df2645cb98ccb3a359d6064cac757636e77a02e7e51,d34865ab4b5c18cc05e5ffff7303a61c2baf9877e970fbf36daa42ccecca536e,false,false
V3-20261004T120247-304a4a,2026-10-04T12:02:47.342920+00:00,/home/iemiedc2026/Documents/Sanket/Research/output/agentic-forecaster/v3/pre_covid_exogenous/V3-20261004T120247-304a4a,HIST_GRADIENT_BOOSTING,X1_INDIA_MARKET,5,ABS_DIR_5D,MH_DEV_2014,42,59104,10038,42,0.5098625224148237,0.5098625224148238,0.5068222727154034,0.5482093663911846,0.5130363124010696,0.25589687894796326,0.0819166806987025,0.5275446670276124,-0.01768214461278872,0.534431755163694,-0.021395442762624395,0.5130363124010696,0.5376840955134188,5037387770f87d61b53691a4bad1825aed96c3375e6a100d7be878667b407be2,2efeed90db8eb9a45aaf2df2645cb98ccb3a359d6064cac757636e77a02e7e51,d34865ab4b5c18cc05e5ffff7303a61c2baf9877e970fbf36daa42ccecca536e,false,false
V3-20261004T120247-494020,2026-10-04T12:02:47.407790+00:00,/home/iemiedc2026/Documents/Sanket/Research/output/agentic-forecaster/v3/pre_covid_exogenous/V3-20261004T120247-494020,HIST_GRADIENT_BOOSTING,X2_GLOBAL_RISK,5,ABS_DIR_5D,MH_DEV_2014,42,66668,10038,42,0.546124726041044,0.546124726041044,0.5377412075282487,0.6,0.5532215770355478,0.24743357682879996,0.04288601872052352,0.5255594888102237,0.020565237230820266,0.534431755163694,0.023353601464169094,0.5577853566278631,0.663836470829255,5037387770f87d61b53691a4bad1825aed96c3375e6a100d7be878667b407be2,2efeed90db8eb9a45aaf2df2645cb98ccb3a359d6064cac757636e77a02e7e51,d34865ab4b5c18cc05e5ffff7303a61c2baf9877e970fbf36daa42ccecca536e,false,false
V3-20261004T120247-135dfb,2026-10-04T12:02:47.473929+00:00,/home/iemiedc2026/Documents/Sanket/Research/output/agentic-forecaster/v3/pre_covid_exogenous/V3-20261004T120247-135dfb,HIST_GRADIENT_BOOSTING,X3_MACRO_COMMODITY,5,ABS_DIR_5D,MH_DEV_2014,42,63508,10038,42,0.48196851962542336,0.48196851962542325,0.48790858728715314,0.4845360824742268,0.4857260780283673,0.2674296470630736,0.11342301211192722,0.5234143729923789,-0.041445853366955554,0.534431755163694,-0.058599190688357505,0.4758325644753365,0.4327240445243678,5037387770f87d61b53691a4bad1825aed96c3375e6a100d7be878667b407be2,2efeed90db8eb9a45aaf2df2645cb98ccb3a359d6064cac757636e77a02e7e51,d34865ab4b5c18cc05e5ffff7303a61c2baf9877e970fbf36daa42ccecca536e,false,false
V3-20261004T120247-b408b1,2026-10-04T12:02:47.587855+00:00,/home/iemiedc2026/Documents/Sanket/Research/output/agentic-forecaster/v3/pre_covid_exogenous/V3-20261004T120247-b408b1,HIST_GRADIENT_BOOSTING,X4_ALL_EXOGENOUS,5,ABS_DIR_5D,MH_DEV_2014,42,59104,10038,42,0.4898386132695756,0.48983861326957545,0.5113221791890636,0.41574443810610384,0.5262873591859262,0.264631286949023,0.12518657956429322,0.5275446670276124,-0.03770605375803676,0.534431755163694,-0.008144395977767838,0.5262873591859262,0.5951150668093146,5037387770f87d61b53691a4bad1825aed96c3375e6a100d7be878667b407be2,2efeed90db8eb9a45aaf2df2645cb98ccb3a359d6064cac757636e77a02e7e51,d34865ab4b5c18cc05e5ffff7303a61c2baf9877e970fbf36daa42ccecca536e,false,false
V3-20261004T120349-771afe,2026-10-04T12:03:49.186642+00:00,/home/iemiedc2026/Documents/Sanket/Research/output/agentic-forecaster/v3/pre_covid_exogenous/V3-20261004T120349-771afe,HIST_GRADIENT_BOOSTING,X0_STOCK_ONLY,5,ABS_DIR_5D,MH_DEV_2015,42,101007,10122,42,0.5115589804386484,0.5115589804386484,0.5012656649280639,0.6523206751054852,0.5034740931719417,0.25211413611108346,0.04098215329152726,0.5381805221420297,-0.02662154170338127,0.5031994802944457,,0.5031994802944457,0.5172797946283694,5037387770f87d61b53691a4bad1825aed96c3375e6a100d7be878667b407be2,2efeed90db8eb9a45aaf2df2645cb98ccb3a359d6064cac757636e77a02e7e51,d34865ab4b5c18cc05e5ffff7303a61c2baf9877e970fbf36daa42ccecca536e,false,false
V3-20261004T120349-3a24ef,2026-10-04T12:03:49.291266+00:00,/home/iemiedc2026/Documents/Sanket/Research/output/agentic-forecaster/v3/pre_covid_exogenous/V3-20261004T120349-3a24ef,HIST_GRADIENT_BOOSTING,X1_INDIA_MARKET,5,ABS_DIR_5D,MH_DEV_2015,42,69352,10122,42,0.548014226437463,0.548014226437463,0.5406169596912521,0.6511627906976745,0.569918454547955,0.24954605237464048,0.05494433693109582,0.5313905871496135,0.01662363928784949,0.5031994802944457,0.06671897425350926,0.569918454547955,0.629410767479596,5037387770f87d61b53691a4bad1825aed96c3375e6a100d7be878667b407be2,2efeed90db8eb9a45aaf2df2645cb98ccb3a359d6064cac757636e77a02e7e51,d34865ab4b5c18cc05e5ffff7303a61c2baf9877e970fbf36daa42ccecca536e,false,false
V3-20261004T120349-68f689,2026-10-04T12:03:49.353354+00:00,/home/iemiedc2026/Documents/Sanket/Research/output/agentic-forecaster/v3/pre_covid_exogenous/V3-20261004T120349-68f689,HIST_GRADIENT_BOOSTING,X2_GLOBAL_RISK,5,ABS_DIR_5D,MH_DEV_2015,42,76916,10122,42,0.49417111242837386,0.49417111242837386,0.4885474826723142,0.5876952810436463,0.4835236180357955,0.25947680077073837,0.08076448369066326,0.5292916948359249,-0.035120582407551004,0.5031994802944457,-0.0012947319334497553,0.501904748360996,0.5573006224116636,5037387770f87d61b53691a4bad1825aed96c3375e6a100d7be878667b407be2,2efeed90db8eb9a45aaf2df2645cb98ccb3a359d6064cac757636e77a02e7e51,d34865ab4b5c18cc05e5ffff7303a61c2baf9877e970fbf36daa42ccecca536e,false,false
V3-20261004T120349-7797f9,2026-10-04T12:03:49.416978+00:00,/home/iemiedc2026/Documents/Sanket/Research/output/agentic-forecaster/v3/pre_covid_exogenous/V3-20261004T120349-7797f9,HIST_GRADIENT_BOOSTING,X3_MACRO_COMMODITY,5,ABS_DIR_5D,MH_DEV_2015,42,73756,10122,42,0.5013831258644537,0.5013831258644535,0.49492530717261174,0.6038772466839337,0.49492534624116735,0.2612101398276179,0.09006144000481267,0.5276045338684311,-0.02622140800397743,0.5031994802944457,0.014968159908535728,0.5181676402029814,0.489222833062895,5037387770f87d61b53691a4bad1825aed96c3375e6a100d7be878667b407be2,2efeed90db8eb9a45aaf2df2645cb98ccb3a359d6064cac757636e77a02e7e51,d34865ab4b5c18cc05e5ffff7303a61c2baf9877e970fbf36daa42ccecca536e,false,false
V3-20261004T120349-bb381f,2026-10-04T12:03:49.479554+00:00,/home/iemiedc2026/Documents/Sanket/Research/output/agentic-forecaster/v3/pre_covid_exogenous/V3-20261004T120349-bb381f,HIST_GRADIENT_BOOSTING,X4_ALL_EXOGENOUS,5,ABS_DIR_5D,MH_DEV_2015,42,69352,10122,42,0.5238095238095238,0.5238095238095238,0.5165592073021319,0.6307079374808459,0.5421672390470522,0.25367773488773077,0.06347773235044281,0.5313905871496135,-0.007581063340089678,0.5031994802944457,0.038967758752606496,0.5421672390470522,0.5994284468770434,5037387770f87d61b53691a4bad1825aed96c3375e6a100d7be878667b407be2,2efeed90db8eb9a45aaf2df2645cb98ccb3a359d6064cac757636e77a02e7e51,d34865ab4b5c18cc05e5ffff7303a61c2baf9877e970fbf36daa42ccecca536e,false,false
V3-20261004T120448-8717ae,2026-10-04T12:04:49.038732+00:00,/home/iemiedc2026/Documents/Sanket/Research/output/agentic-forecaster/v3/pre_covid_exogenous/V3-20261004T120448-8717ae,HIST_GRADIENT_BOOSTING,X0_STOCK_ONLY,5,ABS_DIR_5D,MH_DEV_2016,42,111339,10122,42,0.5229203714680893,0.5229203714680895,0.503887986440135,0.6589930089682932,0.5205154139069172,0.24979376797613762,0.02452238063223192,0.5359846953897556,-0.013064323921666232,0.516382977565762,,0.516382977565762,0.505377566565861,5037387770f87d61b53691a4bad1825aed96c3375e6a100d7be878667b407be2,2efeed90db8eb9a45aaf2df2645cb98ccb3a359d6064cac757636e77a02e7e51,d34865ab4b5c18cc05e5ffff7303a61c2baf9877e970fbf36daa42ccecca536e,false,false
V3-20261004T120449-59b7d9,2026-10-04T12:04:49.145161+00:00,/home/iemiedc2026/Documents/Sanket/Research/output/agentic-forecaster/v3/pre_covid_exogenous/V3-20261004T120449-59b7d9,HIST_GRADIENT_BOOSTING,X1_INDIA_MARKET,5,ABS_DIR_5D,MH_DEV_2016,42,79684,10122,42,0.5330962260422841,0.5330962260422842,0.5236692286347165,0.6146444879321592,0.5310210838724638,0.2531181036334927,0.043051182093663765,0.5292028512624868,0.003893374779797343,0.516382977565762,0.014638106306701815,0.5310210838724638,0.6138838991336775,5037387770f87d61b53691a4bad1825aed96c3375e6a100d7be878667b407be2,2efeed90db8eb9a45aaf2df2645cb98ccb3a359d6064cac757636e77a02e7e51,d34865ab4b5c18cc05e5ffff7303a61c2baf9877e970fbf36daa42ccecca536e,false,false
V3-20261004T120449-ec7e86,2026-10-04T12:04:49.208203+00:00,/home/iemiedc2026/Documents/Sanket/Research/output/agentic-forecaster/v3/pre_covid_exogenous/V3-20261004T120449-ec7e86,HIST_GRADIENT_BOOSTING,X2_GLOBAL_RISK,5,ABS_DIR_5D,MH_DEV_2016,42,87248,10122,42,0.5137324639399328,0.5137324639399328,0.5045377847719024,0.596821756225426,0.5081138578355313,0.2549560171562985,0.06456000949944592,0.5275421786172749,-0.013809714677342155,0.516382977565762,-0.013441808808706268,0.5029411687570557,0.4489301712180813,5037387770f87d61b53691a4bad1825aed96c3375e6a100d7be878667b407be2,2efeed90db8eb9a45aaf2df2645cb98ccb3a359d6064cac757636e77a02e7e51,d34865ab4b5c18cc05e5ffff7303a61c2baf9877e970fbf36daa42ccecca536e,false,false
V3-20261004T120449-cb15b3,2026-10-04T12:04:49.271974+00:00,/home/iemiedc2026/Documents/Sanket/Research/output/agentic-forecaster/v3/pre_covid_exogenous/V3-20261004T120449-cb15b3,HIST_GRADIENT_BOOSTING,X3_MACRO_COMMODITY,5,ABS_DIR_5D,MH_DEV_2016,42,84088,10122,42,0.5060264769808338,0.5060264769808337,0.5018410072009187,0.5540492329646807,0.5118720842401367,0.2565906451497734,0.07124148408560382,0.5259965750166492,-0.019970098035815398,0.516382977565762,0.006232533036846233,0.5226155106026082,0.4966006503103754,5037387770f87d61b53691a4bad1825aed96c3375e6a100d7be878667b407be2,2efeed90db8eb9a45aaf2df2645cb98ccb3a359d6064cac757636e77a02e7e51,d34865ab4b5c18cc05e5ffff7303a61c2baf9877e970fbf36daa42ccecca536e,false,false
V3-20261004T120449-b4ba29,2026-10-04T12:04:49.335270+00:00,/home/iemiedc2026/Documents/Sanket/Research/output/agentic-forecaster/v3/pre_covid_exogenous/V3-20261004T120449-b4ba29,HIST_GRADIENT_BOOSTING,X4_ALL_EXOGENOUS,5,ABS_DIR_5D,MH_DEV_2016,42,79684,10122,42,0.5200553250345782,0.5200553250345781,0.5206327263734278,0.5272479564032697,0.529814628688429,0.25997922211811086,0.09653477912357564,0.5292028512624868,-0.009147526227908598,0.516382977565762,0.013431651122666977,0.529814628688429,0.42779508401737193,5037387770f87d61b53691a4bad1825aed96c3375e6a100d7be878667b407be2,2efeed90db8eb9a45aaf2df2645cb98ccb3a359d6064cac757636e77a02e7e51,d34865ab4b5c18cc05e5ffff7303a61c2baf9877e970fbf36daa42ccecca536e,false,false
V3-20261004T120549-1e7b6d,2026-10-04T12:05:49.891702+00:00,/home/iemiedc2026/Documents/Sanket/Research/output/agentic-forecaster/v3/pre_covid_exogenous/V3-20261004T120549-1e7b6d,HIST_GRADIENT_BOOSTING,X0_STOCK_ONLY,5,ABS_DIR_5D,MH_DEV_2017,42,121671,10206,42,0.5572212424064276,0.5572212424064276,0.5018588541389,0.6933984666530972,0.5079433750167411,0.24642318302422528,0.03690538611513309,0.5347289000665729,0.022492342339854643,0.5144340623009019,,0.5144340623009019,0.4651157496983906,5037387770f87d61b53691a4bad1825aed96c3375e6a100d7be878667b407be2,2efeed90db8eb9a45aaf2df2645cb98ccb3a359d6064cac757636e77a02e7e51,d34865ab4b5c18cc05e5ffff7303a61c2baf9877e970fbf36daa42ccecca536e,false,false
V3-20261004T120549-536353,2026-10-04T12:05:49.958347+00:00,/home/iemiedc2026/Documents/Sanket/Research/output/agentic-forecaster/v3/pre_covid_exogenous/V3-20261004T120549-536353,HIST_GRADIENT_BOOSTING,X1_INDIA_MARKET,5,ABS_DIR_5D,MH_DEV_2017,42,90016,10206,42,0.4773662551440329,0.4773662551440329,0.507088651765216,0.4048203525998661,0.5149823290014286,0.26199098911534624,0.11717059539610644,0.5282838606469961,-0.05091760550296315,0.5144340623009019,0.0005482667005266562,0.5149823290014286,0.3981129498531788,5037387770f87d61b53691a4bad1825aed96c3375e6a100d7be878667b407be2,2efeed90db8eb9a45aaf2df2645cb98ccb3a359d6064cac757636e77a02e7e51,d34865ab4b5c18cc05e5ffff7303a61c2baf9877e970fbf36daa42ccecca536e,false,false
V3-20261004T120549-bc6885,2026-10-04T12:05:50.024882+00:00,/home/iemiedc2026/Documents/Sanket/Research/output/agentic-forecaster/v3/pre_covid_exogenous/V3-20261004T120549-bc6885,HIST_GRADIENT_BOOSTING,X2_GLOBAL_RISK,5,ABS_DIR_5D,MH_DEV_2017,42,97580,10206,42,0.5211640211640212,0.5211640211640212,0.5049348521027446,0.5955474633783001,0.5114741174941178,0.2579486251770423,0.09263888690411949,0.5268702602992417,-0.005706239135220503,0.5144340623009019,-0.015377593325458405,0.49905646897544353,0.4751314561471398,5037387770f87d61b53691a4bad1825aed96c3375e6a100d7be878667b407be2,2efeed90db8eb9a45aaf2df2645cb98ccb3a359d6064cac757636e77a02e7e51,d34865ab4b5c18cc05e5ffff7303a61c2baf9877e970fbf36daa42ccecca536e,false,false
V3-20261004T120550-605fb6,2026-10-04T12:05:50.092921+00:00,/home/iemiedc2026/Documents/Sanket/Research/output/agentic-forecaster/v3/pre_covid_exogenous/V3-20261004T120550-605fb6,HIST_GRADIENT_BOOSTING,X3_MACRO_COMMODITY,5,ABS_DIR_5D,MH_DEV_2017,42,94420,10206,42,0.49529688418577306,0.49529688418577306,0.516720494142871,0.4601194843307829,0.5236739797310843,0.25511297722186727,0.09892791717896494,0.5254712984537174,-0.03017441426794437,0.5144340623009019,-0.008353961186151282,0.5060801011147507,0.5275318112494594,5037387770f87d61b53691a4bad1825aed96c3375e6a100d7be878667b407be2,2efeed90db8eb9a45aaf2df2645cb98ccb3a359d6064cac757636e77a02e7e51,d34865ab4b5c18cc05e5ffff7303a61c2baf9877e970fbf36daa42ccecca536e,false,false
V3-20261004T120550-d09fc8,2026-10-04T12:05:50.159842+00:00,/home/iemiedc2026/Documents/Sanket/Research/output/agentic-forecaster/v3/pre_covid_exogenous/V3-20261004T120550-d09fc8,HIST_GRADIENT_BOOSTING,X4_ALL_EXOGENOUS,5,ABS_DIR_5D,MH_DEV_2017,42,90016,10206,42,0.4804036841073878,0.4804036841073878,0.5174637215041669,0.37457247316900577,0.5244002941322872,0.26439329399182954,0.1281919871939955,0.5282838606469961,-0.047880176539608243,0.5144340623009019,0.00996623183138523,0.5244002941322872,0.4507523161321163,5037387770f87d61b53691a4bad1825aed96c3375e6a100d7be878667b407be2,2efeed90db8eb9a45aaf2df2645cb98ccb3a359d6064cac757636e77a02e7e51,d34865ab4b5c18cc05e5ffff7303a61c2baf9877e970fbf36daa42ccecca536e,false,false
V3-20261004T120654-daa482,2026-10-04T12:06:54.376479+00:00,/home/iemiedc2026/Documents/Sanket/Research/output/agentic-forecaster/v3/pre_covid_exogenous/V3-20261004T120654-daa482,HIST_GRADIENT_BOOSTING,X0_STOCK_ONLY,5,ABS_DIR_5D,MH_DEV_2018,42,132087,10122,42,0.5055325034578146,0.5055325034578145,0.5052213453695981,0.645312167812345,0.5259414051969444,0.25175111934248895,0.043863162184264864,0.5383648655810186,-0.03283236212320395,0.5182936634899168,,0.5182936634899168,0.5156292532438073,5037387770f87d61b53691a4bad1825aed96c3375e6a100d7be878667b407be2,2efeed90db8eb9a45aaf2df2645cb98ccb3a359d6064cac757636e77a02e7e51,d34865ab4b5c18cc05e5ffff7303a61c2baf9877e970fbf36daa42ccecca536e,false,false
V3-20261004T120654-3b0486,2026-10-04T12:06:54.438387+00:00,/home/iemiedc2026/Documents/Sanket/Research/output/agentic-forecaster/v3/pre_covid_exogenous/V3-20261004T120654-3b0486,HIST_GRADIENT_BOOSTING,X1_INDIA_MARKET,5,ABS_DIR_5D,MH_DEV_2018,42,100432,10122,42,0.4942699071329777,0.4942699071329777,0.49413630320174295,0.5675424516347047,0.5045906478582463,0.2560875855974221,0.07448751750259362,0.5337342679624024,-0.03946436082942473,0.5182936634899168,-0.013703015631670534,0.5045906478582463,0.40352508846747126,5037387770f87d61b53691a4bad1825aed96c3375e6a100d7be878667b407be2,2efeed90db8eb9a45aaf2df2645cb98ccb3a359d6064cac757636e77a02e7e51,d34865ab4b5c18cc05e5ffff7303a61c2baf9877e970fbf36daa42ccecca536e,false,false
V3-20261004T120654-574316,2026-10-04T12:06:54.500158+00:00,/home/iemiedc2026/Documents/Sanket/Research/output/agentic-forecaster/v3/pre_covid_exogenous/V3-20261004T120654-574316,HIST_GRADIENT_BOOSTING,X2_GLOBAL_RISK,5,ABS_DIR_5D,MH_DEV_2018,42,107996,10122,42,0.48221695317131,0.48221695317130997,0.482100363848182,0.5489284792150787,0.4889239764415183,0.26015749380864767,0.09628695235111918,0.5320752620467425,-0.04985830887543247,0.5182936634899168,-0.03469133028587623,0.48360233320404056,0.4212412666727158,5037387770f87d61b53691a4bad1825aed96c3375e6a100d7be878667b407be2,2efeed90db8eb9a45aaf2df2645cb98ccb3a359d6064cac757636e77a02e7e51,d34865ab4b5c18cc05e5ffff7303a61c2baf9877e970fbf36daa42ccecca536e,false,false
V3-20261004T120654-1e5874,2026-10-04T12:06:54.562757+00:00,/home/iemiedc2026/Documents/Sanket/Research/output/agentic-forecaster/v3/pre_covid_exogenous/V3-20261004T120654-1e5874,HIST_GRADIENT_BOOSTING,X3_MACRO_COMMODITY,5,ABS_DIR_5D,MH_DEV_2018,42,104836,10122,42,0.5031614305473227,0.5031614305473225,0.5030729642587826,0.5533351096900258,0.5081100528018105,0.25625850058188937,0.06700229844691524,0.5309721851272464,-0.02781075457992377,0.5182936634899168,0.006683160440865588,0.5249768239307824,0.45531258506487615,5037387770f87d61b53691a4bad1825aed96c3375e6a100d7be878667b407be2,2efeed90db8eb9a45aaf2df2645cb98ccb3a359d6064cac757636e77a02e7e51,d34865ab4b5c18cc05e5ffff7303a61c2baf9877e970fbf36daa42ccecca536e,false,false
V3-20261004T120654-8a523e,2026-10-04T12:06:54.625331+00:00,/home/iemiedc2026/Documents/Sanket/Research/output/agentic-forecaster/v3/pre_covid_exogenous/V3-20261004T120654-8a523e,HIST_GRADIENT_BOOSTING,X4_ALL_EXOGENOUS,5,ABS_DIR_5D,MH_DEV_2018,42,100432,10122,42,0.5221300138312587,0.5221300138312587,0.522003142458305,0.5883754574078802,0.5349069765580575,0.2521664515313472,0.05176047632437913,0.5337342679624024,-0.011604254131143743,0.5182936634899168,0.016613313068140734,0.5349069765580575,0.5700367480264948,5037387770f87d61b53691a4bad1825aed96c3375e6a100d7be878667b407be2,2efeed90db8eb9a45aaf2df2645cb98ccb3a359d6064cac757636e77a02e7e51,d34865ab4b5c18cc05e5ffff7303a61c2baf9877e970fbf36daa42ccecca536e,false,false
V3-20261004T120750-3aaced,2026-10-04T12:07:50.851588+00:00,/home/iemiedc2026/Documents/Sanket/Research/output/agentic-forecaster/v3/pre_covid_exogenous/V3-20261004T120750-3aaced,HIST_GRADIENT_BOOSTING,X0_STOCK_ONLY,10,ABS_DIR_10D,MH_DEV_2014,42,90549,9828,42,0.5795685795685795,0.5795685795685797,0.5089468138244371,0.7173734610123119,0.5332318658610851,0.2429867348858816,0.03127591790967072,0.5568808048680824,0.0226877747004971,0.5288326992685446,,0.5288326992685446,0.5254936634246979,5037387770f87d61b53691a4bad1825aed96c3375e6a100d7be878667b407be2,2efeed90db8eb9a45aaf2df2645cb98ccb3a359d6064cac757636e77a02e7e51,d34865ab4b5c18cc05e5ffff7303a61c2baf9877e970fbf36daa42ccecca536e,false,false
V3-20261004T120750-5b97d9,2026-10-04T12:07:50.912955+00:00,/home/iemiedc2026/Documents/Sanket/Research/output/agentic-forecaster/v3/pre_covid_exogenous/V3-20261004T120750-5b97d9,HIST_GRADIENT_BOOSTING,X1_INDIA_MARKET,10,ABS_DIR_10D,MH_DEV_2014,42,58894,9828,42,0.49135124135124136,0.49135124135124125,0.4902277330359159,0.5348469340281009,0.4993579024885903,0.26017275857430716,0.11354249043807486,0.5422114307060142,-0.05086018935477282,0.5288326992685446,-0.029474796779954293,0.4993579024885903,0.22575891541408782,5037387770f87d61b53691a4bad1825aed96c3375e6a100d7be878667b407be2,2efeed90db8eb9a45aaf2df2645cb98ccb3a359d6064cac757636e77a02e7e51,d34865ab4b5c18cc05e5ffff7303a61c2baf9877e970fbf36daa42ccecca536e,false,false
V3-20261004T120750-d9c2b0,2026-10-04T12:07:50.974200+00:00,/home/iemiedc2026/Documents/Sanket/Research/output/agentic-forecaster/v3/pre_covid_exogenous/V3-20261004T120750-d9c2b0,HIST_GRADIENT_BOOSTING,X2_GLOBAL_RISK,10,ABS_DIR_10D,MH_DEV_2014,42,66458,9828,42,0.5754985754985755,0.5754985754985755,0.5625283105366514,0.6380985426786954,0.5863048634251815,0.24373644189454163,0.07980057774083672,0.5391074061813477,0.036391169317227856,0.5288326992685446,0.04344189839681967,0.5722745976653643,0.8140288829944002,5037387770f87d61b53691a4bad1825aed96c3375e6a100d7be878667b407be2,2efeed90db8eb9a45aaf2df2645cb98ccb3a359d6064cac757636e77a02e7e51,d34865ab4b5c18cc05e5ffff7303a61c2baf9877e970fbf36daa42ccecca536e,false,false
V3-20261004T120751-1469bf,2026-10-04T12:07:51.079139+00:00,/home/iemiedc2026/Documents/Sanket/Research/output/agentic-forecaster/v3/pre_covid_exogenous/V3-20261004T120751-1469bf,HIST_GRADIENT_BOOSTING,X3_MACRO_COMMODITY,10,ABS_DIR_10D,MH_DEV_2014,42,63298,9828,42,0.5015262515262515,0.5015262515262515,0.5150504286779749,0.5091674180943794,0.5107189593354636,0.2630617091851063,0.11784968733504167,0.5367310183576101,-0.035204766831358536,0.5288326992685446,-0.0018727719351062655,0.5269599273334383,0.6407309165929855,5037387770f87d61b53691a4bad1825aed96c3375e6a100d7be878667b407be2,2efeed90db8eb9a45aaf2df2645cb98ccb3a359d6064cac757636e77a02e7e51,d34865ab4b5c18cc05e5ffff7303a61c2baf9877e970fbf36daa42ccecca536e,false,false
V3-20261004T120751-30e4a6,2026-10-04T12:07:51.140847+00:00,/home/iemiedc2026/Documents/Sanket/Research/output/agentic-forecaster/v3/pre_covid_exogenous/V3-20261004T120751-30e4a6,HIST_GRADIENT_BOOSTING,X4_ALL_EXOGENOUS,10,ABS_DIR_10D,MH_DEV_2014,42,58894,9828,42,0.508954008954009,0.508954008954009,0.5173946437491019,0.5299045392557958,0.5237628680369765,0.25688876142668843,0.11099400912341918,0.5422114307060142,-0.03325742175200519,0.5288326992685446,-0.005069831231568123,0.5237628680369765,0.3135867963454171,5037387770f87d61b53691a4bad1825aed96c3375e6a100d7be878667b407be2,2efeed90db8eb9a45aaf2df2645cb98ccb3a359d6064cac757636e77a02e7e51,d34865ab4b5c18cc05e5ffff7303a61c2baf9877e970fbf36daa42ccecca536e,false,false
V3-20261004T120848-a9b23d,2026-10-04T12:08:48.440284+00:00,/home/iemiedc2026/Documents/Sanket/Research/output/agentic-forecaster/v3/pre_covid_exogenous/V3-20261004T120848-a9b23d,HIST_GRADIENT_BOOSTING,X0_STOCK_ONLY,10,ABS_DIR_10D,MH_DEV_2015,42,100797,9912,42,0.5135189669087974,0.5135189669087973,0.49932370843431584,0.6652318800333241,0.5036743334237447,0.2541001242667208,0.05775959968964329,0.5595999880948838,-0.04608102118608637,0.515857037094247,,0.515857037094247,0.33034463435135897,5037387770f87d61b53691a4bad1825aed96c3375e6a100d7be878667b407be2,2efeed90db8eb9a45aaf2df2645cb98ccb3a359d6064cac757636e77a02e7e51,d34865ab4b5c18cc05e5ffff7303a61c2baf9877e970fbf36daa42ccecca536e,false,false
V3-20261004T120848-81c605,2026-10-04T12:08:48.501034+00:00,/home/iemiedc2026/Documents/Sanket/Research/output/agentic-forecaster/v3/pre_covid_exogenous/V3-20261004T120848-81c605,HIST_GRADIENT_BOOSTING,X1_INDIA_MARKET,10,ABS_DIR_10D,MH_DEV_2015,42,69142,9912,42,0.5297619047619048,0.5297619047619048,0.5184808331752324,0.6552769765549885,0.5446168621921693,0.2592807038972234,0.09294840769390866,0.5483497729310693,-0.01858786816916458,0.515857037094247,0.028759825097922298,0.5446168621921693,0.6449985990473521,5037387770f87d61b53691a4bad1825aed96c3375e6a100d7be878667b407be2,2efeed90db8eb9a45aaf2df2645cb98ccb3a359d6064cac757636e77a02e7e51,d34865ab4b5c18cc05e5ffff7303a61c2baf9877e970fbf36daa42ccecca536e,false,false
V3-20261004T120848-9474a9,2026-10-04T12:08:48.605547+00:00,/home/iemiedc2026/Documents/Sanket/Research/output/agentic-forecaster/v3/pre_covid_exogenous/V3-20261004T120848-9474a9,HIST_GRADIENT_BOOSTING,X2_GLOBAL_RISK,10,ABS_DIR_10D,MH_DEV_2015,42,76706,9912,42,0.4936440677966102,0.49364406779661013,0.48477238459464583,0.6071232876712329,0.481305501321221,0.26476718290128365,0.1067070369122468,0.5450551456209423,-0.051411077824332074,0.515857037094247,-0.02459168695487024,0.4912653501393768,0.2762678621462594,5037387770f87d61b53691a4bad1825aed96c3375e6a100d7be878667b407be2,2efeed90db8eb9a45aaf2df2645cb98ccb3a359d6064cac757636e77a02e7e51,d34865ab4b5c18cc05e5ffff7303a61c2baf9877e970fbf36daa42ccecca536e,false,false
V3-20261004T120848-d982da,2026-10-04T12:08:48.667176+00:00,/home/iemiedc2026/Documents/Sanket/Research/output/agentic-forecaster/v3/pre_covid_exogenous/V3-20261004T120848-d982da,HIST_GRADIENT_BOOSTING,X3_MACRO_COMMODITY,10,ABS_DIR_10D,MH_DEV_2015,42,73546,9912,42,0.527542372881356,0.5275423728813559,0.5153665540227295,0.660479953599652,0.5230387249111155,0.26110201225972574,0.087360435920682,0.5432654393168901,-0.015723066435534117,0.515857037094247,5.440981349247309e-05,0.5159114469077395,0.4634351358924068,5037387770f87d61b53691a4bad1825aed96c3375e6a100d7be878667b407be2,2efeed90db8eb9a45aaf2df2645cb98ccb3a359d6064cac757636e77a02e7e51,d34865ab4b5c18cc05e5ffff7303a61c2baf9877e970fbf36daa42ccecca536e,false,false
V3-20261004T120848-19cbd2,2026-10-04T12:08:48.728215+00:00,/home/iemiedc2026/Documents/Sanket/Research/output/agentic-forecaster/v3/pre_covid_exogenous/V3-20261004T120848-19cbd2,HIST_GRADIENT_BOOSTING,X4_ALL_EXOGENOUS,10,ABS_DIR_10D,MH_DEV_2015,42,69142,9912,42,0.5388418079096046,0.5388418079096046,0.5294994928883113,0.6465630557488595,0.571906583037221,0.2517861822514902,0.07316907679274867,0.5483497729310693,-0.009507965021464782,0.515857037094247,0.056049545942973955,0.571906583037221,0.37713645278789576,5037387770f87d61b53691a4bad1825aed96c3375e6a100d7be878667b407be2,2efeed90db8eb9a45aaf2df2645cb98ccb3a359d6064cac757636e77a02e7e51,d34865ab4b5c18cc05e5ffff7303a61c2baf9877e970fbf36daa42ccecca536e,false,false
V3-20261004T120948-ea6703,2026-10-04T12:09:48.399723+00:00,/home/iemiedc2026/Documents/Sanket/Research/output/agentic-forecaster/v3/pre_covid_exogenous/V3-20261004T120948-ea6703,HIST_GRADIENT_BOOSTING,X0_STOCK_ONLY,10,ABS_DIR_10D,MH_DEV_2016,42,111129,9912,42,0.5375302663438256,0.5375302663438257,0.4981031956963423,0.6864997948297087,0.5143840188945876,0.24864293562480758,0.02327365572382375,0.5558855024341081,-0.018355236090282445,0.5182892682301323,,0.5182892682301323,0.45569620253164556,5037387770f87d61b53691a4bad1825aed96c3375e6a100d7be878667b407be2,2efeed90db8eb9a45aaf2df2645cb98ccb3a359d6064cac757636e77a02e7e51,d34865ab4b5c18cc05e5ffff7303a61c2baf9877e970fbf36daa42ccecca536e,false,false
V3-20261004T120948-d9fae1,2026-10-04T12:09:48.463160+00:00,/home/iemiedc2026/Documents/Sanket/Research/output/agentic-forecaster/v3/pre_covid_exogenous/V3-20261004T120948-d9fae1,HIST_GRADIENT_BOOSTING,X1_INDIA_MARKET,10,ABS_DIR_10D,MH_DEV_2016,42,79474,9912,42,0.5229015334947539,0.5229015334947539,0.49970626047453015,0.6325848807396472,0.5011566250437129,0.25620777145341495,0.0692148648859207,0.544618365754838,-0.02171683226008414,0.5182892682301323,-0.017132643186419383,0.5011566250437129,0.5510368973875572,5037387770f87d61b53691a4bad1825aed96c3375e6a100d7be878667b407be2,2efeed90db8eb9a45aaf2df2645cb98ccb3a359d6064cac757636e77a02e7e51,d34865ab4b5c18cc05e5ffff7303a61c2baf9877e970fbf36daa42ccecca536e,false,false
V3-20261004T120948-bb9859,2026-10-04T12:09:48.526403+00:00,/home/iemiedc2026/Documents/Sanket/Research/output/agentic-forecaster/v3/pre_covid_exogenous/V3-20261004T120948-bb9859,HIST_GRADIENT_BOOSTING,X2_GLOBAL_RISK,10,ABS_DIR_10D,MH_DEV_2016,42,87038,9912,42,0.5094834543987087,0.5094834543987086,0.49606627591453734,0.5883846935320014,0.49950788159316206,0.2607540092094185,0.09140292343690276,0.5420391093545348,-0.03255565495582613,0.5182892682301323,-0.021090879781905214,0.4971983884482271,0.3180716401831403,5037387770f87d61b53691a4bad1825aed96c3375e6a100d7be878667b407be2,2efeed90db8eb9a45aaf2df2645cb98ccb3a359d6064cac757636e77a02e7e51,d34865ab4b5c18cc05e5ffff7303a61c2baf9877e970fbf36daa42ccecca536e,false,false
V3-20261004T120948-421147,2026-10-04T12:09:48.590692+00:00,/home/iemiedc2026/Documents/Sanket/Research/output/agentic-forecaster/v3/pre_covid_exogenous/V3-20261004T120948-421147,HIST_GRADIENT_BOOSTING,X3_MACRO_COMMODITY,10,ABS_DIR_10D,MH_DEV_2016,42,83878,9912,42,0.5444915254237288,0.5444915254237288,0.5346506295999194,0.6060553180350755,0.5508061597925773,0.24938031090701973,0.045992693252800185,0.5403562316698062,0.004135293753922631,0.5182892682301323,0.04846667269693583,0.5667559409270682,0.2943711284675465,5037387770f87d61b53691a4bad1825aed96c3375e6a100d7be878667b407be2,2efeed90db8eb9a45aaf2df2645cb98ccb3a359d6064cac757636e77a02e7e51,d34865ab4b5c18cc05e5ffff7303a61c2baf9877e970fbf36daa42ccecca536e,false,false
V3-20261004T120948-b2c997,2026-10-04T12:09:48.654285+00:00,/home/iemiedc2026/Documents/Sanket/Research/output/agentic-forecaster/v3/pre_covid_exogenous/V3-20261004T120948-b2c997,HIST_GRADIENT_BOOSTING,X4_ALL_EXOGENOUS,10,ABS_DIR_10D,MH_DEV_2016,42,79474,9912,42,0.5261299435028248,0.5261299435028249,0.5232695163616077,0.5609049266149387,0.5297341673718291,0.25846264211887443,0.08784910126325916,0.544618365754838,-0.018488422252013192,0.5182892682301323,0.011444899141696774,0.5297341673718291,0.2553191489361702,5037387770f87d61b53691a4bad1825aed96c3375e6a100d7be878667b407be2,2efeed90db8eb9a45aaf2df2645cb98ccb3a359d6064cac757636e77a02e7e51,d34865ab4b5c18cc05e5ffff7303a61c2baf9877e970fbf36daa42ccecca536e,false,false
V3-20261004T121048-f8c1d7,2026-10-04T12:10:48.566844+00:00,/home/iemiedc2026/Documents/Sanket/Research/output/agentic-forecaster/v3/pre_covid_exogenous/V3-20261004T121048-f8c1d7,HIST_GRADIENT_BOOSTING,X0_STOCK_ONLY,10,ABS_DIR_10D,MH_DEV_2017,42,121461,9996,42,0.5764305722288916,0.5764305722288916,0.4908360481847222,0.7190071675073002,0.5071822951039862,0.24326093390155681,0.054627455691578,0.5543260799762887,0.022104492252602914,0.511240015053062,,0.511240015053062,0.4402631578947368,5037387770f87d61b53691a4bad1825aed96c3375e6a100d7be878667b407be2,2efeed90db8eb9a45aaf2df2645cb98ccb3a359d6064cac757636e77a02e7e51,d34865ab4b5c18cc05e5ffff7303a61c2baf9877e970fbf36daa42ccecca536e,false,false
V3-20261004T121048-220253,2026-10-04T12:10:48.628744+00:00,/home/iemiedc2026/Documents/Sanket/Research/output/agentic-forecaster/v3/pre_covid_exogenous/V3-20261004T121048-220253,HIST_GRADIENT_BOOSTING,X1_INDIA_MARKET,10,ABS_DIR_10D,MH_DEV_2017,42,89806,9996,42,0.44317727090836334,0.4431772709083634,0.5010975177916687,0.3319731156985118,0.5123862243103262,0.2899591563556958,0.20988325768988492,0.5438055363784157,-0.10062826547005232,0.511240015053062,0.0011462092572641636,0.5123862243103262,0.6092105263157894,5037387770f87d61b53691a4bad1825aed96c3375e6a100d7be878667b407be2,2efeed90db8eb9a45aaf2df2645cb98ccb3a359d6064cac757636e77a02e7e51,d34865ab4b5c18cc05e5ffff7303a61c2baf9877e970fbf36daa42ccecca536e,false,false
V3-20261004T121048-75748e,2026-10-04T12:10:48.690259+00:00,/home/iemiedc2026/Documents/Sanket/Research/output/agentic-forecaster/v3/pre_covid_exogenous/V3-20261004T121048-75748e,HIST_GRADIENT_BOOSTING,X2_GLOBAL_RISK,10,ABS_DIR_10D,MH_DEV_2017,42,97370,9996,42,0.5105042016806722,0.5105042016806722,0.49196316233860393,0.5892722236212541,0.48597507625779407,0.26064301023987263,0.11665889970497242,0.5415631097874088,-0.031058908106736616,0.511240015053062,-0.03130045870588527,0.4799395563471768,0.3836842105263158,5037387770f87d61b53691a4bad1825aed96c3375e6a100d7be878667b407be2,2efeed90db8eb9a45aaf2df2645cb98ccb3a359d6064cac757636e77a02e7e51,d34865ab4b5c18cc05e5ffff7303a61c2baf9877e970fbf36daa42ccecca536e,false,false
V3-20261004T121048-44b85a,2026-10-04T12:10:48.752866+00:00,/home/iemiedc2026/Documents/Sanket/Research/output/agentic-forecaster/v3/pre_covid_exogenous/V3-20261004T121048-44b85a,HIST_GRADIENT_BOOSTING,X3_MACRO_COMMODITY,10,ABS_DIR_10D,MH_DEV_2017,42,94210,9996,42,0.4809923969587835,0.4809923969587835,0.501155914013429,0.4868447082096934,0.49159985232002146,0.26540529588505174,0.15023703849893497,0.5400488270884195,-0.05905643012963602,0.511240015053062,-0.018140935110059764,0.4930990799430023,0.39710526315789474,5037387770f87d61b53691a4bad1825aed96c3375e6a100d7be878667b407be2,2efeed90db8eb9a45aaf2df2645cb98ccb3a359d6064cac757636e77a02e7e51,d34865ab4b5c18cc05e5ffff7303a61c2baf9877e970fbf36daa42ccecca536e,false,false
V3-20261004T121048-e5620b,2026-10-04T12:10:48.815007+00:00,/home/iemiedc2026/Documents/Sanket/Research/output/agentic-forecaster/v3/pre_covid_exogenous/V3-20261004T121048-e5620b,HIST_GRADIENT_BOOSTING,X4_ALL_EXOGENOUS,10,ABS_DIR_10D,MH_DEV_2017,42,89806,9996,42,0.42046818727491,0.42046818727491,0.5010014972992481,0.202834732351727,0.5050315911821789,0.2883095702142478,0.20547084715468872,0.5438055363784157,-0.12333734910350569,0.511240015053062,-0.006208423870883162,0.5050315911821789,0.42605263157894735,5037387770f87d61b53691a4bad1825aed96c3375e6a100d7be878667b407be2,2efeed90db8eb9a45aaf2df2645cb98ccb3a359d6064cac757636e77a02e7e51,d34865ab4b5c18cc05e5ffff7303a61c2baf9877e970fbf36daa42ccecca536e,false,false
V3-20261004T121150-678a65,2026-10-04T12:11:50.960025+00:00,/home/iemiedc2026/Documents/Sanket/Research/output/agentic-forecaster/v3/pre_covid_exogenous/V3-20261004T121150-678a65,HIST_GRADIENT_BOOSTING,X0_STOCK_ONLY,10,ABS_DIR_10D,MH_DEV_2018,42,131877,9912,42,0.49556093623890235,0.49556093623890235,0.500909580573333,0.6523915461624027,0.506941364506047,0.2553502885763262,0.06862122443733941,0.5592711390159012,-0.06371020277699885,0.518621441018639,,0.518621441018639,0.6097560975609756,5037387770f87d61b53691a4bad1825aed96c3375e6a100d7be878667b407be2,2efeed90db8eb9a45aaf2df2645cb98ccb3a359d6064cac757636e77a02e7e51,d34865ab4b5c18cc05e5ffff7303a61c2baf9877e970fbf36daa42ccecca536e,false,false
V3-20261004T121150-7d06a8,2026-10-04T12:11:51.021627+00:00,/home/iemiedc2026/Documents/Sanket/Research/output/agentic-forecaster/v3/pre_covid_exogenous/V3-20261004T121150-7d06a8,HIST_GRADIENT_BOOSTING,X1_INDIA_MARKET,10,ABS_DIR_10D,MH_DEV_2018,42,100222,9912,42,0.5150322841000807,0.5150322841000808,0.5177632885169382,0.6048499794492396,0.5320343951594579,0.2588976404368534,0.08518067405699754,0.5514058789487338,-0.0363735948486531,0.518621441018639,0.013412954140818889,0.5320343951594579,0.5870875179340029,5037387770f87d61b53691a4bad1825aed96c3375e6a100d7be878667b407be2,2efeed90db8eb9a45aaf2df2645cb98ccb3a359d6064cac757636e77a02e7e51,d34865ab4b5c18cc05e5ffff7303a61c2baf9877e970fbf36daa42ccecca536e,false,false
V3-20261004T121151-fd325c,2026-10-04T12:11:51.082955+00:00,/home/iemiedc2026/Documents/Sanket/Research/output/agentic-forecaster/v3/pre_covid_exogenous/V3-20261004T121151-fd325c,HIST_GRADIENT_BOOSTING,X2_GLOBAL_RISK,10,ABS_DIR_10D,MH_DEV_2018,42,107786,9912,42,0.4717514124293785,0.47175141242937857,0.47318581878457755,0.5270953757225434,0.4745980955244466,0.26667060442899626,0.11837685920991511,0.5488467890078489,-0.07709537657847038,0.518621441018639,-0.06291514017997468,0.45570630083866437,0.5021520803443329,5037387770f87d61b53691a4bad1825aed96c3375e6a100d7be878667b407be2,2efeed90db8eb9a45aaf2df2645cb98ccb3a359d6064cac757636e77a02e7e51,d34865ab4b5c18cc05e5ffff7303a61c2baf9877e970fbf36daa42ccecca536e,false,false
V3-20261004T121151-58f645,2026-10-04T12:11:51.144665+00:00,/home/iemiedc2026/Documents/Sanket/Research/output/agentic-forecaster/v3/pre_covid_exogenous/V3-20261004T121151-58f645,HIST_GRADIENT_BOOSTING,X3_MACRO_COMMODITY,10,ABS_DIR_10D,MH_DEV_2018,42,104626,9912,42,0.5111985472154964,0.5111985472154964,0.514028217927329,0.6044575067352437,0.5347479690594388,0.2589804008202308,0.08688445630229805,0.5477032477586833,-0.036504700543186885,0.518621441018639,0.019455386086780657,0.5380768271054197,0.5922525107604018,5037387770f87d61b53691a4bad1825aed96c3375e6a100d7be878667b407be2,2efeed90db8eb9a45aaf2df2645cb98ccb3a359d6064cac757636e77a02e7e51,d34865ab4b5c18cc05e5ffff7303a61c2baf9877e970fbf36daa42ccecca536e,false,false
V3-20261004T121151-feff41,2026-10-04T12:11:51.250605+00:00,/home/iemiedc2026/Documents/Sanket/Research/output/agentic-forecaster/v3/pre_covid_exogenous/V3-20261004T121151-feff41,HIST_GRADIENT_BOOSTING,X4_ALL_EXOGENOUS,10,ABS_DIR_10D,MH_DEV_2018,42,100222,9912,42,0.5010088781275222,0.5010088781275222,0.5041335465270538,0.60432,0.4976012448932291,0.2648341538247969,0.09327211238624226,0.5514058789487338,-0.05039700082121168,0.518621441018639,-0.02102019612540995,0.4976012448932291,0.5890961262553802,5037387770f87d61b53691a4bad1825aed96c3375e6a100d7be878667b407be2,2efeed90db8eb9a45aaf2df2645cb98ccb3a359d6064cac757636e77a02e7e51,d34865ab4b5c18cc05e5ffff7303a61c2baf9877e970fbf36daa42ccecca536e,false,false
