date,target_date,ticker,y_true,p_up,fold,confidence
2019-01-01,2019-01-02,RELIANCE,0.0,0.5289245247840881,SEARCH_FOLD_A,0.5289245247840881
2019-01-02,2019-01-03,RELIANCE,0.0,0.5289594531059265,SEARCH_FOLD_A,0.5289594531059265
2019-01-03,2019-01-04,RELIANCE,1.0,0.5290432572364807,SEARCH_FOLD_A,0.5290432572364807
2019-01-04,2019-01-07,RELIANCE,1.0,0.5291181206703186,SEARCH_FOLD_A,0.5291181206703186
2019-01-07,2019-01-08,RELIANCE,0.0,0.5291284918785095,SEARCH_FOLD_A,0.5291284918785095
2019-01-08,2019-01-09,RELIANCE,1.0,0.5291358828544617,SEARCH_FOLD_A,0.5291358828544617
2019-01-09,2019-01-10,RELIANCE,0.0,0.5291599631309509,SEARCH_FOLD_A,0.5291599631309509
2019-01-10,2019-01-11,RELIANCE,0.0,0.5292627811431885,SEARCH_FOLD_A,0.5292627811431885
2019-01-11,2019-01-14,RELIANCE,0.0,0.5294992923736572,SEARCH_FOLD_A,0.5294992923736572
2019-01-14,2019-01-15,RELIANCE,1.0,0.5297718048095703,SEARCH_FOLD_A,0.5297718048095703
2019-01-15,2019-01-16,RELIANCE,1.0,0.5299738049507141,SEARCH_FOLD_A,0.5299738049507141
2019-01-16,2019-01-17,RELIANCE,0.0,0.5301510691642761,SEARCH_FOLD_A,0.5301510691642761
2019-01-17,2019-01-18,RELIANCE,1.0,0.5303322672843933,SEARCH_FOLD_A,0.5303322672843933
2019-01-18,2019-01-21,RELIANCE,1.0,0.5303930640220642,SEARCH_FOLD_A,0.5303930640220642
2019-01-21,2019-01-22,RELIANCE,0.0,0.5304155349731445,SEARCH_FOLD_A,0.5304155349731445
2019-01-22,2019-01-23,RELIANCE,0.0,0.5302947163581848,SEARCH_FOLD_A,0.5302947163581848
2019-01-23,2019-01-24,RELIANCE,1.0,0.5301318168640137,SEARCH_FOLD_A,0.5301318168640137
2019-01-24,2019-01-25,RELIANCE,0.0,0.5299379229545593,SEARCH_FOLD_A,0.5299379229545593
2019-01-25,2019-01-28,RELIANCE,0.0,0.5296568870544434,SEARCH_FOLD_A,0.5296568870544434
2019-01-28,2019-01-29,RELIANCE,0.0,0.5292970538139343,SEARCH_FOLD_A,0.5292970538139343
2019-01-29,2019-01-30,RELIANCE,0.0,0.5289428234100342,SEARCH_FOLD_A,0.5289428234100342
2019-01-30,2019-01-31,RELIANCE,1.0,0.5286213755607605,SEARCH_FOLD_A,0.5286213755607605
2019-01-31,2019-02-01,RELIANCE,1.0,0.5283330678939819,SEARCH_FOLD_A,0.5283330678939819
2019-02-01,2019-02-04,RELIANCE,1.0,0.5280131101608276,SEARCH_FOLD_A,0.5280131101608276
2019-02-04,2019-02-05,RELIANCE,1.0,0.5276337265968323,SEARCH_FOLD_A,0.5276337265968323
2019-02-05,2019-02-06,RELIANCE,1.0,0.5271185040473938,SEARCH_FOLD_A,0.5271185040473938
2019-02-06,2019-02-07,RELIANCE,0.0,0.5266257524490356,SEARCH_FOLD_A,0.5266257524490356
2019-02-07,2019-02-08,RELIANCE,0.0,0.5262549519538879,SEARCH_FOLD_A,0.5262549519538879
2019-02-08,2019-02-11,RELIANCE,0.0,0.5258455276489258,SEARCH_FOLD_A,0.5258455276489258
2019-02-11,2019-02-12,RELIANCE,1.0,0.5254302620887756,SEARCH_FOLD_A,0.5254302620887756
2019-02-12,2019-02-14,RELIANCE,0.0,0.5249951481819153,SEARCH_FOLD_A,0.5249951481819153
2019-02-14,2019-02-15,RELIANCE,1.0,0.5245713591575623,SEARCH_FOLD_A,0.5245713591575623
2019-02-15,2019-02-18,RELIANCE,0.0,0.5241207480430603,SEARCH_FOLD_A,0.5241207480430603
2019-02-18,2019-02-19,RELIANCE,0.0,0.523711085319519,SEARCH_FOLD_A,0.523711085319519
2019-02-19,2019-02-20,RELIANCE,1.0,0.5233213901519775,SEARCH_FOLD_A,0.5233213901519775
2019-02-20,2019-02-21,RELIANCE,1.0,0.5229951739311218,SEARCH_FOLD_A,0.5229951739311218
2019-02-21,2019-02-22,RELIANCE,0.0,0.522720217704773,SEARCH_FOLD_A,0.522720217704773
2019-02-22,2019-02-25,RELIANCE,0.0,0.5224382281303406,SEARCH_FOLD_A,0.5224382281303406
2019-02-25,2019-02-26,RELIANCE,0.0,0.5221574306488037,SEARCH_FOLD_A,0.5221574306488037
2019-02-26,2019-02-27,RELIANCE,1.0,0.5218343138694763,SEARCH_FOLD_A,0.5218343138694763
2019-02-27,2019-02-28,RELIANCE,1.0,0.5216946005821228,SEARCH_FOLD_A,0.5216946005821228
2019-02-28,2019-03-01,RELIANCE,0.0,0.5215683579444885,SEARCH_FOLD_A,0.5215683579444885
2019-03-01,2019-03-05,RELIANCE,1.0,0.5214557647705078,SEARCH_FOLD_A,0.5214557647705078
2019-03-05,2019-03-06,RELIANCE,1.0,0.5215444564819336,SEARCH_FOLD_A,0.5215444564819336
2019-03-06,2019-03-07,RELIANCE,1.0,0.5216608643531799,SEARCH_FOLD_A,0.5216608643531799
2019-03-07,2019-03-08,RELIANCE,0.0,0.5218719840049744,SEARCH_FOLD_A,0.5218719840049744
2019-03-08,2019-03-11,RELIANCE,1.0,0.5220223069190979,SEARCH_FOLD_A,0.5220223069190979
2019-03-11,2019-03-12,RELIANCE,1.0,0.5222249031066895,SEARCH_FOLD_A,0.5222249031066895
2019-03-12,2019-03-13,RELIANCE,1.0,0.5224552750587463,SEARCH_FOLD_A,0.5224552750587463
2019-03-13,2019-03-14,RELIANCE,0.0,0.5226799845695496,SEARCH_FOLD_A,0.5226799845695496
2019-03-14,2019-03-15,RELIANCE,0.0,0.5228732824325562,SEARCH_FOLD_A,0.5228732824325562
2019-03-15,2019-03-18,RELIANCE,1.0,0.5230013132095337,SEARCH_FOLD_A,0.5230013132095337
2019-03-18,2019-03-19,RELIANCE,1.0,0.5231133103370667,SEARCH_FOLD_A,0.5231133103370667
2019-03-19,2019-03-20,RELIANCE,0.0,0.5232176780700684,SEARCH_FOLD_A,0.5232176780700684
2019-03-20,2019-03-22,RELIANCE,0.0,0.5233166813850403,SEARCH_FOLD_A,0.5233166813850403
2019-03-22,2019-03-25,RELIANCE,0.0,0.5234198570251465,SEARCH_FOLD_A,0.5234198570251465
2019-03-25,2019-03-26,RELIANCE,1.0,0.5235400199890137,SEARCH_FOLD_A,0.5235400199890137
2019-03-26,2019-03-27,RELIANCE,0.0,0.5236712694168091,SEARCH_FOLD_A,0.5236712694168091
2019-03-27,2019-03-28,RELIANCE,1.0,0.5237771272659302,SEARCH_FOLD_A,0.5237771272659302
2019-03-28,2019-04-01,RELIANCE,1.0,0.5238465666770935,SEARCH_FOLD_A,0.5238465666770935
2019-04-01,2019-04-02,RELIANCE,0.0,0.5238997936248779,SEARCH_FOLD_A,0.5238997936248779
2019-04-02,2019-04-03,RELIANCE,0.0,0.5238608717918396,SEARCH_FOLD_A,0.5238608717918396
2019-04-03,2019-04-04,RELIANCE,0.0,0.5238005518913269,SEARCH_FOLD_A,0.5238005518913269
2019-04-04,2019-04-05,RELIANCE,1.0,0.5237010717391968,SEARCH_FOLD_A,0.5237010717391968
2019-04-05,2019-04-08,RELIANCE,0.0,0.5235573649406433,SEARCH_FOLD_A,0.5235573649406433
2019-04-08,2019-04-09,RELIANCE,1.0,0.5234072804450989,SEARCH_FOLD_A,0.5234072804450989
2019-04-09,2019-04-10,RELIANCE,0.0,0.5233249664306641,SEARCH_FOLD_A,0.5233249664306641
2019-04-10,2019-04-11,RELIANCE,1.0,0.5232200026512146,SEARCH_FOLD_A,0.5232200026512146
2019-04-11,2019-04-12,RELIANCE,0.0,0.5231165289878845,SEARCH_FOLD_A,0.5231165289878845
2019-04-12,2019-04-15,RELIANCE,0.0,0.5230217576026917,SEARCH_FOLD_A,0.5230217576026917
2019-04-15,2019-04-16,RELIANCE,1.0,0.5229313969612122,SEARCH_FOLD_A,0.5229313969612122
2019-04-16,2019-04-18,RELIANCE,1.0,0.5228437781333923,SEARCH_FOLD_A,0.5228437781333923
2019-04-18,2019-04-22,RELIANCE,0.0,0.5227141976356506,SEARCH_FOLD_A,0.5227141976356506
2019-04-22,2019-04-23,RELIANCE,1.0,0.5225659012794495,SEARCH_FOLD_A,0.5225659012794495
2019-04-23,2019-04-24,RELIANCE,1.0,0.5225259065628052,SEARCH_FOLD_A,0.5225259065628052
2019-04-24,2019-04-25,RELIANCE,0.0,0.5224850177764893,SEARCH_FOLD_A,0.5224850177764893
2019-04-25,2019-04-26,RELIANCE,1.0,0.5224355459213257,SEARCH_FOLD_A,0.5224355459213257
2019-04-26,2019-04-30,RELIANCE,0.0,0.5224237442016602,SEARCH_FOLD_A,0.5224237442016602
2019-04-30,2019-05-02,RELIANCE,1.0,0.5224526524543762,SEARCH_FOLD_A,0.5224526524543762
2019-05-02,2019-05-03,RELIANCE,1.0,0.5225258469581604,SEARCH_FOLD_A,0.5225258469581604
2019-05-03,2019-05-06,RELIANCE,0.0,0.5226252675056458,SEARCH_FOLD_A,0.5226252675056458
2019-05-06,2019-05-07,RELIANCE,0.0,0.5227673053741455,SEARCH_FOLD_A,0.5227673053741455
2019-05-07,2019-05-08,RELIANCE,0.0,0.5228784084320068,SEARCH_FOLD_A,0.5228784084320068
2019-05-08,2019-05-09,RELIANCE,0.0,0.5230415463447571,SEARCH_FOLD_A,0.5230415463447571
2019-05-09,2019-05-10,RELIANCE,0.0,0.5232576727867126,SEARCH_FOLD_A,0.5232576727867126
2019-05-10,2019-05-13,RELIANCE,0.0,0.523492693901062,SEARCH_FOLD_A,0.523492693901062
2019-05-13,2019-05-14,RELIANCE,1.0,0.5237346887588501,SEARCH_FOLD_A,0.5237346887588501
2019-05-14,2019-05-15,RELIANCE,0.0,0.5240443348884583,SEARCH_FOLD_A,0.5240443348884583
2019-05-15,2019-05-16,RELIANCE,1.0,0.5243968367576599,SEARCH_FOLD_A,0.5243968367576599
2019-05-16,2019-05-17,RELIANCE,1.0,0.5248088240623474,SEARCH_FOLD_A,0.5248088240623474
2019-05-17,2019-05-20,RELIANCE,1.0,0.5252794623374939,SEARCH_FOLD_A,0.5252794623374939
2019-05-20,2019-05-21,RELIANCE,1.0,0.5258203148841858,SEARCH_FOLD_A,0.5258203148841858
2019-05-21,2019-05-22,RELIANCE,1.0,0.5263690948486328,SEARCH_FOLD_A,0.5263690948486328
2019-05-22,2019-05-23,RELIANCE,0.0,0.526888370513916,SEARCH_FOLD_A,0.526888370513916
2019-05-23,2019-05-24,RELIANCE,1.0,0.5273724794387817,SEARCH_FOLD_A,0.5273724794387817
2019-05-24,2019-05-27,RELIANCE,0.0,0.5277973413467407,SEARCH_FOLD_A,0.5277973413467407
2019-05-27,2019-05-28,RELIANCE,1.0,0.5281642079353333,SEARCH_FOLD_A,0.5281642079353333
2019-05-28,2019-05-29,RELIANCE,0.0,0.5284826755523682,SEARCH_FOLD_A,0.5284826755523682
2019-05-29,2019-05-30,RELIANCE,1.0,0.5287668108940125,SEARCH_FOLD_A,0.5287668108940125
2019-05-30,2019-05-31,RELIANCE,1.0,0.5290296673774719,SEARCH_FOLD_A,0.5290296673774719
2019-05-31,2019-06-03,RELIANCE,1.0,0.529247522354126,SEARCH_FOLD_A,0.529247522354126
2019-06-03,2019-06-04,RELIANCE,0.0,0.5294763445854187,SEARCH_FOLD_A,0.5294763445854187
2019-06-04,2019-06-06,RELIANCE,0.0,0.5297951698303223,SEARCH_FOLD_A,0.5297951698303223
2019-06-06,2019-06-07,RELIANCE,0.0,0.5300006866455078,SEARCH_FOLD_A,0.5300006866455078
2019-06-07,2019-06-10,RELIANCE,1.0,0.5301650166511536,SEARCH_FOLD_A,0.5301650166511536
2019-06-10,2019-06-11,RELIANCE,1.0,0.5303454995155334,SEARCH_FOLD_A,0.5303454995155334
2019-06-11,2019-06-12,RELIANCE,1.0,0.5305691957473755,SEARCH_FOLD_A,0.5305691957473755
2019-06-12,2019-06-13,RELIANCE,0.0,0.5307508111000061,SEARCH_FOLD_A,0.5307508111000061
2019-06-13,2019-06-14,RELIANCE,0.0,0.5309678316116333,SEARCH_FOLD_A,0.5309678316116333
2019-06-14,2019-06-17,RELIANCE,0.0,0.5311919450759888,SEARCH_FOLD_A,0.5311919450759888
2019-06-17,2019-06-18,RELIANCE,0.0,0.5314429998397827,SEARCH_FOLD_A,0.5314429998397827
2019-06-18,2019-06-19,RELIANCE,0.0,0.5317217111587524,SEARCH_FOLD_A,0.5317217111587524
2019-06-19,2019-06-20,RELIANCE,1.0,0.5319859981536865,SEARCH_FOLD_A,0.5319859981536865
2019-06-20,2019-06-21,RELIANCE,0.0,0.5322372317314148,SEARCH_FOLD_A,0.5322372317314148
2019-06-21,2019-06-24,RELIANCE,0.0,0.5324229598045349,SEARCH_FOLD_A,0.5324229598045349
2019-06-24,2019-06-25,RELIANCE,1.0,0.5324485301971436,SEARCH_FOLD_A,0.5324485301971436
2019-06-25,2019-06-26,RELIANCE,0.0,0.5323483347892761,SEARCH_FOLD_A,0.5323483347892761
2019-06-26,2019-06-27,RELIANCE,0.0,0.5322943925857544,SEARCH_FOLD_A,0.5322943925857544
2019-06-27,2019-06-28,RELIANCE,0.0,0.5321786403656006,SEARCH_FOLD_A,0.5321786403656006
2019-06-28,2019-07-01,RELIANCE,1.0,0.5319766402244568,SEARCH_FOLD_A,0.5319766402244568
2019-07-01,2019-07-02,RELIANCE,1.0,0.5317817330360413,SEARCH_FOLD_A,0.5317817330360413
2019-07-02,2019-07-03,RELIANCE,1.0,0.5317204594612122,SEARCH_FOLD_A,0.5317204594612122
2019-07-03,2019-07-04,RELIANCE,1.0,0.5317600965499878,SEARCH_FOLD_A,0.5317600965499878
2019-07-04,2019-07-05,RELIANCE,0.0,0.5318028330802917,SEARCH_FOLD_A,0.5318028330802917
2019-07-05,2019-07-08,RELIANCE,0.0,0.5319547057151794,SEARCH_FOLD_A,0.5319547057151794
2019-07-08,2019-07-09,RELIANCE,1.0,0.5320430397987366,SEARCH_FOLD_A,0.5320430397987366
2019-07-09,2019-07-10,RELIANCE,0.0,0.5320851802825928,SEARCH_FOLD_A,0.5320851802825928
2019-07-10,2019-07-11,RELIANCE,1.0,0.5322470664978027,SEARCH_FOLD_A,0.5322470664978027
2019-07-11,2019-07-12,RELIANCE,0.0,0.5322681665420532,SEARCH_FOLD_A,0.5322681665420532
2019-07-12,2019-07-15,RELIANCE,0.0,0.532323956489563,SEARCH_FOLD_A,0.532323956489563
2019-07-15,2019-07-16,RELIANCE,1.0,0.5324062705039978,SEARCH_FOLD_A,0.5324062705039978
2019-07-16,2019-07-17,RELIANCE,0.0,0.5324831008911133,SEARCH_FOLD_A,0.5324831008911133
2019-07-17,2019-07-18,RELIANCE,0.0,0.5325852036476135,SEARCH_FOLD_A,0.5325852036476135
2019-07-18,2019-07-19,RELIANCE,0.0,0.5326852798461914,SEARCH_FOLD_A,0.5326852798461914
2019-07-19,2019-07-22,RELIANCE,1.0,0.5327686667442322,SEARCH_FOLD_A,0.5327686667442322
2019-07-22,2019-07-23,RELIANCE,0.0,0.5328329205513,SEARCH_FOLD_A,0.5328329205513
2019-07-23,2019-07-24,RELIANCE,0.0,0.5328927636146545,SEARCH_FOLD_A,0.5328927636146545
2019-07-24,2019-07-25,RELIANCE,0.0,0.5329574346542358,SEARCH_FOLD_A,0.5329574346542358
2019-07-25,2019-07-26,RELIANCE,0.0,0.5330432057380676,SEARCH_FOLD_A,0.5330432057380676
2019-07-26,2019-07-29,RELIANCE,0.0,0.5331233143806458,SEARCH_FOLD_A,0.5331233143806458
2019-07-29,2019-07-30,RELIANCE,0.0,0.5331222414970398,SEARCH_FOLD_A,0.5331222414970398
2019-07-30,2019-07-31,RELIANCE,0.0,0.533148467540741,SEARCH_FOLD_A,0.533148467540741
2019-07-31,2019-08-01,RELIANCE,1.0,0.5331708192825317,SEARCH_FOLD_A,0.5331708192825317
2019-08-01,2019-08-02,RELIANCE,1.0,0.5332373976707458,SEARCH_FOLD_A,0.5332373976707458
2019-08-02,2019-08-05,RELIANCE,0.0,0.5333508253097534,SEARCH_FOLD_A,0.5333508253097534
2019-08-05,2019-08-06,RELIANCE,0.0,0.5333519577980042,SEARCH_FOLD_A,0.5333519577980042
2019-08-06,2019-08-07,RELIANCE,0.0,0.5334477424621582,SEARCH_FOLD_A,0.5334477424621582
2019-08-07,2019-08-08,RELIANCE,1.0,0.533560037612915,SEARCH_FOLD_A,0.533560037612915
2019-08-08,2019-08-09,RELIANCE,1.0,0.5337356328964233,SEARCH_FOLD_A,0.5337356328964233
2019-08-09,2019-08-13,RELIANCE,1.0,0.5338472127914429,SEARCH_FOLD_A,0.5338472127914429
2019-08-13,2019-08-14,RELIANCE,1.0,0.5339433550834656,SEARCH_FOLD_A,0.5339433550834656
2019-08-14,2019-08-16,RELIANCE,0.0,0.534008800983429,SEARCH_FOLD_A,0.534008800983429
2019-08-16,2019-08-19,RELIANCE,1.0,0.5340370535850525,SEARCH_FOLD_A,0.5340370535850525
2019-08-19,2019-08-20,RELIANCE,0.0,0.5340555310249329,SEARCH_FOLD_A,0.5340555310249329
2019-08-20,2019-08-21,RELIANCE,0.0,0.5340144038200378,SEARCH_FOLD_A,0.5340144038200378
2019-08-21,2019-08-22,RELIANCE,0.0,0.5339252352714539,SEARCH_FOLD_A,0.5339252352714539
2019-08-22,2019-08-23,RELIANCE,1.0,0.5338802337646484,SEARCH_FOLD_A,0.5338802337646484
2019-08-23,2019-08-26,RELIANCE,0.0,0.5338080525398254,SEARCH_FOLD_A,0.5338080525398254
2019-08-26,2019-08-27,RELIANCE,1.0,0.5337043404579163,SEARCH_FOLD_A,0.5337043404579163
2019-08-27,2019-08-28,RELIANCE,0.0,0.5336293578147888,SEARCH_FOLD_A,0.5336293578147888
2019-08-28,2019-08-29,RELIANCE,0.0,0.5335171818733215,SEARCH_FOLD_A,0.5335171818733215
2019-08-29,2019-08-30,RELIANCE,1.0,0.5334385633468628,SEARCH_FOLD_A,0.5334385633468628
2019-08-30,2019-09-03,RELIANCE,0.0,0.5333369374275208,SEARCH_FOLD_A,0.5333369374275208
2019-09-03,2019-09-04,RELIANCE,0.0,0.5331785082817078,SEARCH_FOLD_A,0.5331785082817078
2019-09-04,2019-09-05,RELIANCE,0.0,0.533003568649292,SEARCH_FOLD_A,0.533003568649292
2019-09-05,2019-09-06,RELIANCE,1.0,0.5329747796058655,SEARCH_FOLD_A,0.5329747796058655
2019-09-06,2019-09-09,RELIANCE,0.0,0.5329573154449463,SEARCH_FOLD_A,0.5329573154449463
2019-09-09,2019-09-11,RELIANCE,1.0,0.5329030156135559,SEARCH_FOLD_A,0.5329030156135559
2019-09-11,2019-09-12,RELIANCE,0.0,0.53285151720047,SEARCH_FOLD_A,0.53285151720047
2019-09-12,2019-09-13,RELIANCE,1.0,0.5327719449996948,SEARCH_FOLD_A,0.5327719449996948
2019-09-13,2019-09-16,RELIANCE,0.0,0.5327090620994568,SEARCH_FOLD_A,0.5327090620994568
2019-09-16,2019-09-17,RELIANCE,0.0,0.5326149463653564,SEARCH_FOLD_A,0.5326149463653564
2019-09-17,2019-09-18,RELIANCE,1.0,0.5324602723121643,SEARCH_FOLD_A,0.5324602723121643
2019-09-18,2019-09-19,RELIANCE,0.0,0.5323443412780762,SEARCH_FOLD_A,0.5323443412780762
2019-09-19,2019-09-20,RELIANCE,1.0,0.5322597622871399,SEARCH_FOLD_A,0.5322597622871399
2019-09-20,2019-09-23,RELIANCE,0.0,0.5321046113967896,SEARCH_FOLD_A,0.5321046113967896
2019-09-23,2019-09-24,RELIANCE,1.0,0.531852126121521,SEARCH_FOLD_A,0.531852126121521
2019-09-24,2019-09-25,RELIANCE,1.0,0.5314517021179199,SEARCH_FOLD_A,0.5314517021179199
2019-09-25,2019-09-26,RELIANCE,1.0,0.5311398506164551,SEARCH_FOLD_A,0.5311398506164551
2019-09-26,2019-09-27,RELIANCE,1.0,0.5307568311691284,SEARCH_FOLD_A,0.5307568311691284
2019-09-27,2019-09-30,RELIANCE,1.0,0.5309628248214722,SEARCH_FOLD_A,0.5309628248214722
2019-09-30,2019-10-01,RELIANCE,0.0,0.5309332013130188,SEARCH_FOLD_A,0.5309332013130188
2019-10-01,2019-10-03,RELIANCE,1.0,0.5308724641799927,SEARCH_FOLD_A,0.5308724641799927
2019-10-03,2019-10-04,RELIANCE,0.0,0.5307667255401611,SEARCH_FOLD_A,0.5307667255401611
2019-10-04,2019-10-07,RELIANCE,1.0,0.5307018160820007,SEARCH_FOLD_A,0.5307018160820007
2019-10-07,2019-10-09,RELIANCE,1.0,0.530594527721405,SEARCH_FOLD_A,0.530594527721405
2019-10-09,2019-10-10,RELIANCE,1.0,0.5304861664772034,SEARCH_FOLD_A,0.5304861664772034
2019-10-10,2019-10-11,RELIANCE,0.0,0.5303890705108643,SEARCH_FOLD_A,0.5303890705108643
2019-10-11,2019-10-14,RELIANCE,1.0,0.530309796333313,SEARCH_FOLD_A,0.530309796333313
2019-10-14,2019-10-15,RELIANCE,1.0,0.5302817821502686,SEARCH_FOLD_A,0.5302817821502686
2019-10-15,2019-10-16,RELIANCE,1.0,0.5301513671875,SEARCH_FOLD_A,0.5301513671875
2019-10-16,2019-10-17,RELIANCE,1.0,0.5300315618515015,SEARCH_FOLD_A,0.5300315618515015
2019-10-17,2019-10-18,RELIANCE,1.0,0.5299146771430969,SEARCH_FOLD_A,0.5299146771430969
2019-10-18,2019-10-22,RELIANCE,0.0,0.5296838879585266,SEARCH_FOLD_A,0.5296838879585266
2019-10-22,2019-10-23,RELIANCE,0.0,0.5294501781463623,SEARCH_FOLD_A,0.5294501781463623
2019-10-23,2019-10-24,RELIANCE,1.0,0.5290934443473816,SEARCH_FOLD_A,0.5290934443473816
2019-10-24,2019-10-25,RELIANCE,0.0,0.5287248492240906,SEARCH_FOLD_A,0.5287248492240906
2019-10-25,2019-10-27,RELIANCE,1.0,0.5282451510429382,SEARCH_FOLD_A,0.5282451510429382
2019-10-27,2019-10-29,RELIANCE,1.0,0.5277577042579651,SEARCH_FOLD_A,0.5277577042579651
2019-10-29,2019-10-30,RELIANCE,1.0,0.5271902680397034,SEARCH_FOLD_A,0.5271902680397034
2019-10-30,2019-10-31,RELIANCE,0.0,0.5267297625541687,SEARCH_FOLD_A,0.5267297625541687
2019-10-31,2019-11-01,RELIANCE,0.0,0.5262717008590698,SEARCH_FOLD_A,0.5262717008590698
2019-11-01,2019-11-04,RELIANCE,1.0,0.5257319211959839,SEARCH_FOLD_A,0.5257319211959839
2019-11-04,2019-11-05,RELIANCE,0.0,0.5251721739768982,SEARCH_FOLD_A,0.5251721739768982
2019-11-05,2019-11-06,RELIANCE,0.0,0.5245306491851807,SEARCH_FOLD_A,0.5245306491851807
2019-11-06,2019-11-07,RELIANCE,1.0,0.5240579843521118,SEARCH_FOLD_A,0.5240579843521118
2019-11-07,2019-11-08,RELIANCE,0.0,0.5235173106193542,SEARCH_FOLD_A,0.5235173106193542
2019-11-08,2019-11-11,RELIANCE,0.0,0.5230365991592407,SEARCH_FOLD_A,0.5230365991592407
2019-11-11,2019-11-13,RELIANCE,1.0,0.5225369334220886,SEARCH_FOLD_A,0.5225369334220886
2019-11-13,2019-11-14,RELIANCE,0.0,0.5220658183097839,SEARCH_FOLD_A,0.5220658183097839
2019-11-14,2019-11-15,RELIANCE,1.0,0.5216439962387085,SEARCH_FOLD_A,0.5216439962387085
2019-11-15,2019-11-18,RELIANCE,0.0,0.5213140249252319,SEARCH_FOLD_A,0.5213140249252319
2019-11-18,2019-11-19,RELIANCE,1.0,0.5210152268409729,SEARCH_FOLD_A,0.5210152268409729
2019-11-19,2019-11-20,RELIANCE,1.0,0.5207131505012512,SEARCH_FOLD_A,0.5207131505012512
2019-11-20,2019-11-21,RELIANCE,0.0,0.5204554796218872,SEARCH_FOLD_A,0.5204554796218872
2019-11-21,2019-11-22,RELIANCE,1.0,0.5201838612556458,SEARCH_FOLD_A,0.5201838612556458
2019-11-22,2019-11-25,RELIANCE,1.0,0.5199491381645203,SEARCH_FOLD_A,0.5199491381645203
2019-11-25,2019-11-26,RELIANCE,0.0,0.5197888016700745,SEARCH_FOLD_A,0.5197888016700745
2019-11-26,2019-11-27,RELIANCE,1.0,0.519629180431366,SEARCH_FOLD_A,0.519629180431366
2019-11-27,2019-11-28,RELIANCE,1.0,0.5194694399833679,SEARCH_FOLD_A,0.5194694399833679
2019-11-28,2019-11-29,RELIANCE,0.0,0.5193057656288147,SEARCH_FOLD_A,0.5193057656288147
2019-11-29,2019-12-02,RELIANCE,1.0,0.519173800945282,SEARCH_FOLD_A,0.519173800945282
2019-12-02,2019-12-03,RELIANCE,0.0,0.5190423130989075,SEARCH_FOLD_A,0.5190423130989075
2019-12-03,2019-12-04,RELIANCE,0.0,0.5189357399940491,SEARCH_FOLD_A,0.5189357399940491
2019-12-04,2019-12-05,RELIANCE,0.0,0.5188636183738708,SEARCH_FOLD_A,0.5188636183738708
2019-12-05,2019-12-06,RELIANCE,1.0,0.5188286900520325,SEARCH_FOLD_A,0.5188286900520325
2019-12-06,2019-12-09,RELIANCE,1.0,0.518823504447937,SEARCH_FOLD_A,0.518823504447937
2019-12-09,2019-12-10,RELIANCE,0.0,0.5188266038894653,SEARCH_FOLD_A,0.5188266038894653
2019-12-10,2019-12-11,RELIANCE,1.0,0.5188393592834473,SEARCH_FOLD_A,0.5188393592834473
2019-12-11,2019-12-12,RELIANCE,1.0,0.5188864469528198,SEARCH_FOLD_A,0.5188864469528198
2019-12-12,2019-12-13,RELIANCE,1.0,0.5189509391784668,SEARCH_FOLD_A,0.5189509391784668
2019-12-13,2019-12-16,RELIANCE,0.0,0.519027829170227,SEARCH_FOLD_A,0.519027829170227
2019-12-16,2019-12-17,RELIANCE,0.0,0.5191476941108704,SEARCH_FOLD_A,0.5191476941108704
2019-12-17,2019-12-18,RELIANCE,1.0,0.5192930102348328,SEARCH_FOLD_A,0.5192930102348328
2019-12-18,2019-12-19,RELIANCE,1.0,0.5194359421730042,SEARCH_FOLD_A,0.5194359421730042
2019-12-19,2019-12-20,RELIANCE,0.0,0.5195679068565369,SEARCH_FOLD_A,0.5195679068565369
2019-12-20,2019-12-23,RELIANCE,0.0,0.519704282283783,SEARCH_FOLD_A,0.519704282283783
2019-12-23,2019-12-24,RELIANCE,0.0,0.5198199152946472,SEARCH_FOLD_A,0.5198199152946472
2019-12-24,2019-12-26,RELIANCE,0.0,0.51990807056427,SEARCH_FOLD_A,0.51990807056427
2019-12-26,2019-12-27,RELIANCE,1.0,0.5200271606445312,SEARCH_FOLD_A,0.5200271606445312
2019-12-27,2019-12-30,RELIANCE,1.0,0.5201223492622375,SEARCH_FOLD_A,0.5201223492622375
2019-12-30,2019-12-31,RELIANCE,0.0,0.5202294588088989,SEARCH_FOLD_A,0.5202294588088989
2019-01-01,2019-01-02,TCS,1.0,0.4802152812480926,SEARCH_FOLD_A,0.5197847187519073
2019-01-02,2019-01-03,TCS,0.0,0.4833873212337494,SEARCH_FOLD_A,0.5166126787662506
2019-01-03,2019-01-04,TCS,0.0,0.4853880405426025,SEARCH_FOLD_A,0.5146119594573975
2019-01-04,2019-01-07,TCS,1.0,0.4846813678741455,SEARCH_FOLD_A,0.5153186321258545
2019-01-07,2019-01-08,TCS,0.0,0.4844207763671875,SEARCH_FOLD_A,0.5155792236328125
2019-01-08,2019-01-09,TCS,0.0,0.4852778613567352,SEARCH_FOLD_A,0.5147221386432648
2019-01-09,2019-01-10,TCS,1.0,0.4875691533088684,SEARCH_FOLD_A,0.5124308466911316
2019-01-10,2019-01-11,TCS,0.0,0.4927327632904053,SEARCH_FOLD_A,0.5072672367095947
2019-01-11,2019-01-14,TCS,0.0,0.4967887103557586,SEARCH_FOLD_A,0.5032112896442413
2019-01-14,2019-01-15,TCS,1.0,0.5019784569740295,SEARCH_FOLD_A,0.5019784569740295
2019-01-15,2019-01-16,TCS,1.0,0.507897138595581,SEARCH_FOLD_A,0.507897138595581
2019-01-16,2019-01-17,TCS,1.0,0.5145228505134583,SEARCH_FOLD_A,0.5145228505134583
2019-01-17,2019-01-18,TCS,1.0,0.5203372240066528,SEARCH_FOLD_A,0.5203372240066528
2019-01-18,2019-01-21,TCS,1.0,0.5249649286270142,SEARCH_FOLD_A,0.5249649286270142
2019-01-21,2019-01-22,TCS,0.0,0.5291440486907959,SEARCH_FOLD_A,0.5291440486907959
2019-01-22,2019-01-23,TCS,0.0,0.5315610766410828,SEARCH_FOLD_A,0.5315610766410828
2019-01-23,2019-01-24,TCS,1.0,0.5343663692474365,SEARCH_FOLD_A,0.5343663692474365
2019-01-24,2019-01-25,TCS,1.0,0.5370506048202515,SEARCH_FOLD_A,0.5370506048202515
2019-01-25,2019-01-28,TCS,1.0,0.5372682809829712,SEARCH_FOLD_A,0.5372682809829712
2019-01-28,2019-01-29,TCS,1.0,0.537473201751709,SEARCH_FOLD_A,0.537473201751709
2019-01-29,2019-01-30,TCS,0.0,0.5371465682983398,SEARCH_FOLD_A,0.5371465682983398
2019-01-30,2019-01-31,TCS,1.0,0.535720944404602,SEARCH_FOLD_A,0.535720944404602
2019-01-31,2019-02-01,TCS,1.0,0.5328222513198853,SEARCH_FOLD_A,0.5328222513198853
2019-02-01,2019-02-04,TCS,1.0,0.5289985537528992,SEARCH_FOLD_A,0.5289985537528992
2019-02-04,2019-02-05,TCS,0.0,0.5222876667976379,SEARCH_FOLD_A,0.5222876667976379
2019-02-05,2019-02-06,TCS,1.0,0.516516387462616,SEARCH_FOLD_A,0.516516387462616
2019-02-06,2019-02-07,TCS,1.0,0.5089194178581238,SEARCH_FOLD_A,0.5089194178581238
2019-02-07,2019-02-08,TCS,0.0,0.5026684403419495,SEARCH_FOLD_A,0.5026684403419495
2019-02-08,2019-02-11,TCS,1.0,0.4960163235664367,SEARCH_FOLD_A,0.5039836764335632
2019-02-11,2019-02-12,TCS,0.0,0.4895117282867431,SEARCH_FOLD_A,0.5104882717132568
2019-02-12,2019-02-14,TCS,0.0,0.4840192794799804,SEARCH_FOLD_A,0.5159807205200195
2019-02-14,2019-02-15,TCS,0.0,0.4799614548683166,SEARCH_FOLD_A,0.5200385451316833
2019-02-15,2019-02-18,TCS,0.0,0.475174218416214,SEARCH_FOLD_A,0.524825781583786
2019-02-18,2019-02-19,TCS,0.0,0.4701506793498993,SEARCH_FOLD_A,0.5298493206501007
2019-02-19,2019-02-20,TCS,1.0,0.4680213034152984,SEARCH_FOLD_A,0.5319786965847015
2019-02-20,2019-02-21,TCS,0.0,0.466854453086853,SEARCH_FOLD_A,0.533145546913147
2019-02-21,2019-02-22,TCS,1.0,0.4666371941566467,SEARCH_FOLD_A,0.5333628058433533
2019-02-22,2019-02-25,TCS,1.0,0.4678023755550384,SEARCH_FOLD_A,0.5321976244449615
2019-02-25,2019-02-26,TCS,1.0,0.4661918580532074,SEARCH_FOLD_A,0.5338081419467926
2019-02-26,2019-02-27,TCS,1.0,0.4641863703727722,SEARCH_FOLD_A,0.5358136296272278
2019-02-27,2019-02-28,TCS,0.0,0.4648423492908478,SEARCH_FOLD_A,0.5351576507091522
2019-02-28,2019-03-01,TCS,1.0,0.4657239019870758,SEARCH_FOLD_A,0.5342760980129242
2019-03-01,2019-03-05,TCS,0.0,0.4680918753147125,SEARCH_FOLD_A,0.5319081246852875
2019-03-05,2019-03-06,TCS,1.0,0.4709866642951965,SEARCH_FOLD_A,0.5290133357048035
2019-03-06,2019-03-07,TCS,1.0,0.47445148229599,SEARCH_FOLD_A,0.52554851770401
2019-03-07,2019-03-08,TCS,1.0,0.4771873354911804,SEARCH_FOLD_A,0.5228126645088196
2019-03-08,2019-03-11,TCS,0.0,0.4780440032482147,SEARCH_FOLD_A,0.5219559967517853
2019-03-11,2019-03-12,TCS,0.0,0.4802329838275909,SEARCH_FOLD_A,0.5197670161724091
2019-03-12,2019-03-13,TCS,0.0,0.4828640520572662,SEARCH_FOLD_A,0.5171359479427338
2019-03-13,2019-03-14,TCS,0.0,0.4865014255046844,SEARCH_FOLD_A,0.5134985744953156
2019-03-14,2019-03-15,TCS,1.0,0.4908527135848999,SEARCH_FOLD_A,0.5091472864151001
2019-03-15,2019-03-18,TCS,0.0,0.4946117997169494,SEARCH_FOLD_A,0.5053882002830505
2019-03-18,2019-03-19,TCS,0.0,0.4989992082118988,SEARCH_FOLD_A,0.5010007917881012
2019-03-19,2019-03-20,TCS,0.0,0.50359708070755,SEARCH_FOLD_A,0.50359708070755
2019-03-20,2019-03-22,TCS,0.0,0.5085657238960266,SEARCH_FOLD_A,0.5085657238960266
2019-03-22,2019-03-25,TCS,0.0,0.513015627861023,SEARCH_FOLD_A,0.513015627861023
2019-03-25,2019-03-26,TCS,0.0,0.518115758895874,SEARCH_FOLD_A,0.518115758895874
2019-03-26,2019-03-27,TCS,0.0,0.5232713222503662,SEARCH_FOLD_A,0.5232713222503662
2019-03-27,2019-03-28,TCS,1.0,0.5273630619049072,SEARCH_FOLD_A,0.5273630619049072
2019-03-28,2019-04-01,TCS,1.0,0.5314246416091919,SEARCH_FOLD_A,0.5314246416091919
2019-04-01,2019-04-02,TCS,1.0,0.5340002775192261,SEARCH_FOLD_A,0.5340002775192261
2019-04-02,2019-04-03,TCS,0.0,0.5353761315345764,SEARCH_FOLD_A,0.5353761315345764
2019-04-03,2019-04-04,TCS,0.0,0.535207986831665,SEARCH_FOLD_A,0.535207986831665
2019-04-04,2019-04-05,TCS,1.0,0.5324490666389465,SEARCH_FOLD_A,0.5324490666389465
2019-04-05,2019-04-08,TCS,1.0,0.5272521376609802,SEARCH_FOLD_A,0.5272521376609802
2019-04-08,2019-04-09,TCS,1.0,0.5224316120147705,SEARCH_FOLD_A,0.5224316120147705
2019-04-09,2019-04-10,TCS,0.0,0.5164885520935059,SEARCH_FOLD_A,0.5164885520935059
2019-04-10,2019-04-11,TCS,0.0,0.5111526250839233,SEARCH_FOLD_A,0.5111526250839233
2019-04-11,2019-04-12,TCS,0.0,0.5086069107055664,SEARCH_FOLD_A,0.5086069107055664
2019-04-12,2019-04-15,TCS,1.0,0.5084771513938904,SEARCH_FOLD_A,0.5084771513938904
2019-04-15,2019-04-16,TCS,1.0,0.50962895154953,SEARCH_FOLD_A,0.50962895154953
2019-04-16,2019-04-18,TCS,1.0,0.5063270926475525,SEARCH_FOLD_A,0.5063270926475525
2019-04-18,2019-04-22,TCS,1.0,0.5048499703407288,SEARCH_FOLD_A,0.5048499703407288
2019-04-22,2019-04-23,TCS,0.0,0.5026348233222961,SEARCH_FOLD_A,0.5026348233222961
2019-04-23,2019-04-24,TCS,1.0,0.5009663701057434,SEARCH_FOLD_A,0.5009663701057434
2019-04-24,2019-04-25,TCS,1.0,0.4997977316379547,SEARCH_FOLD_A,0.5002022683620453
2019-04-25,2019-04-26,TCS,1.0,0.4990470707416534,SEARCH_FOLD_A,0.5009529292583466
2019-04-26,2019-04-30,TCS,1.0,0.4973172545433044,SEARCH_FOLD_A,0.5026827454566956
2019-04-30,2019-05-02,TCS,0.0,0.4952029883861542,SEARCH_FOLD_A,0.5047970116138458
2019-05-02,2019-05-03,TCS,0.0,0.4924030005931854,SEARCH_FOLD_A,0.5075969994068146
2019-05-03,2019-05-06,TCS,1.0,0.4890704154968261,SEARCH_FOLD_A,0.5109295845031738
2019-05-06,2019-05-07,TCS,0.0,0.4885956645011902,SEARCH_FOLD_A,0.5114043354988098
2019-05-07,2019-05-08,TCS,1.0,0.4873644113540649,SEARCH_FOLD_A,0.5126355886459351
2019-05-08,2019-05-09,TCS,1.0,0.4868344962596893,SEARCH_FOLD_A,0.5131655037403107
2019-05-09,2019-05-10,TCS,0.0,0.4859861135482788,SEARCH_FOLD_A,0.5140138864517212
2019-05-10,2019-05-13,TCS,0.0,0.4848083555698395,SEARCH_FOLD_A,0.5151916444301605
2019-05-13,2019-05-14,TCS,0.0,0.4826878011226654,SEARCH_FOLD_A,0.5173121988773346
2019-05-14,2019-05-15,TCS,1.0,0.4807340502738952,SEARCH_FOLD_A,0.5192659497261047
2019-05-15,2019-05-16,TCS,1.0,0.4783016741275787,SEARCH_FOLD_A,0.5216983258724213
2019-05-16,2019-05-17,TCS,0.0,0.4787270724773407,SEARCH_FOLD_A,0.5212729275226593
2019-05-17,2019-05-20,TCS,1.0,0.4817550480365753,SEARCH_FOLD_A,0.5182449519634247
2019-05-20,2019-05-21,TCS,0.0,0.4872936308383941,SEARCH_FOLD_A,0.5127063691616058
2019-05-21,2019-05-22,TCS,0.0,0.4925202131271362,SEARCH_FOLD_A,0.5074797868728638
2019-05-22,2019-05-23,TCS,0.0,0.4934755265712738,SEARCH_FOLD_A,0.5065244734287262
2019-05-23,2019-05-24,TCS,0.0,0.4970780611038208,SEARCH_FOLD_A,0.5029219388961792
2019-05-24,2019-05-27,TCS,1.0,0.501650333404541,SEARCH_FOLD_A,0.501650333404541
2019-05-27,2019-05-28,TCS,1.0,0.5069282054901123,SEARCH_FOLD_A,0.5069282054901123
2019-05-28,2019-05-29,TCS,1.0,0.5087562799453735,SEARCH_FOLD_A,0.5087562799453735
2019-05-29,2019-05-30,TCS,1.0,0.5091400146484375,SEARCH_FOLD_A,0.5091400146484375
2019-05-30,2019-05-31,TCS,1.0,0.5083977580070496,SEARCH_FOLD_A,0.5083977580070496
2019-05-31,2019-06-03,TCS,1.0,0.5107534527778625,SEARCH_FOLD_A,0.5107534527778625
2019-06-03,2019-06-04,TCS,0.0,0.5129882097244263,SEARCH_FOLD_A,0.5129882097244263
2019-06-04,2019-06-06,TCS,0.0,0.5155935287475586,SEARCH_FOLD_A,0.5155935287475586
2019-06-06,2019-06-07,TCS,1.0,0.5181730389595032,SEARCH_FOLD_A,0.5181730389595032
2019-06-07,2019-06-10,TCS,1.0,0.5195857286453247,SEARCH_FOLD_A,0.5195857286453247
2019-06-10,2019-06-11,TCS,1.0,0.5212392210960388,SEARCH_FOLD_A,0.5212392210960388
2019-06-11,2019-06-12,TCS,1.0,0.5225099921226501,SEARCH_FOLD_A,0.5225099921226501
2019-06-12,2019-06-13,TCS,0.0,0.5245813131332397,SEARCH_FOLD_A,0.5245813131332397
2019-06-13,2019-06-14,TCS,1.0,0.5264498591423035,SEARCH_FOLD_A,0.5264498591423035
2019-06-14,2019-06-17,TCS,0.0,0.525631308555603,SEARCH_FOLD_A,0.525631308555603
2019-06-17,2019-06-18,TCS,1.0,0.5210595726966858,SEARCH_FOLD_A,0.5210595726966858
2019-06-18,2019-06-19,TCS,1.0,0.5174363255500793,SEARCH_FOLD_A,0.5174363255500793
2019-06-19,2019-06-20,TCS,1.0,0.5128341913223267,SEARCH_FOLD_A,0.5128341913223267
2019-06-20,2019-06-21,TCS,0.0,0.5082975625991821,SEARCH_FOLD_A,0.5082975625991821
2019-06-21,2019-06-24,TCS,1.0,0.5044687986373901,SEARCH_FOLD_A,0.5044687986373901
2019-06-24,2019-06-25,TCS,0.0,0.4991478621959686,SEARCH_FOLD_A,0.5008521378040314
2019-06-25,2019-06-26,TCS,0.0,0.493833988904953,SEARCH_FOLD_A,0.506166011095047
2019-06-26,2019-06-27,TCS,0.0,0.4872474372386932,SEARCH_FOLD_A,0.5127525627613068
2019-06-27,2019-06-28,TCS,0.0,0.4812343120574951,SEARCH_FOLD_A,0.5187656879425049
2019-06-28,2019-07-01,TCS,1.0,0.4761484265327453,SEARCH_FOLD_A,0.5238515734672546
2019-07-01,2019-07-02,TCS,1.0,0.4711097776889801,SEARCH_FOLD_A,0.5288902223110199
2019-07-02,2019-07-03,TCS,0.0,0.4689404666423797,SEARCH_FOLD_A,0.5310595333576202
2019-07-03,2019-07-04,TCS,1.0,0.4655560255050659,SEARCH_FOLD_A,0.5344439744949341
2019-07-04,2019-07-05,TCS,0.0,0.4616080224514007,SEARCH_FOLD_A,0.5383919775485992
2019-07-05,2019-07-08,TCS,1.0,0.4575200974941253,SEARCH_FOLD_A,0.5424799025058746
2019-07-08,2019-07-09,TCS,0.0,0.4541071057319641,SEARCH_FOLD_A,0.5458928942680359
2019-07-09,2019-07-10,TCS,0.0,0.4521099925041199,SEARCH_FOLD_A,0.5478900074958801
2019-07-10,2019-07-11,TCS,0.0,0.4517824649810791,SEARCH_FOLD_A,0.5482175350189209
2019-07-11,2019-07-12,TCS,1.0,0.4538116753101349,SEARCH_FOLD_A,0.5461883246898651
2019-07-12,2019-07-15,TCS,1.0,0.4577519297599792,SEARCH_FOLD_A,0.5422480702400208
2019-07-15,2019-07-16,TCS,0.0,0.4636793732643127,SEARCH_FOLD_A,0.5363206267356873
2019-07-16,2019-07-17,TCS,1.0,0.4711866676807403,SEARCH_FOLD_A,0.5288133323192596
2019-07-17,2019-07-18,TCS,0.0,0.4768881797790527,SEARCH_FOLD_A,0.5231118202209473
2019-07-18,2019-07-19,TCS,1.0,0.4817040264606476,SEARCH_FOLD_A,0.5182959735393524
2019-07-19,2019-07-22,TCS,1.0,0.4868078231811523,SEARCH_FOLD_A,0.5131921768188477
2019-07-22,2019-07-23,TCS,1.0,0.4926725924015045,SEARCH_FOLD_A,0.5073274075984955
2019-07-23,2019-07-24,TCS,0.0,0.4985144436359405,SEARCH_FOLD_A,0.5014855563640594
2019-07-24,2019-07-25,TCS,1.0,0.5044049620628357,SEARCH_FOLD_A,0.5044049620628357
2019-07-25,2019-07-26,TCS,0.0,0.50914466381073,SEARCH_FOLD_A,0.50914466381073
2019-07-26,2019-07-29,TCS,1.0,0.5135688781738281,SEARCH_FOLD_A,0.5135688781738281
2019-07-29,2019-07-30,TCS,1.0,0.516977846622467,SEARCH_FOLD_A,0.516977846622467
2019-07-30,2019-07-31,TCS,1.0,0.5196972489356995,SEARCH_FOLD_A,0.5196972489356995
2019-07-31,2019-08-01,TCS,0.0,0.5219322443008423,SEARCH_FOLD_A,0.5219322443008423
2019-08-01,2019-08-02,TCS,1.0,0.5242030620574951,SEARCH_FOLD_A,0.5242030620574951
2019-08-02,2019-08-05,TCS,1.0,0.5238440036773682,SEARCH_FOLD_A,0.5238440036773682
2019-08-05,2019-08-06,TCS,0.0,0.5243133902549744,SEARCH_FOLD_A,0.5243133902549744
2019-08-06,2019-08-07,TCS,0.0,0.5236053466796875,SEARCH_FOLD_A,0.5236053466796875
2019-08-07,2019-08-08,TCS,1.0,0.5216038227081299,SEARCH_FOLD_A,0.5216038227081299
2019-08-08,2019-08-09,TCS,0.0,0.518786609172821,SEARCH_FOLD_A,0.518786609172821
2019-08-09,2019-08-13,TCS,0.0,0.514098048210144,SEARCH_FOLD_A,0.514098048210144
2019-08-13,2019-08-14,TCS,1.0,0.5104132294654846,SEARCH_FOLD_A,0.5104132294654846
2019-08-14,2019-08-16,TCS,0.0,0.5076735615730286,SEARCH_FOLD_A,0.5076735615730286
2019-08-16,2019-08-19,TCS,0.0,0.5042740702629089,SEARCH_FOLD_A,0.5042740702629089
2019-08-19,2019-08-20,TCS,1.0,0.5015134811401367,SEARCH_FOLD_A,0.5015134811401367
2019-08-20,2019-08-21,TCS,0.0,0.4941145181655884,SEARCH_FOLD_A,0.5058854818344116
2019-08-21,2019-08-22,TCS,1.0,0.4889871478080749,SEARCH_FOLD_A,0.511012852191925
2019-08-22,2019-08-23,TCS,1.0,0.4823200106620788,SEARCH_FOLD_A,0.5176799893379211
2019-08-23,2019-08-26,TCS,1.0,0.4750081598758697,SEARCH_FOLD_A,0.5249918401241302
2019-08-26,2019-08-27,TCS,0.0,0.4682800769805908,SEARCH_FOLD_A,0.5317199230194092
2019-08-27,2019-08-28,TCS,1.0,0.4624589085578918,SEARCH_FOLD_A,0.5375410914421082
2019-08-28,2019-08-29,TCS,0.0,0.4587761461734772,SEARCH_FOLD_A,0.5412238538265228
2019-08-29,2019-08-30,TCS,1.0,0.4537016749382019,SEARCH_FOLD_A,0.5462983250617981
2019-08-30,2019-09-03,TCS,0.0,0.4500939548015594,SEARCH_FOLD_A,0.5499060451984406
2019-09-03,2019-09-04,TCS,0.0,0.4447554051876068,SEARCH_FOLD_A,0.5552445948123932
2019-09-04,2019-09-05,TCS,0.0,0.4408226013183594,SEARCH_FOLD_A,0.5591773986816406
2019-09-05,2019-09-06,TCS,0.0,0.4386972784996032,SEARCH_FOLD_A,0.5613027215003967
2019-09-06,2019-09-09,TCS,0.0,0.4371876418590545,SEARCH_FOLD_A,0.5628123581409454
2019-09-09,2019-09-11,TCS,0.0,0.4358039796352386,SEARCH_FOLD_A,0.5641960203647614
2019-09-11,2019-09-12,TCS,0.0,0.436396986246109,SEARCH_FOLD_A,0.563603013753891
2019-09-12,2019-09-13,TCS,1.0,0.436994343996048,SEARCH_FOLD_A,0.563005656003952
2019-09-13,2019-09-16,TCS,1.0,0.4390013515949249,SEARCH_FOLD_A,0.5609986484050751
2019-09-16,2019-09-17,TCS,0.0,0.4427824020385742,SEARCH_FOLD_A,0.5572175979614258
2019-09-17,2019-09-18,TCS,1.0,0.4478619694709778,SEARCH_FOLD_A,0.5521380305290222
2019-09-18,2019-09-19,TCS,0.0,0.4524363577365875,SEARCH_FOLD_A,0.5475636422634125
2019-09-19,2019-09-20,TCS,0.0,0.4580976963043213,SEARCH_FOLD_A,0.5419023036956787
2019-09-20,2019-09-23,TCS,0.0,0.465126633644104,SEARCH_FOLD_A,0.534873366355896
2019-09-23,2019-09-24,TCS,1.0,0.4714374542236328,SEARCH_FOLD_A,0.5285625457763672
2019-09-24,2019-09-25,TCS,1.0,0.4777760803699493,SEARCH_FOLD_A,0.5222239196300507
2019-09-25,2019-09-26,TCS,0.0,0.4852611124515533,SEARCH_FOLD_A,0.5147388875484467
2019-09-26,2019-09-27,TCS,0.0,0.4919803738594055,SEARCH_FOLD_A,0.5080196261405945
2019-09-27,2019-09-30,TCS,1.0,0.4965636134147644,SEARCH_FOLD_A,0.5034363865852356
2019-09-30,2019-10-01,TCS,0.0,0.5010917782783508,SEARCH_FOLD_A,0.5010917782783508
2019-10-01,2019-10-03,TCS,1.0,0.5027272701263428,SEARCH_FOLD_A,0.5027272701263428
2019-10-03,2019-10-04,TCS,1.0,0.5041208267211914,SEARCH_FOLD_A,0.5041208267211914
2019-10-04,2019-10-07,TCS,0.0,0.505804717540741,SEARCH_FOLD_A,0.505804717540741
2019-10-07,2019-10-09,TCS,0.0,0.5068921446800232,SEARCH_FOLD_A,0.5068921446800232
2019-10-09,2019-10-10,TCS,0.0,0.5089302659034729,SEARCH_FOLD_A,0.5089302659034729
2019-10-10,2019-10-11,TCS,0.0,0.5120814442634583,SEARCH_FOLD_A,0.5120814442634583
2019-10-11,2019-10-14,TCS,1.0,0.5166414976119995,SEARCH_FOLD_A,0.5166414976119995
2019-10-14,2019-10-15,TCS,1.0,0.5191436409950256,SEARCH_FOLD_A,0.5191436409950256
2019-10-15,2019-10-16,TCS,1.0,0.5221378207206726,SEARCH_FOLD_A,0.5221378207206726
2019-10-16,2019-10-17,TCS,0.0,0.5243674516677856,SEARCH_FOLD_A,0.5243674516677856
2019-10-17,2019-10-18,TCS,1.0,0.527589738368988,SEARCH_FOLD_A,0.527589738368988
2019-10-18,2019-10-22,TCS,0.0,0.5297250151634216,SEARCH_FOLD_A,0.5297250151634216
2019-10-22,2019-10-23,TCS,1.0,0.5311554074287415,SEARCH_FOLD_A,0.5311554074287415
2019-10-23,2019-10-24,TCS,1.0,0.5306974053382874,SEARCH_FOLD_A,0.5306974053382874
2019-10-24,2019-10-25,TCS,1.0,0.5291017889976501,SEARCH_FOLD_A,0.5291017889976501
2019-10-25,2019-10-27,TCS,0.0,0.526429295539856,SEARCH_FOLD_A,0.526429295539856
2019-10-27,2019-10-29,TCS,1.0,0.5221746563911438,SEARCH_FOLD_A,0.5221746563911438
2019-10-29,2019-10-30,TCS,1.0,0.5170112252235413,SEARCH_FOLD_A,0.5170112252235413
2019-10-30,2019-10-31,TCS,1.0,0.5124167799949646,SEARCH_FOLD_A,0.5124167799949646
2019-10-31,2019-11-01,TCS,0.0,0.508203387260437,SEARCH_FOLD_A,0.508203387260437
2019-11-01,2019-11-04,TCS,0.0,0.5028439164161682,SEARCH_FOLD_A,0.5028439164161682
2019-11-04,2019-11-05,TCS,1.0,0.4988491833209991,SEARCH_FOLD_A,0.5011508166790009
2019-11-05,2019-11-06,TCS,0.0,0.4935910701751709,SEARCH_FOLD_A,0.5064089298248291
2019-11-06,2019-11-07,TCS,0.0,0.4868760704994201,SEARCH_FOLD_A,0.5131239295005798
2019-11-07,2019-11-08,TCS,0.0,0.4791366755962372,SEARCH_FOLD_A,0.5208633244037628
2019-11-08,2019-11-11,TCS,0.0,0.4737532138824463,SEARCH_FOLD_A,0.5262467861175537
2019-11-11,2019-11-13,TCS,1.0,0.4707230031490326,SEARCH_FOLD_A,0.5292769968509674
2019-11-13,2019-11-14,TCS,1.0,0.4679345190525055,SEARCH_FOLD_A,0.5320654809474945
2019-11-14,2019-11-15,TCS,0.0,0.4649370312690735,SEARCH_FOLD_A,0.5350629687309265
2019-11-15,2019-11-18,TCS,0.0,0.4644399285316467,SEARCH_FOLD_A,0.5355600714683533
2019-11-18,2019-11-19,TCS,0.0,0.4628504514694214,SEARCH_FOLD_A,0.5371495485305786
2019-11-19,2019-11-20,TCS,0.0,0.4625702500343323,SEARCH_FOLD_A,0.5374297499656677
2019-11-20,2019-11-21,TCS,1.0,0.4639938473701477,SEARCH_FOLD_A,0.5360061526298523
2019-11-21,2019-11-22,TCS,0.0,0.464865118265152,SEARCH_FOLD_A,0.535134881734848
2019-11-22,2019-11-25,TCS,1.0,0.4657025039196014,SEARCH_FOLD_A,0.5342974960803986
2019-11-25,2019-11-26,TCS,0.0,0.4666202664375305,SEARCH_FOLD_A,0.5333797335624695
2019-11-26,2019-11-27,TCS,1.0,0.4660403132438659,SEARCH_FOLD_A,0.533959686756134
2019-11-27,2019-11-28,TCS,1.0,0.4681607484817505,SEARCH_FOLD_A,0.5318392515182495
2019-11-28,2019-11-29,TCS,0.0,0.471168577671051,SEARCH_FOLD_A,0.528831422328949
2019-11-29,2019-12-02,TCS,0.0,0.4748552143573761,SEARCH_FOLD_A,0.5251447856426239
2019-12-02,2019-12-03,TCS,1.0,0.4778880476951599,SEARCH_FOLD_A,0.5221119523048401
2019-12-03,2019-12-04,TCS,1.0,0.4822683334350586,SEARCH_FOLD_A,0.5177316665649414
2019-12-04,2019-12-05,TCS,1.0,0.4855422079563141,SEARCH_FOLD_A,0.5144577920436859
2019-12-05,2019-12-06,TCS,1.0,0.4894419312477112,SEARCH_FOLD_A,0.5105580687522888
2019-12-06,2019-12-09,TCS,0.0,0.4931624233722687,SEARCH_FOLD_A,0.5068375766277313
2019-12-09,2019-12-10,TCS,0.0,0.4977211952209472,SEARCH_FOLD_A,0.5022788047790527
2019-12-10,2019-12-11,TCS,1.0,0.5019874572753906,SEARCH_FOLD_A,0.5019874572753906
2019-12-11,2019-12-12,TCS,0.0,0.5074834227561951,SEARCH_FOLD_A,0.5074834227561951
2019-12-12,2019-12-13,TCS,1.0,0.5140820145606995,SEARCH_FOLD_A,0.5140820145606995
2019-12-13,2019-12-16,TCS,1.0,0.5214143395423889,SEARCH_FOLD_A,0.5214143395423889
2019-12-16,2019-12-17,TCS,1.0,0.5264657735824585,SEARCH_FOLD_A,0.5264657735824585
2019-12-17,2019-12-18,TCS,1.0,0.5307234525680542,SEARCH_FOLD_A,0.5307234525680542
2019-12-18,2019-12-19,TCS,1.0,0.534260094165802,SEARCH_FOLD_A,0.534260094165802
2019-12-19,2019-12-20,TCS,0.0,0.5358845591545105,SEARCH_FOLD_A,0.5358845591545105
2019-12-20,2019-12-23,TCS,1.0,0.5362468957901001,SEARCH_FOLD_A,0.5362468957901001
2019-12-23,2019-12-24,TCS,0.0,0.5333636403083801,SEARCH_FOLD_A,0.5333636403083801
2019-12-24,2019-12-26,TCS,0.0,0.5287414789199829,SEARCH_FOLD_A,0.5287414789199829
2019-12-26,2019-12-27,TCS,0.0,0.5262919068336487,SEARCH_FOLD_A,0.5262919068336487
2019-12-27,2019-12-30,TCS,0.0,0.5238829851150513,SEARCH_FOLD_A,0.5238829851150513
2019-12-30,2019-12-31,TCS,0.0,0.520426332950592,SEARCH_FOLD_A,0.520426332950592
2019-01-01,2019-01-02,INFY,1.0,0.5398812294006348,SEARCH_FOLD_A,0.5398812294006348
2019-01-02,2019-01-03,INFY,1.0,0.5397815108299255,SEARCH_FOLD_A,0.5397815108299255
2019-01-03,2019-01-04,INFY,0.0,0.5396655797958374,SEARCH_FOLD_A,0.5396655797958374
2019-01-04,2019-01-07,INFY,1.0,0.5388748645782471,SEARCH_FOLD_A,0.5388748645782471
2019-01-07,2019-01-08,INFY,0.0,0.5385453104972839,SEARCH_FOLD_A,0.5385453104972839
2019-01-08,2019-01-09,INFY,1.0,0.5378490090370178,SEARCH_FOLD_A,0.5378490090370178
2019-01-09,2019-01-10,INFY,1.0,0.5374240279197693,SEARCH_FOLD_A,0.5374240279197693
2019-01-10,2019-01-11,INFY,1.0,0.5370155572891235,SEARCH_FOLD_A,0.5370155572891235
2019-01-11,2019-01-14,INFY,1.0,0.5364726781845093,SEARCH_FOLD_A,0.5364726781845093
2019-01-14,2019-01-15,INFY,1.0,0.5361990332603455,SEARCH_FOLD_A,0.5361990332603455
2019-01-15,2019-01-16,INFY,1.0,0.5360254645347595,SEARCH_FOLD_A,0.5360254645347595
2019-01-16,2019-01-17,INFY,0.0,0.5360221862792969,SEARCH_FOLD_A,0.5360221862792969
2019-01-17,2019-01-18,INFY,0.0,0.5360676050186157,SEARCH_FOLD_A,0.5360676050186157
2019-01-18,2019-01-21,INFY,1.0,0.5358861684799194,SEARCH_FOLD_A,0.5358861684799194
2019-01-21,2019-01-22,INFY,1.0,0.5358810424804688,SEARCH_FOLD_A,0.5358810424804688
2019-01-22,2019-01-23,INFY,0.0,0.5356696248054504,SEARCH_FOLD_A,0.5356696248054504
2019-01-23,2019-01-24,INFY,1.0,0.5354182124137878,SEARCH_FOLD_A,0.5354182124137878
2019-01-24,2019-01-25,INFY,0.0,0.5351837873458862,SEARCH_FOLD_A,0.5351837873458862
2019-01-25,2019-01-28,INFY,0.0,0.5350061058998108,SEARCH_FOLD_A,0.5350061058998108
2019-01-28,2019-01-29,INFY,0.0,0.5348171591758728,SEARCH_FOLD_A,0.5348171591758728
2019-01-29,2019-01-30,INFY,0.0,0.5346231460571289,SEARCH_FOLD_A,0.5346231460571289
2019-01-30,2019-01-31,INFY,1.0,0.5343663692474365,SEARCH_FOLD_A,0.5343663692474365
2019-01-31,2019-02-01,INFY,1.0,0.5341395139694214,SEARCH_FOLD_A,0.5341395139694214
2019-02-01,2019-02-04,INFY,0.0,0.5339927077293396,SEARCH_FOLD_A,0.5339927077293396
2019-02-04,2019-02-05,INFY,0.0,0.5334113240242004,SEARCH_FOLD_A,0.5334113240242004
2019-02-05,2019-02-06,INFY,1.0,0.5330020189285278,SEARCH_FOLD_A,0.5330020189285278
2019-02-06,2019-02-07,INFY,1.0,0.5325154662132263,SEARCH_FOLD_A,0.5325154662132263
2019-02-07,2019-02-08,INFY,0.0,0.5320475101470947,SEARCH_FOLD_A,0.5320475101470947
2019-02-08,2019-02-11,INFY,1.0,0.5316925644874573,SEARCH_FOLD_A,0.5316925644874573
2019-02-11,2019-02-12,INFY,0.0,0.5314817428588867,SEARCH_FOLD_A,0.5314817428588867
2019-02-12,2019-02-14,INFY,0.0,0.5314006209373474,SEARCH_FOLD_A,0.5314006209373474
2019-02-14,2019-02-15,INFY,1.0,0.5313215851783752,SEARCH_FOLD_A,0.5313215851783752
2019-02-15,2019-02-18,INFY,0.0,0.5312944054603577,SEARCH_FOLD_A,0.5312944054603577
2019-02-18,2019-02-19,INFY,0.0,0.5310770273208618,SEARCH_FOLD_A,0.5310770273208618
2019-02-19,2019-02-20,INFY,1.0,0.5310614705085754,SEARCH_FOLD_A,0.5310614705085754
2019-02-20,2019-02-21,INFY,0.0,0.5310335159301758,SEARCH_FOLD_A,0.5310335159301758
2019-02-21,2019-02-22,INFY,1.0,0.530764102935791,SEARCH_FOLD_A,0.530764102935791
2019-02-22,2019-02-25,INFY,1.0,0.5306970477104187,SEARCH_FOLD_A,0.5306970477104187
2019-02-25,2019-02-26,INFY,0.0,0.5306062698364258,SEARCH_FOLD_A,0.5306062698364258
2019-02-26,2019-02-27,INFY,0.0,0.5302413105964661,SEARCH_FOLD_A,0.5302413105964661
2019-02-27,2019-02-28,INFY,0.0,0.5298821926116943,SEARCH_FOLD_A,0.5298821926116943
2019-02-28,2019-03-01,INFY,1.0,0.5298287272453308,SEARCH_FOLD_A,0.5298287272453308
2019-03-01,2019-03-05,INFY,0.0,0.5299034714698792,SEARCH_FOLD_A,0.5299034714698792
2019-03-05,2019-03-06,INFY,0.0,0.5300537347793579,SEARCH_FOLD_A,0.5300537347793579
2019-03-06,2019-03-07,INFY,0.0,0.5301501154899597,SEARCH_FOLD_A,0.5301501154899597
2019-03-07,2019-03-08,INFY,0.0,0.5302664041519165,SEARCH_FOLD_A,0.5302664041519165
2019-03-08,2019-03-11,INFY,0.0,0.5302977561950684,SEARCH_FOLD_A,0.5302977561950684
2019-03-11,2019-03-12,INFY,0.0,0.5303610563278198,SEARCH_FOLD_A,0.5303610563278198
2019-03-12,2019-03-13,INFY,1.0,0.5304462909698486,SEARCH_FOLD_A,0.5304462909698486
2019-03-13,2019-03-14,INFY,0.0,0.5304790139198303,SEARCH_FOLD_A,0.5304790139198303
2019-03-14,2019-03-15,INFY,1.0,0.5304851531982422,SEARCH_FOLD_A,0.5304851531982422
2019-03-15,2019-03-18,INFY,0.0,0.530445396900177,SEARCH_FOLD_A,0.530445396900177
2019-03-18,2019-03-19,INFY,1.0,0.5302978754043579,SEARCH_FOLD_A,0.5302978754043579
2019-03-19,2019-03-20,INFY,1.0,0.5301938056945801,SEARCH_FOLD_A,0.5301938056945801
2019-03-20,2019-03-22,INFY,1.0,0.5301446318626404,SEARCH_FOLD_A,0.5301446318626404
2019-03-22,2019-03-25,INFY,0.0,0.5301160216331482,SEARCH_FOLD_A,0.5301160216331482
2019-03-25,2019-03-26,INFY,0.0,0.5301191210746765,SEARCH_FOLD_A,0.5301191210746765
2019-03-26,2019-03-27,INFY,1.0,0.5301957130432129,SEARCH_FOLD_A,0.5301957130432129
2019-03-27,2019-03-28,INFY,1.0,0.530255913734436,SEARCH_FOLD_A,0.530255913734436
2019-03-28,2019-04-01,INFY,1.0,0.530411958694458,SEARCH_FOLD_A,0.530411958694458
2019-04-01,2019-04-02,INFY,1.0,0.5305463671684265,SEARCH_FOLD_A,0.5305463671684265
2019-04-02,2019-04-03,INFY,0.0,0.5306887030601501,SEARCH_FOLD_A,0.5306887030601501
2019-04-03,2019-04-04,INFY,0.0,0.530872106552124,SEARCH_FOLD_A,0.530872106552124
2019-04-04,2019-04-05,INFY,1.0,0.531093180179596,SEARCH_FOLD_A,0.531093180179596
2019-04-05,2019-04-08,INFY,1.0,0.5310971140861511,SEARCH_FOLD_A,0.5310971140861511
2019-04-08,2019-04-09,INFY,0.0,0.5312504172325134,SEARCH_FOLD_A,0.5312504172325134
2019-04-09,2019-04-10,INFY,0.0,0.5312497019767761,SEARCH_FOLD_A,0.5312497019767761
2019-04-10,2019-04-11,INFY,0.0,0.5312641859054565,SEARCH_FOLD_A,0.5312641859054565
2019-04-11,2019-04-12,INFY,1.0,0.5313369631767273,SEARCH_FOLD_A,0.5313369631767273
2019-04-12,2019-04-15,INFY,0.0,0.5312894582748413,SEARCH_FOLD_A,0.5312894582748413
2019-04-15,2019-04-16,INFY,0.0,0.5312666296958923,SEARCH_FOLD_A,0.5312666296958923
2019-04-16,2019-04-18,INFY,0.0,0.5312587022781372,SEARCH_FOLD_A,0.5312587022781372
2019-04-18,2019-04-22,INFY,1.0,0.5314003825187683,SEARCH_FOLD_A,0.5314003825187683
2019-04-22,2019-04-23,INFY,1.0,0.5314618349075317,SEARCH_FOLD_A,0.5314618349075317
2019-04-23,2019-04-24,INFY,1.0,0.5315823554992676,SEARCH_FOLD_A,0.5315823554992676
2019-04-24,2019-04-25,INFY,0.0,0.531647801399231,SEARCH_FOLD_A,0.531647801399231
2019-04-25,2019-04-26,INFY,1.0,0.531647264957428,SEARCH_FOLD_A,0.531647264957428
2019-04-26,2019-04-30,INFY,1.0,0.531691312789917,SEARCH_FOLD_A,0.531691312789917
2019-04-30,2019-05-02,INFY,0.0,0.5316792130470276,SEARCH_FOLD_A,0.5316792130470276
2019-05-02,2019-05-03,INFY,0.0,0.5316929817199707,SEARCH_FOLD_A,0.5316929817199707
2019-05-03,2019-05-06,INFY,0.0,0.5317560434341431,SEARCH_FOLD_A,0.5317560434341431
2019-05-06,2019-05-07,INFY,1.0,0.5318443775177002,SEARCH_FOLD_A,0.5318443775177002
2019-05-07,2019-05-08,INFY,0.0,0.5317955017089844,SEARCH_FOLD_A,0.5317955017089844
2019-05-08,2019-05-09,INFY,1.0,0.5317625999450684,SEARCH_FOLD_A,0.5317625999450684
2019-05-09,2019-05-10,INFY,0.0,0.5316557288169861,SEARCH_FOLD_A,0.5316557288169861
2019-05-10,2019-05-13,INFY,1.0,0.5316011905670166,SEARCH_FOLD_A,0.5316011905670166
2019-05-13,2019-05-14,INFY,0.0,0.5315639972686768,SEARCH_FOLD_A,0.5315639972686768
2019-05-14,2019-05-15,INFY,1.0,0.5314807891845703,SEARCH_FOLD_A,0.5314807891845703
2019-05-15,2019-05-16,INFY,1.0,0.5314781665802002,SEARCH_FOLD_A,0.5314781665802002
2019-05-16,2019-05-17,INFY,0.0,0.5314381122589111,SEARCH_FOLD_A,0.5314381122589111
2019-05-17,2019-05-20,INFY,0.0,0.5313798785209656,SEARCH_FOLD_A,0.5313798785209656
2019-05-20,2019-05-21,INFY,0.0,0.5313763618469238,SEARCH_FOLD_A,0.5313763618469238
2019-05-21,2019-05-22,INFY,1.0,0.5314313173294067,SEARCH_FOLD_A,0.5314313173294067
2019-05-22,2019-05-23,INFY,0.0,0.5315112471580505,SEARCH_FOLD_A,0.5315112471580505
2019-05-23,2019-05-24,INFY,1.0,0.5316562056541443,SEARCH_FOLD_A,0.5316562056541443
2019-05-24,2019-05-27,INFY,0.0,0.5318626165390015,SEARCH_FOLD_A,0.5318626165390015
2019-05-27,2019-05-28,INFY,1.0,0.5320523977279663,SEARCH_FOLD_A,0.5320523977279663
2019-05-28,2019-05-29,INFY,0.0,0.5322842597961426,SEARCH_FOLD_A,0.5322842597961426
2019-05-29,2019-05-30,INFY,1.0,0.5325154066085815,SEARCH_FOLD_A,0.5325154066085815
2019-05-30,2019-05-31,INFY,1.0,0.5329469442367554,SEARCH_FOLD_A,0.5329469442367554
2019-05-31,2019-06-03,INFY,1.0,0.5329322218894958,SEARCH_FOLD_A,0.5329322218894958
2019-06-03,2019-06-04,INFY,0.0,0.5330321192741394,SEARCH_FOLD_A,0.5330321192741394
2019-06-04,2019-06-06,INFY,1.0,0.5330146551132202,SEARCH_FOLD_A,0.5330146551132202
2019-06-06,2019-06-07,INFY,1.0,0.5330734252929688,SEARCH_FOLD_A,0.5330734252929688
2019-06-07,2019-06-10,INFY,1.0,0.5331467390060425,SEARCH_FOLD_A,0.5331467390060425
2019-06-10,2019-06-11,INFY,1.0,0.5332280993461609,SEARCH_FOLD_A,0.5332280993461609
2019-06-11,2019-06-12,INFY,0.0,0.5331833362579346,SEARCH_FOLD_A,0.5331833362579346
2019-06-12,2019-06-13,INFY,0.0,0.5331966280937195,SEARCH_FOLD_A,0.5331966280937195
2019-06-13,2019-06-14,INFY,0.0,0.5332462787628174,SEARCH_FOLD_A,0.5332462787628174
2019-06-14,2019-06-17,INFY,1.0,0.5331233143806458,SEARCH_FOLD_A,0.5331233143806458
2019-06-17,2019-06-18,INFY,1.0,0.5330380797386169,SEARCH_FOLD_A,0.5330380797386169
2019-06-18,2019-06-19,INFY,1.0,0.5328879952430725,SEARCH_FOLD_A,0.5328879952430725
2019-06-19,2019-06-20,INFY,1.0,0.5328423976898193,SEARCH_FOLD_A,0.5328423976898193
2019-06-20,2019-06-21,INFY,0.0,0.532745897769928,SEARCH_FOLD_A,0.532745897769928
2019-06-21,2019-06-24,INFY,0.0,0.532679557800293,SEARCH_FOLD_A,0.532679557800293
2019-06-24,2019-06-25,INFY,1.0,0.5325510501861572,SEARCH_FOLD_A,0.5325510501861572
2019-06-25,2019-06-26,INFY,0.0,0.5324854254722595,SEARCH_FOLD_A,0.5324854254722595
2019-06-26,2019-06-27,INFY,0.0,0.5322436690330505,SEARCH_FOLD_A,0.5322436690330505
2019-06-27,2019-06-28,INFY,1.0,0.5320463180541992,SEARCH_FOLD_A,0.5320463180541992
2019-06-28,2019-07-01,INFY,0.0,0.5319330096244812,SEARCH_FOLD_A,0.5319330096244812
2019-07-01,2019-07-02,INFY,1.0,0.5317105650901794,SEARCH_FOLD_A,0.5317105650901794
2019-07-02,2019-07-03,INFY,0.0,0.5314608216285706,SEARCH_FOLD_A,0.5314608216285706
2019-07-03,2019-07-04,INFY,1.0,0.5310995578765869,SEARCH_FOLD_A,0.5310995578765869
2019-07-04,2019-07-05,INFY,0.0,0.5308723449707031,SEARCH_FOLD_A,0.5308723449707031
2019-07-05,2019-07-08,INFY,0.0,0.5304940342903137,SEARCH_FOLD_A,0.5304940342903137
2019-07-08,2019-07-09,INFY,0.0,0.530276358127594,SEARCH_FOLD_A,0.530276358127594
2019-07-09,2019-07-10,INFY,1.0,0.5300068259239197,SEARCH_FOLD_A,0.5300068259239197
2019-07-10,2019-07-11,INFY,1.0,0.5296102166175842,SEARCH_FOLD_A,0.5296102166175842
2019-07-11,2019-07-12,INFY,1.0,0.5292941927909851,SEARCH_FOLD_A,0.5292941927909851
2019-07-12,2019-07-15,INFY,1.0,0.5289220809936523,SEARCH_FOLD_A,0.5289220809936523
2019-07-15,2019-07-16,INFY,1.0,0.5287836790084839,SEARCH_FOLD_A,0.5287836790084839
2019-07-16,2019-07-17,INFY,1.0,0.5287559032440186,SEARCH_FOLD_A,0.5287559032440186
2019-07-17,2019-07-18,INFY,0.0,0.5287124514579773,SEARCH_FOLD_A,0.5287124514579773
2019-07-18,2019-07-19,INFY,0.0,0.5287488698959351,SEARCH_FOLD_A,0.5287488698959351
2019-07-19,2019-07-22,INFY,0.0,0.5288817286491394,SEARCH_FOLD_A,0.5288817286491394
2019-07-22,2019-07-23,INFY,1.0,0.5290356874465942,SEARCH_FOLD_A,0.5290356874465942
2019-07-23,2019-07-24,INFY,0.0,0.5292308926582336,SEARCH_FOLD_A,0.5292308926582336
2019-07-24,2019-07-25,INFY,1.0,0.5294193625450134,SEARCH_FOLD_A,0.5294193625450134
2019-07-25,2019-07-26,INFY,0.0,0.5296391248703003,SEARCH_FOLD_A,0.5296391248703003
2019-07-26,2019-07-29,INFY,1.0,0.5298627614974976,SEARCH_FOLD_A,0.5298627614974976
2019-07-29,2019-07-30,INFY,1.0,0.5301272869110107,SEARCH_FOLD_A,0.5301272869110107
2019-07-30,2019-07-31,INFY,1.0,0.530371904373169,SEARCH_FOLD_A,0.530371904373169
2019-07-31,2019-08-01,INFY,0.0,0.5306394100189209,SEARCH_FOLD_A,0.5306394100189209
2019-08-01,2019-08-02,INFY,1.0,0.5308748483657837,SEARCH_FOLD_A,0.5308748483657837
2019-08-02,2019-08-05,INFY,1.0,0.5310402512550354,SEARCH_FOLD_A,0.5310402512550354
2019-08-05,2019-08-06,INFY,0.0,0.5312843322753906,SEARCH_FOLD_A,0.5312843322753906
2019-08-06,2019-08-07,INFY,1.0,0.5315915942192078,SEARCH_FOLD_A,0.5315915942192078
2019-08-07,2019-08-08,INFY,1.0,0.5318614840507507,SEARCH_FOLD_A,0.5318614840507507
2019-08-08,2019-08-09,INFY,1.0,0.5319843292236328,SEARCH_FOLD_A,0.5319843292236328
2019-08-09,2019-08-13,INFY,0.0,0.5321717858314514,SEARCH_FOLD_A,0.5321717858314514
2019-08-13,2019-08-14,INFY,1.0,0.5323506593704224,SEARCH_FOLD_A,0.5323506593704224
2019-08-14,2019-08-16,INFY,0.0,0.5326307415962219,SEARCH_FOLD_A,0.5326307415962219
2019-08-16,2019-08-19,INFY,1.0,0.5327839851379395,SEARCH_FOLD_A,0.5327839851379395
2019-08-19,2019-08-20,INFY,1.0,0.5331050753593445,SEARCH_FOLD_A,0.5331050753593445
2019-08-20,2019-08-21,INFY,1.0,0.5332075953483582,SEARCH_FOLD_A,0.5332075953483582
2019-08-21,2019-08-22,INFY,0.0,0.533359944820404,SEARCH_FOLD_A,0.533359944820404
2019-08-22,2019-08-23,INFY,1.0,0.5335007309913635,SEARCH_FOLD_A,0.5335007309913635
2019-08-23,2019-08-26,INFY,1.0,0.5336112976074219,SEARCH_FOLD_A,0.5336112976074219
2019-08-26,2019-08-27,INFY,0.0,0.5337024927139282,SEARCH_FOLD_A,0.5337024927139282
2019-08-27,2019-08-28,INFY,1.0,0.5336849093437195,SEARCH_FOLD_A,0.5336849093437195
2019-08-28,2019-08-29,INFY,1.0,0.5331941843032837,SEARCH_FOLD_A,0.5331941843032837
2019-08-29,2019-08-30,INFY,1.0,0.5329313278198242,SEARCH_FOLD_A,0.5329313278198242
2019-08-30,2019-09-03,INFY,0.0,0.53276127576828,SEARCH_FOLD_A,0.53276127576828
2019-09-03,2019-09-04,INFY,1.0,0.5326699614524841,SEARCH_FOLD_A,0.5326699614524841
2019-09-04,2019-09-05,INFY,1.0,0.5326411724090576,SEARCH_FOLD_A,0.5326411724090576
2019-09-05,2019-09-06,INFY,1.0,0.5326688885688782,SEARCH_FOLD_A,0.5326688885688782
2019-09-06,2019-09-09,INFY,0.0,0.5326470732688904,SEARCH_FOLD_A,0.5326470732688904
2019-09-09,2019-09-11,INFY,0.0,0.5326710343360901,SEARCH_FOLD_A,0.5326710343360901
2019-09-11,2019-09-12,INFY,0.0,0.5326754450798035,SEARCH_FOLD_A,0.5326754450798035
2019-09-12,2019-09-13,INFY,1.0,0.5327061414718628,SEARCH_FOLD_A,0.5327061414718628
2019-09-13,2019-09-16,INFY,0.0,0.5327781438827515,SEARCH_FOLD_A,0.5327781438827515
2019-09-16,2019-09-17,INFY,1.0,0.5328698754310608,SEARCH_FOLD_A,0.5328698754310608
2019-09-17,2019-09-18,INFY,0.0,0.5330101251602173,SEARCH_FOLD_A,0.5330101251602173
2019-09-18,2019-09-19,INFY,0.0,0.5329897403717041,SEARCH_FOLD_A,0.5329897403717041
2019-09-19,2019-09-20,INFY,0.0,0.5329859256744385,SEARCH_FOLD_A,0.5329859256744385
2019-09-20,2019-09-23,INFY,0.0,0.5329434275627136,SEARCH_FOLD_A,0.5329434275627136
2019-09-23,2019-09-24,INFY,1.0,0.5328822135925293,SEARCH_FOLD_A,0.5328822135925293
2019-09-24,2019-09-25,INFY,0.0,0.5328840017318726,SEARCH_FOLD_A,0.5328840017318726
2019-09-25,2019-09-26,INFY,0.0,0.5329295992851257,SEARCH_FOLD_A,0.5329295992851257
2019-09-26,2019-09-27,INFY,0.0,0.5330613851547241,SEARCH_FOLD_A,0.5330613851547241
2019-09-27,2019-09-30,INFY,1.0,0.5331135392189026,SEARCH_FOLD_A,0.5331135392189026
2019-09-30,2019-10-01,INFY,0.0,0.5333011150360107,SEARCH_FOLD_A,0.5333011150360107
2019-10-01,2019-10-03,INFY,0.0,0.5334846377372742,SEARCH_FOLD_A,0.5334846377372742
2019-10-03,2019-10-04,INFY,1.0,0.5337151288986206,SEARCH_FOLD_A,0.5337151288986206
2019-10-04,2019-10-07,INFY,0.0,0.533928394317627,SEARCH_FOLD_A,0.533928394317627
2019-10-07,2019-10-09,INFY,0.0,0.534194827079773,SEARCH_FOLD_A,0.534194827079773
2019-10-09,2019-10-10,INFY,0.0,0.5345048308372498,SEARCH_FOLD_A,0.5345048308372498
2019-10-10,2019-10-11,INFY,1.0,0.5348629355430603,SEARCH_FOLD_A,0.5348629355430603
2019-10-11,2019-10-14,INFY,0.0,0.5353288054466248,SEARCH_FOLD_A,0.5353288054466248
2019-10-14,2019-10-15,INFY,0.0,0.535690426826477,SEARCH_FOLD_A,0.535690426826477
2019-10-15,2019-10-16,INFY,1.0,0.5361010432243347,SEARCH_FOLD_A,0.5361010432243347
2019-10-16,2019-10-17,INFY,0.0,0.5365729928016663,SEARCH_FOLD_A,0.5365729928016663
2019-10-17,2019-10-18,INFY,0.0,0.5370708703994751,SEARCH_FOLD_A,0.5370708703994751
2019-10-18,2019-10-22,INFY,0.0,0.5376296639442444,SEARCH_FOLD_A,0.5376296639442444
2019-10-22,2019-10-23,INFY,1.0,0.5381144881248474,SEARCH_FOLD_A,0.5381144881248474
2019-10-23,2019-10-24,INFY,0.0,0.5386280417442322,SEARCH_FOLD_A,0.5386280417442322
2019-10-24,2019-10-25,INFY,1.0,0.5392085909843445,SEARCH_FOLD_A,0.5392085909843445
2019-10-25,2019-10-27,INFY,1.0,0.5398538708686829,SEARCH_FOLD_A,0.5398538708686829
2019-10-27,2019-10-29,INFY,1.0,0.5404642820358276,SEARCH_FOLD_A,0.5404642820358276
2019-10-29,2019-10-30,INFY,1.0,0.5410962104797363,SEARCH_FOLD_A,0.5410962104797363
2019-10-30,2019-10-31,INFY,1.0,0.5417556166648865,SEARCH_FOLD_A,0.5417556166648865
2019-10-31,2019-11-01,INFY,1.0,0.5424332618713379,SEARCH_FOLD_A,0.5424332618713379
2019-11-01,2019-11-04,INFY,1.0,0.5430794954299927,SEARCH_FOLD_A,0.5430794954299927
2019-11-04,2019-11-05,INFY,0.0,0.5438612103462219,SEARCH_FOLD_A,0.5438612103462219
2019-11-05,2019-11-06,INFY,1.0,0.54471355676651,SEARCH_FOLD_A,0.54471355676651
2019-11-06,2019-11-07,INFY,1.0,0.5455571413040161,SEARCH_FOLD_A,0.5455571413040161
2019-11-07,2019-11-08,INFY,0.0,0.5458195805549622,SEARCH_FOLD_A,0.5458195805549622
2019-11-08,2019-11-11,INFY,0.0,0.5460473299026489,SEARCH_FOLD_A,0.5460473299026489
2019-11-11,2019-11-13,INFY,0.0,0.546070396900177,SEARCH_FOLD_A,0.546070396900177
2019-11-13,2019-11-14,INFY,1.0,0.5459274649620056,SEARCH_FOLD_A,0.5459274649620056
2019-11-14,2019-11-15,INFY,0.0,0.5455738306045532,SEARCH_FOLD_A,0.5455738306045532
2019-11-15,2019-11-18,INFY,1.0,0.5451652407646179,SEARCH_FOLD_A,0.5451652407646179
2019-11-18,2019-11-19,INFY,1.0,0.5445624589920044,SEARCH_FOLD_A,0.5445624589920044
2019-11-19,2019-11-20,INFY,1.0,0.5438785552978516,SEARCH_FOLD_A,0.5438785552978516
2019-11-20,2019-11-21,INFY,1.0,0.5431982278823853,SEARCH_FOLD_A,0.5431982278823853
2019-11-21,2019-11-22,INFY,0.0,0.5424883365631104,SEARCH_FOLD_A,0.5424883365631104
2019-11-22,2019-11-25,INFY,1.0,0.5418346524238586,SEARCH_FOLD_A,0.5418346524238586
2019-11-25,2019-11-26,INFY,0.0,0.5412802696228027,SEARCH_FOLD_A,0.5412802696228027
2019-11-26,2019-11-27,INFY,1.0,0.5408542156219482,SEARCH_FOLD_A,0.5408542156219482
2019-11-27,2019-11-28,INFY,1.0,0.5401331186294556,SEARCH_FOLD_A,0.5401331186294556
2019-11-28,2019-11-29,INFY,0.0,0.5394148230552673,SEARCH_FOLD_A,0.5394148230552673
2019-11-29,2019-12-02,INFY,0.0,0.5388457179069519,SEARCH_FOLD_A,0.5388457179069519
2019-12-02,2019-12-03,INFY,1.0,0.538503110408783,SEARCH_FOLD_A,0.538503110408783
2019-12-03,2019-12-04,INFY,1.0,0.5386713743209839,SEARCH_FOLD_A,0.5386713743209839
2019-12-04,2019-12-05,INFY,1.0,0.5385295748710632,SEARCH_FOLD_A,0.5385295748710632
2019-12-05,2019-12-06,INFY,1.0,0.5379597544670105,SEARCH_FOLD_A,0.5379597544670105
2019-12-06,2019-12-09,INFY,1.0,0.5370393395423889,SEARCH_FOLD_A,0.5370393395423889
2019-12-09,2019-12-10,INFY,0.0,0.5360770225524902,SEARCH_FOLD_A,0.5360770225524902
2019-12-10,2019-12-11,INFY,1.0,0.5353248119354248,SEARCH_FOLD_A,0.5353248119354248
2019-12-11,2019-12-12,INFY,0.0,0.534476101398468,SEARCH_FOLD_A,0.534476101398468
2019-12-12,2019-12-13,INFY,1.0,0.5336233973503113,SEARCH_FOLD_A,0.5336233973503113
2019-12-13,2019-12-16,INFY,1.0,0.5329285264015198,SEARCH_FOLD_A,0.5329285264015198
2019-12-16,2019-12-17,INFY,1.0,0.5328672528266907,SEARCH_FOLD_A,0.5328672528266907
2019-12-17,2019-12-18,INFY,1.0,0.5326340198516846,SEARCH_FOLD_A,0.5326340198516846
2019-12-18,2019-12-19,INFY,0.0,0.5325315594673157,SEARCH_FOLD_A,0.5325315594673157
2019-12-19,2019-12-20,INFY,1.0,0.5327380895614624,SEARCH_FOLD_A,0.5327380895614624
2019-12-20,2019-12-23,INFY,1.0,0.5330737829208374,SEARCH_FOLD_A,0.5330737829208374
2019-12-23,2019-12-24,INFY,0.0,0.533324658870697,SEARCH_FOLD_A,0.533324658870697
2019-12-24,2019-12-26,INFY,0.0,0.533829391002655,SEARCH_FOLD_A,0.533829391002655
2019-12-26,2019-12-27,INFY,1.0,0.5340720415115356,SEARCH_FOLD_A,0.5340720415115356
2019-12-27,2019-12-30,INFY,0.0,0.5344009399414062,SEARCH_FOLD_A,0.5344009399414062
2019-12-30,2019-12-31,INFY,0.0,0.5345559120178223,SEARCH_FOLD_A,0.5345559120178223
2019-01-01,2019-01-02,HDFCBANK,0.0,0.5289859175682068,SEARCH_FOLD_A,0.5289859175682068
2019-01-02,2019-01-03,HDFCBANK,0.0,0.5285608768463135,SEARCH_FOLD_A,0.5285608768463135
2019-01-03,2019-01-04,HDFCBANK,1.0,0.528141975402832,SEARCH_FOLD_A,0.528141975402832
2019-01-04,2019-01-07,HDFCBANK,1.0,0.527643620967865,SEARCH_FOLD_A,0.527643620967865
2019-01-07,2019-01-08,HDFCBANK,0.0,0.527053713798523,SEARCH_FOLD_A,0.527053713798523
2019-01-08,2019-01-09,HDFCBANK,1.0,0.5264183878898621,SEARCH_FOLD_A,0.5264183878898621
2019-01-09,2019-01-10,HDFCBANK,0.0,0.5254532694816589,SEARCH_FOLD_A,0.5254532694816589
2019-01-10,2019-01-11,HDFCBANK,1.0,0.5253055691719055,SEARCH_FOLD_A,0.5253055691719055
2019-01-11,2019-01-14,HDFCBANK,0.0,0.5251443386077881,SEARCH_FOLD_A,0.5251443386077881
2019-01-14,2019-01-15,HDFCBANK,1.0,0.5238113403320312,SEARCH_FOLD_A,0.5238113403320312
2019-01-15,2019-01-16,HDFCBANK,0.0,0.5217751264572144,SEARCH_FOLD_A,0.5217751264572144
2019-01-16,2019-01-17,HDFCBANK,1.0,0.5194306373596191,SEARCH_FOLD_A,0.5194306373596191
2019-01-17,2019-01-18,HDFCBANK,0.0,0.5174018740653992,SEARCH_FOLD_A,0.5174018740653992
2019-01-18,2019-01-21,HDFCBANK,1.0,0.5156104564666748,SEARCH_FOLD_A,0.5156104564666748
2019-01-21,2019-01-22,HDFCBANK,0.0,0.5139645934104919,SEARCH_FOLD_A,0.5139645934104919
2019-01-22,2019-01-23,HDFCBANK,0.0,0.5124005079269409,SEARCH_FOLD_A,0.5124005079269409
2019-01-23,2019-01-24,HDFCBANK,0.0,0.5113381147384644,SEARCH_FOLD_A,0.5113381147384644
2019-01-24,2019-01-25,HDFCBANK,0.0,0.5101451277732849,SEARCH_FOLD_A,0.5101451277732849
2019-01-25,2019-01-28,HDFCBANK,0.0,0.5089911222457886,SEARCH_FOLD_A,0.5089911222457886
2019-01-28,2019-01-29,HDFCBANK,0.0,0.507839560508728,SEARCH_FOLD_A,0.507839560508728
2019-01-29,2019-01-30,HDFCBANK,0.0,0.5062931180000305,SEARCH_FOLD_A,0.5062931180000305
2019-01-30,2019-01-31,HDFCBANK,1.0,0.5041636824607849,SEARCH_FOLD_A,0.5041636824607849
2019-01-31,2019-02-01,HDFCBANK,1.0,0.5019544959068298,SEARCH_FOLD_A,0.5019544959068298
2019-02-01,2019-02-04,HDFCBANK,1.0,0.4994933307170868,SEARCH_FOLD_A,0.5005066692829132
2019-02-04,2019-02-05,HDFCBANK,1.0,0.4973191320896148,SEARCH_FOLD_A,0.5026808679103851
2019-02-05,2019-02-06,HDFCBANK,1.0,0.495972216129303,SEARCH_FOLD_A,0.504027783870697
2019-02-06,2019-02-07,HDFCBANK,0.0,0.4940641224384308,SEARCH_FOLD_A,0.5059358775615692
2019-02-07,2019-02-08,HDFCBANK,1.0,0.4929066002368927,SEARCH_FOLD_A,0.5070933997631073
2019-02-08,2019-02-11,HDFCBANK,1.0,0.4921908676624298,SEARCH_FOLD_A,0.5078091323375702
2019-02-11,2019-02-12,HDFCBANK,0.0,0.4916123747825622,SEARCH_FOLD_A,0.5083876252174377
2019-02-12,2019-02-14,HDFCBANK,0.0,0.4905349612236023,SEARCH_FOLD_A,0.5094650387763977
2019-02-14,2019-02-15,HDFCBANK,0.0,0.489816665649414,SEARCH_FOLD_A,0.5101833343505859
2019-02-15,2019-02-18,HDFCBANK,0.0,0.4892666637897491,SEARCH_FOLD_A,0.5107333362102509
2019-02-18,2019-02-19,HDFCBANK,0.0,0.4885298013687134,SEARCH_FOLD_A,0.5114701986312866
2019-02-19,2019-02-20,HDFCBANK,1.0,0.4877032935619354,SEARCH_FOLD_A,0.5122967064380646
2019-02-20,2019-02-21,HDFCBANK,1.0,0.487363338470459,SEARCH_FOLD_A,0.512636661529541
2019-02-21,2019-02-22,HDFCBANK,0.0,0.4870369732379913,SEARCH_FOLD_A,0.5129630267620087
2019-02-22,2019-02-25,HDFCBANK,1.0,0.4869922995567322,SEARCH_FOLD_A,0.5130077004432678
2019-02-25,2019-02-26,HDFCBANK,0.0,0.4869929254055023,SEARCH_FOLD_A,0.5130070745944977
2019-02-26,2019-02-27,HDFCBANK,0.0,0.4872733652591705,SEARCH_FOLD_A,0.5127266347408295
2019-02-27,2019-02-28,HDFCBANK,0.0,0.4873871803283691,SEARCH_FOLD_A,0.5126128196716309
2019-02-28,2019-03-01,HDFCBANK,1.0,0.4875063896179199,SEARCH_FOLD_A,0.5124936103820801
2019-03-01,2019-03-05,HDFCBANK,1.0,0.4872893393039703,SEARCH_FOLD_A,0.5127106606960297
2019-03-05,2019-03-06,HDFCBANK,0.0,0.4870045185089111,SEARCH_FOLD_A,0.5129954814910889
2019-03-06,2019-03-07,HDFCBANK,1.0,0.4864412844181061,SEARCH_FOLD_A,0.5135587155818939
2019-03-07,2019-03-08,HDFCBANK,1.0,0.4860587418079376,SEARCH_FOLD_A,0.5139412581920624
2019-03-08,2019-03-11,HDFCBANK,1.0,0.4863986372947693,SEARCH_FOLD_A,0.5136013627052307
2019-03-11,2019-03-12,HDFCBANK,1.0,0.4869199395179748,SEARCH_FOLD_A,0.5130800604820251
2019-03-12,2019-03-13,HDFCBANK,1.0,0.4877768158912658,SEARCH_FOLD_A,0.5122231841087341
2019-03-13,2019-03-14,HDFCBANK,0.0,0.4890773594379425,SEARCH_FOLD_A,0.5109226405620575
2019-03-14,2019-03-15,HDFCBANK,1.0,0.4911534488201141,SEARCH_FOLD_A,0.5088465511798859
2019-03-15,2019-03-18,HDFCBANK,1.0,0.4938213229179382,SEARCH_FOLD_A,0.5061786770820618
2019-03-18,2019-03-19,HDFCBANK,1.0,0.4952321052551269,SEARCH_FOLD_A,0.504767894744873
2019-03-19,2019-03-20,HDFCBANK,1.0,0.4968124032020569,SEARCH_FOLD_A,0.5031875967979431
2019-03-20,2019-03-22,HDFCBANK,0.0,0.498035192489624,SEARCH_FOLD_A,0.501964807510376
2019-03-22,2019-03-25,HDFCBANK,1.0,0.4991742968559265,SEARCH_FOLD_A,0.5008257031440735
2019-03-25,2019-03-26,HDFCBANK,1.0,0.500068187713623,SEARCH_FOLD_A,0.500068187713623
2019-03-26,2019-03-27,HDFCBANK,0.0,0.5008676052093506,SEARCH_FOLD_A,0.5008676052093506
2019-03-27,2019-03-28,HDFCBANK,1.0,0.5015255808830261,SEARCH_FOLD_A,0.5015255808830261
2019-03-28,2019-04-01,HDFCBANK,1.0,0.5017239451408386,SEARCH_FOLD_A,0.5017239451408386
2019-04-01,2019-04-02,HDFCBANK,0.0,0.5019427537918091,SEARCH_FOLD_A,0.5019427537918091
2019-04-02,2019-04-03,HDFCBANK,0.0,0.5021495819091797,SEARCH_FOLD_A,0.5021495819091797
2019-04-03,2019-04-04,HDFCBANK,0.0,0.5023999214172363,SEARCH_FOLD_A,0.5023999214172363
2019-04-04,2019-04-05,HDFCBANK,1.0,0.5027825236320496,SEARCH_FOLD_A,0.5027825236320496
2019-04-05,2019-04-08,HDFCBANK,0.0,0.503397524356842,SEARCH_FOLD_A,0.503397524356842
2019-04-08,2019-04-09,HDFCBANK,0.0,0.5033957362174988,SEARCH_FOLD_A,0.5033957362174988
2019-04-09,2019-04-10,HDFCBANK,0.0,0.5034500360488892,SEARCH_FOLD_A,0.5034500360488892
2019-04-10,2019-04-11,HDFCBANK,1.0,0.5036109089851379,SEARCH_FOLD_A,0.5036109089851379
2019-04-11,2019-04-12,HDFCBANK,1.0,0.5025569200515747,SEARCH_FOLD_A,0.5025569200515747
2019-04-12,2019-04-15,HDFCBANK,1.0,0.5015557408332825,SEARCH_FOLD_A,0.5015557408332825
2019-04-15,2019-04-16,HDFCBANK,1.0,0.5008741617202759,SEARCH_FOLD_A,0.5008741617202759
2019-04-16,2019-04-18,HDFCBANK,0.0,0.5006612539291382,SEARCH_FOLD_A,0.5006612539291382
2019-04-18,2019-04-22,HDFCBANK,0.0,0.5009511113166809,SEARCH_FOLD_A,0.5009511113166809
2019-04-22,2019-04-23,HDFCBANK,0.0,0.5008832216262817,SEARCH_FOLD_A,0.5008832216262817
2019-04-23,2019-04-24,HDFCBANK,1.0,0.5009856820106506,SEARCH_FOLD_A,0.5009856820106506
2019-04-24,2019-04-25,HDFCBANK,0.0,0.50083327293396,SEARCH_FOLD_A,0.50083327293396
2019-04-25,2019-04-26,HDFCBANK,1.0,0.5006876587867737,SEARCH_FOLD_A,0.5006876587867737
2019-04-26,2019-04-30,HDFCBANK,1.0,0.5007643699645996,SEARCH_FOLD_A,0.5007643699645996
2019-04-30,2019-05-02,HDFCBANK,1.0,0.5005303621292114,SEARCH_FOLD_A,0.5005303621292114
2019-05-02,2019-05-03,HDFCBANK,1.0,0.4998347163200378,SEARCH_FOLD_A,0.5001652836799622
2019-05-03,2019-05-06,HDFCBANK,0.0,0.4988530874252319,SEARCH_FOLD_A,0.5011469125747681
2019-05-06,2019-05-07,HDFCBANK,0.0,0.4980432987213135,SEARCH_FOLD_A,0.5019567012786865
2019-05-07,2019-05-08,HDFCBANK,0.0,0.4971421658992767,SEARCH_FOLD_A,0.5028578341007233
2019-05-08,2019-05-09,HDFCBANK,0.0,0.4962532818317413,SEARCH_FOLD_A,0.5037467181682587
2019-05-09,2019-05-10,HDFCBANK,1.0,0.4954476356506347,SEARCH_FOLD_A,0.5045523643493652
2019-05-10,2019-05-13,HDFCBANK,0.0,0.4940899610519409,SEARCH_FOLD_A,0.5059100389480591
2019-05-13,2019-05-14,HDFCBANK,1.0,0.4926624000072479,SEARCH_FOLD_A,0.5073375999927521
2019-05-14,2019-05-15,HDFCBANK,0.0,0.4916733503341675,SEARCH_FOLD_A,0.5083266496658325
2019-05-15,2019-05-16,HDFCBANK,1.0,0.4903586804866791,SEARCH_FOLD_A,0.5096413195133209
2019-05-16,2019-05-17,HDFCBANK,1.0,0.4893972873687744,SEARCH_FOLD_A,0.5106027126312256
2019-05-17,2019-05-20,HDFCBANK,1.0,0.4886897504329681,SEARCH_FOLD_A,0.5113102495670319
2019-05-20,2019-05-21,HDFCBANK,0.0,0.4881103634834289,SEARCH_FOLD_A,0.511889636516571
2019-05-21,2019-05-22,HDFCBANK,1.0,0.4878615736961365,SEARCH_FOLD_A,0.5121384263038635
2019-05-22,2019-05-23,HDFCBANK,0.0,0.4879452288150787,SEARCH_FOLD_A,0.5120547711849213
2019-05-23,2019-05-24,HDFCBANK,1.0,0.4881672263145447,SEARCH_FOLD_A,0.5118327736854553
2019-05-24,2019-05-27,HDFCBANK,1.0,0.488545298576355,SEARCH_FOLD_A,0.511454701423645
2019-05-27,2019-05-28,HDFCBANK,1.0,0.4890730381011963,SEARCH_FOLD_A,0.5109269618988037
2019-05-28,2019-05-29,HDFCBANK,1.0,0.4907574951648712,SEARCH_FOLD_A,0.5092425048351288
2019-05-29,2019-05-30,HDFCBANK,1.0,0.491974264383316,SEARCH_FOLD_A,0.508025735616684
2019-05-30,2019-05-31,HDFCBANK,0.0,0.4939828813076019,SEARCH_FOLD_A,0.5060171186923981
2019-05-31,2019-06-03,HDFCBANK,1.0,0.4958410561084747,SEARCH_FOLD_A,0.5041589438915253
2019-06-03,2019-06-04,HDFCBANK,0.0,0.4976056516170501,SEARCH_FOLD_A,0.5023943483829498
2019-06-04,2019-06-06,HDFCBANK,0.0,0.4993639886379242,SEARCH_FOLD_A,0.5006360113620758
2019-06-06,2019-06-07,HDFCBANK,1.0,0.5013467669487,SEARCH_FOLD_A,0.5013467669487
2019-06-07,2019-06-10,HDFCBANK,0.0,0.5036579370498657,SEARCH_FOLD_A,0.5036579370498657
2019-06-10,2019-06-11,HDFCBANK,1.0,0.5054716467857361,SEARCH_FOLD_A,0.5054716467857361
2019-06-11,2019-06-12,HDFCBANK,0.0,0.5077127814292908,SEARCH_FOLD_A,0.5077127814292908
2019-06-12,2019-06-13,HDFCBANK,1.0,0.510114848613739,SEARCH_FOLD_A,0.510114848613739
2019-06-13,2019-06-14,HDFCBANK,0.0,0.5123257040977478,SEARCH_FOLD_A,0.5123257040977478
2019-06-14,2019-06-17,HDFCBANK,0.0,0.5141990184783936,SEARCH_FOLD_A,0.5141990184783936
2019-06-17,2019-06-18,HDFCBANK,0.0,0.5156068801879883,SEARCH_FOLD_A,0.5156068801879883
2019-06-18,2019-06-19,HDFCBANK,1.0,0.5159766674041748,SEARCH_FOLD_A,0.5159766674041748
2019-06-19,2019-06-20,HDFCBANK,0.0,0.5160345435142517,SEARCH_FOLD_A,0.5160345435142517
2019-06-20,2019-06-21,HDFCBANK,0.0,0.5158634185791016,SEARCH_FOLD_A,0.5158634185791016
2019-06-21,2019-06-24,HDFCBANK,1.0,0.5156304836273193,SEARCH_FOLD_A,0.5156304836273193
2019-06-24,2019-06-25,HDFCBANK,1.0,0.5154054760932922,SEARCH_FOLD_A,0.5154054760932922
2019-06-25,2019-06-26,HDFCBANK,1.0,0.5151165723800659,SEARCH_FOLD_A,0.5151165723800659
2019-06-26,2019-06-27,HDFCBANK,0.0,0.5158924460411072,SEARCH_FOLD_A,0.5158924460411072
2019-06-27,2019-06-28,HDFCBANK,0.0,0.5171365737915039,SEARCH_FOLD_A,0.5171365737915039
2019-06-28,2019-07-01,HDFCBANK,1.0,0.5188846588134766,SEARCH_FOLD_A,0.5188846588134766
2019-07-01,2019-07-02,HDFCBANK,1.0,0.521390438079834,SEARCH_FOLD_A,0.521390438079834
2019-07-02,2019-07-03,HDFCBANK,0.0,0.5232014060020447,SEARCH_FOLD_A,0.5232014060020447
2019-07-03,2019-07-04,HDFCBANK,0.0,0.5225160717964172,SEARCH_FOLD_A,0.5225160717964172
2019-07-04,2019-07-05,HDFCBANK,0.0,0.5216414928436279,SEARCH_FOLD_A,0.5216414928436279
2019-07-05,2019-07-08,HDFCBANK,0.0,0.516828179359436,SEARCH_FOLD_A,0.516828179359436
2019-07-08,2019-07-09,HDFCBANK,0.0,0.5127099752426147,SEARCH_FOLD_A,0.5127099752426147
2019-07-09,2019-07-10,HDFCBANK,1.0,0.5092396140098572,SEARCH_FOLD_A,0.5092396140098572
2019-07-10,2019-07-11,HDFCBANK,1.0,0.5057063698768616,SEARCH_FOLD_A,0.5057063698768616
2019-07-11,2019-07-12,HDFCBANK,0.0,0.5024927854537964,SEARCH_FOLD_A,0.5024927854537964
2019-07-12,2019-07-15,HDFCBANK,1.0,0.4995187520980835,SEARCH_FOLD_A,0.5004812479019165
2019-07-15,2019-07-16,HDFCBANK,0.0,0.4961821436882019,SEARCH_FOLD_A,0.5038178563117981
2019-07-16,2019-07-17,HDFCBANK,1.0,0.4934961795806885,SEARCH_FOLD_A,0.5065038204193115
2019-07-17,2019-07-18,HDFCBANK,1.0,0.4903354048728943,SEARCH_FOLD_A,0.5096645951271057
2019-07-18,2019-07-19,HDFCBANK,0.0,0.4869873225688934,SEARCH_FOLD_A,0.5130126774311066
2019-07-19,2019-07-22,HDFCBANK,0.0,0.4838476479053497,SEARCH_FOLD_A,0.5161523520946503
2019-07-22,2019-07-23,HDFCBANK,0.0,0.480548083782196,SEARCH_FOLD_A,0.519451916217804
2019-07-23,2019-07-24,HDFCBANK,1.0,0.4773001372814178,SEARCH_FOLD_A,0.5226998627185822
2019-07-24,2019-07-25,HDFCBANK,1.0,0.4740872681140899,SEARCH_FOLD_A,0.52591273188591
2019-07-25,2019-07-26,HDFCBANK,0.0,0.4709554612636566,SEARCH_FOLD_A,0.5290445387363434
2019-07-26,2019-07-29,HDFCBANK,0.0,0.4681259989738464,SEARCH_FOLD_A,0.5318740010261536
2019-07-29,2019-07-30,HDFCBANK,1.0,0.4659456610679626,SEARCH_FOLD_A,0.5340543389320374
2019-07-30,2019-07-31,HDFCBANK,0.0,0.4647542536258697,SEARCH_FOLD_A,0.5352457463741302
2019-07-31,2019-08-01,HDFCBANK,0.0,0.4636170566082001,SEARCH_FOLD_A,0.5363829433917999
2019-08-01,2019-08-02,HDFCBANK,0.0,0.4625867903232574,SEARCH_FOLD_A,0.5374132096767426
2019-08-02,2019-08-05,HDFCBANK,0.0,0.4626734256744385,SEARCH_FOLD_A,0.5373265743255615
2019-08-05,2019-08-06,HDFCBANK,1.0,0.4629480838775635,SEARCH_FOLD_A,0.5370519161224365
2019-08-06,2019-08-07,HDFCBANK,0.0,0.4634329974651336,SEARCH_FOLD_A,0.5365670025348663
2019-08-07,2019-08-08,HDFCBANK,1.0,0.4633746147155761,SEARCH_FOLD_A,0.5366253852844238
2019-08-08,2019-08-09,HDFCBANK,1.0,0.4636845588684082,SEARCH_FOLD_A,0.5363154411315918
2019-08-09,2019-08-13,HDFCBANK,0.0,0.4645434319972992,SEARCH_FOLD_A,0.5354565680027008
2019-08-13,2019-08-14,HDFCBANK,1.0,0.465226411819458,SEARCH_FOLD_A,0.534773588180542
2019-08-14,2019-08-16,HDFCBANK,0.0,0.4663078486919403,SEARCH_FOLD_A,0.5336921513080597
2019-08-16,2019-08-19,HDFCBANK,0.0,0.4677932560443878,SEARCH_FOLD_A,0.5322067439556122
2019-08-19,2019-08-20,HDFCBANK,1.0,0.4698234796524048,SEARCH_FOLD_A,0.5301765203475952
2019-08-20,2019-08-21,HDFCBANK,1.0,0.4721963107585907,SEARCH_FOLD_A,0.5278036892414093
2019-08-21,2019-08-22,HDFCBANK,0.0,0.4748605787754059,SEARCH_FOLD_A,0.5251394212245941
2019-08-22,2019-08-23,HDFCBANK,0.0,0.4779691994190216,SEARCH_FOLD_A,0.5220308005809784
2019-08-23,2019-08-26,HDFCBANK,1.0,0.4810725450515747,SEARCH_FOLD_A,0.5189274549484253
2019-08-26,2019-08-27,HDFCBANK,1.0,0.4843283593654632,SEARCH_FOLD_A,0.5156716406345367
2019-08-27,2019-08-28,HDFCBANK,0.0,0.4882603585720062,SEARCH_FOLD_A,0.5117396414279938
2019-08-28,2019-08-29,HDFCBANK,0.0,0.4923462867736816,SEARCH_FOLD_A,0.5076537132263184
2019-08-29,2019-08-30,HDFCBANK,1.0,0.4967476725578308,SEARCH_FOLD_A,0.5032523274421692
2019-08-30,2019-09-03,HDFCBANK,0.0,0.501053512096405,SEARCH_FOLD_A,0.501053512096405
2019-09-03,2019-09-04,HDFCBANK,1.0,0.5050493478775024,SEARCH_FOLD_A,0.5050493478775024
2019-09-04,2019-09-05,HDFCBANK,0.0,0.5094922184944153,SEARCH_FOLD_A,0.5094922184944153
2019-09-05,2019-09-06,HDFCBANK,1.0,0.5144738554954529,SEARCH_FOLD_A,0.5144738554954529
2019-09-06,2019-09-09,HDFCBANK,1.0,0.5195793509483337,SEARCH_FOLD_A,0.5195793509483337
2019-09-09,2019-09-11,HDFCBANK,1.0,0.5242701768875122,SEARCH_FOLD_A,0.5242701768875122
2019-09-11,2019-09-12,HDFCBANK,1.0,0.5290528535842896,SEARCH_FOLD_A,0.5290528535842896
2019-09-12,2019-09-13,HDFCBANK,0.0,0.5338086485862732,SEARCH_FOLD_A,0.5338086485862732
2019-09-13,2019-09-16,HDFCBANK,0.0,0.5389295220375061,SEARCH_FOLD_A,0.5389295220375061
2019-09-16,2019-09-17,HDFCBANK,0.0,0.5433763265609741,SEARCH_FOLD_A,0.5433763265609741
2019-09-17,2019-09-18,HDFCBANK,0.0,0.5475503206253052,SEARCH_FOLD_A,0.5475503206253052
2019-09-18,2019-09-19,HDFCBANK,1.0,0.5518081784248352,SEARCH_FOLD_A,0.5518081784248352
2019-09-19,2019-09-20,HDFCBANK,1.0,0.5558198094367981,SEARCH_FOLD_A,0.5558198094367981
2019-09-20,2019-09-23,HDFCBANK,1.0,0.5604922771453857,SEARCH_FOLD_A,0.5604922771453857
2019-09-23,2019-09-24,HDFCBANK,0.0,0.565038800239563,SEARCH_FOLD_A,0.565038800239563
2019-09-24,2019-09-25,HDFCBANK,0.0,0.5699982047080994,SEARCH_FOLD_A,0.5699982047080994
2019-09-25,2019-09-26,HDFCBANK,1.0,0.5738168358802795,SEARCH_FOLD_A,0.5738168358802795
2019-09-26,2019-09-27,HDFCBANK,1.0,0.5766557455062866,SEARCH_FOLD_A,0.5766557455062866
2019-09-27,2019-09-30,HDFCBANK,0.0,0.5795206427574158,SEARCH_FOLD_A,0.5795206427574158
2019-09-30,2019-10-01,HDFCBANK,1.0,0.5817115306854248,SEARCH_FOLD_A,0.5817115306854248
2019-10-01,2019-10-03,HDFCBANK,0.0,0.5837799310684204,SEARCH_FOLD_A,0.5837799310684204
2019-10-03,2019-10-04,HDFCBANK,0.0,0.5861039161682129,SEARCH_FOLD_A,0.5861039161682129
2019-10-04,2019-10-07,HDFCBANK,0.0,0.5883325338363647,SEARCH_FOLD_A,0.5883325338363647
2019-10-07,2019-10-09,HDFCBANK,1.0,0.5914920568466187,SEARCH_FOLD_A,0.5914920568466187
2019-10-09,2019-10-10,HDFCBANK,0.0,0.595055878162384,SEARCH_FOLD_A,0.595055878162384
2019-10-10,2019-10-11,HDFCBANK,0.0,0.5988685488700867,SEARCH_FOLD_A,0.5988685488700867
2019-10-11,2019-10-14,HDFCBANK,1.0,0.6005858182907104,SEARCH_FOLD_A,0.6005858182907104
2019-10-14,2019-10-15,HDFCBANK,1.0,0.6019698977470398,SEARCH_FOLD_A,0.6019698977470398
2019-10-15,2019-10-16,HDFCBANK,0.0,0.6032776236534119,SEARCH_FOLD_A,0.6032776236534119
2019-10-16,2019-10-17,HDFCBANK,0.0,0.6044372916221619,SEARCH_FOLD_A,0.6044372916221619
2019-10-17,2019-10-18,HDFCBANK,1.0,0.6054030656814575,SEARCH_FOLD_A,0.6054030656814575
2019-10-18,2019-10-22,HDFCBANK,1.0,0.6064789295196533,SEARCH_FOLD_A,0.6064789295196533
2019-10-22,2019-10-23,HDFCBANK,1.0,0.6071920990943909,SEARCH_FOLD_A,0.6071920990943909
2019-10-23,2019-10-24,HDFCBANK,0.0,0.6081194877624512,SEARCH_FOLD_A,0.6081194877624512
2019-10-24,2019-10-25,HDFCBANK,0.0,0.6085519790649414,SEARCH_FOLD_A,0.6085519790649414
2019-10-25,2019-10-27,HDFCBANK,1.0,0.6086825728416443,SEARCH_FOLD_A,0.6086825728416443
2019-10-27,2019-10-29,HDFCBANK,1.0,0.6091936826705933,SEARCH_FOLD_A,0.6091936826705933
2019-10-29,2019-10-30,HDFCBANK,1.0,0.6099385619163513,SEARCH_FOLD_A,0.6099385619163513
2019-10-30,2019-10-31,HDFCBANK,0.0,0.6113126277923584,SEARCH_FOLD_A,0.6113126277923584
2019-10-31,2019-11-01,HDFCBANK,1.0,0.6125596165657043,SEARCH_FOLD_A,0.6125596165657043
2019-11-01,2019-11-04,HDFCBANK,0.0,0.6140192747116089,SEARCH_FOLD_A,0.6140192747116089
2019-11-04,2019-11-05,HDFCBANK,1.0,0.6158542037010193,SEARCH_FOLD_A,0.6158542037010193
2019-11-05,2019-11-06,HDFCBANK,1.0,0.6177414059638977,SEARCH_FOLD_A,0.6177414059638977
2019-11-06,2019-11-07,HDFCBANK,1.0,0.6172344088554382,SEARCH_FOLD_A,0.6172344088554382
2019-11-07,2019-11-08,HDFCBANK,0.0,0.6156411170959473,SEARCH_FOLD_A,0.6156411170959473
2019-11-08,2019-11-11,HDFCBANK,1.0,0.6127498745918274,SEARCH_FOLD_A,0.6127498745918274
2019-11-11,2019-11-13,HDFCBANK,0.0,0.609455406665802,SEARCH_FOLD_A,0.609455406665802
2019-11-13,2019-11-14,HDFCBANK,1.0,0.605556070804596,SEARCH_FOLD_A,0.605556070804596
2019-11-14,2019-11-15,HDFCBANK,1.0,0.6010401248931885,SEARCH_FOLD_A,0.6010401248931885
2019-11-15,2019-11-18,HDFCBANK,0.0,0.5961604118347168,SEARCH_FOLD_A,0.5961604118347168
2019-11-18,2019-11-19,HDFCBANK,1.0,0.5908408761024475,SEARCH_FOLD_A,0.5908408761024475
2019-11-19,2019-11-20,HDFCBANK,1.0,0.5853751301765442,SEARCH_FOLD_A,0.5853751301765442
2019-11-20,2019-11-21,HDFCBANK,1.0,0.5800661444664001,SEARCH_FOLD_A,0.5800661444664001
2019-11-21,2019-11-22,HDFCBANK,0.0,0.5747213959693909,SEARCH_FOLD_A,0.5747213959693909
2019-11-22,2019-11-25,HDFCBANK,1.0,0.5681384205818176,SEARCH_FOLD_A,0.5681384205818176
2019-11-25,2019-11-26,HDFCBANK,1.0,0.5623549222946167,SEARCH_FOLD_A,0.5623549222946167
2019-11-26,2019-11-27,HDFCBANK,1.0,0.5561959743499756,SEARCH_FOLD_A,0.5561959743499756
2019-11-27,2019-11-28,HDFCBANK,0.0,0.549605131149292,SEARCH_FOLD_A,0.549605131149292
2019-11-28,2019-11-29,HDFCBANK,1.0,0.5418566465377808,SEARCH_FOLD_A,0.5418566465377808
2019-11-29,2019-12-02,HDFCBANK,0.0,0.5336360335350037,SEARCH_FOLD_A,0.5336360335350037
2019-12-02,2019-12-03,HDFCBANK,0.0,0.524002194404602,SEARCH_FOLD_A,0.524002194404602
2019-12-03,2019-12-04,HDFCBANK,0.0,0.5116873979568481,SEARCH_FOLD_A,0.5116873979568481
2019-12-04,2019-12-05,HDFCBANK,0.0,0.4989868700504303,SEARCH_FOLD_A,0.5010131299495697
2019-12-05,2019-12-06,HDFCBANK,1.0,0.4937877058982849,SEARCH_FOLD_A,0.5062122941017151
2019-12-06,2019-12-09,HDFCBANK,0.0,0.4910003840923309,SEARCH_FOLD_A,0.5089996159076691
2019-12-09,2019-12-10,HDFCBANK,1.0,0.4879979789257049,SEARCH_FOLD_A,0.512002021074295
2019-12-10,2019-12-11,HDFCBANK,0.0,0.4848135113716125,SEARCH_FOLD_A,0.5151864886283875
2019-12-11,2019-12-12,HDFCBANK,1.0,0.4817015528678894,SEARCH_FOLD_A,0.5182984471321106
2019-12-12,2019-12-13,HDFCBANK,1.0,0.4784237742424011,SEARCH_FOLD_A,0.5215762257575989
2019-12-13,2019-12-16,HDFCBANK,0.0,0.4753801822662353,SEARCH_FOLD_A,0.5246198177337646
2019-12-16,2019-12-17,HDFCBANK,1.0,0.4724069237709045,SEARCH_FOLD_A,0.5275930762290955
2019-12-17,2019-12-18,HDFCBANK,1.0,0.470026433467865,SEARCH_FOLD_A,0.529973566532135
2019-12-18,2019-12-19,HDFCBANK,0.0,0.4686543345451355,SEARCH_FOLD_A,0.5313456654548645
2019-12-19,2019-12-20,HDFCBANK,1.0,0.467082679271698,SEARCH_FOLD_A,0.532917320728302
2019-12-20,2019-12-23,HDFCBANK,1.0,0.4663429260253906,SEARCH_FOLD_A,0.5336570739746094
2019-12-23,2019-12-24,HDFCBANK,0.0,0.4662748873233795,SEARCH_FOLD_A,0.5337251126766205
2019-12-24,2019-12-26,HDFCBANK,0.0,0.4662203192710876,SEARCH_FOLD_A,0.5337796807289124
2019-12-26,2019-12-27,HDFCBANK,1.0,0.4662325978279114,SEARCH_FOLD_A,0.5337674021720886
2019-12-27,2019-12-30,HDFCBANK,1.0,0.4662813246250152,SEARCH_FOLD_A,0.5337186753749847
2019-12-30,2019-12-31,HDFCBANK,0.0,0.4662764072418213,SEARCH_FOLD_A,0.5337235927581787
2019-01-01,2019-01-02,ITC,0.0,0.4750403165817261,SEARCH_FOLD_A,0.5249596834182739
2019-01-02,2019-01-03,ITC,0.0,0.4752587676048279,SEARCH_FOLD_A,0.5247412323951721
2019-01-03,2019-01-04,ITC,1.0,0.4753051996231079,SEARCH_FOLD_A,0.5246948003768921
2019-01-04,2019-01-07,ITC,1.0,0.4752283990383148,SEARCH_FOLD_A,0.5247716009616852
2019-01-07,2019-01-08,ITC,1.0,0.4751335382461548,SEARCH_FOLD_A,0.5248664617538452
2019-01-08,2019-01-09,ITC,1.0,0.4753104746341705,SEARCH_FOLD_A,0.5246895253658295
2019-01-09,2019-01-10,ITC,0.0,0.4752598404884338,SEARCH_FOLD_A,0.5247401595115662
2019-01-10,2019-01-11,ITC,1.0,0.4750452935695648,SEARCH_FOLD_A,0.5249547064304352
2019-01-11,2019-01-14,ITC,0.0,0.475048303604126,SEARCH_FOLD_A,0.524951696395874
2019-01-14,2019-01-15,ITC,1.0,0.474748432636261,SEARCH_FOLD_A,0.525251567363739
2019-01-15,2019-01-16,ITC,0.0,0.4742179214954376,SEARCH_FOLD_A,0.5257820785045624
2019-01-16,2019-01-17,ITC,0.0,0.473505437374115,SEARCH_FOLD_A,0.526494562625885
2019-01-17,2019-01-18,ITC,0.0,0.4725090861320495,SEARCH_FOLD_A,0.5274909138679504
2019-01-18,2019-01-21,ITC,0.0,0.4713436067104339,SEARCH_FOLD_A,0.528656393289566
2019-01-21,2019-01-22,ITC,0.0,0.4702251553535461,SEARCH_FOLD_A,0.5297748446464539
2019-01-22,2019-01-23,ITC,0.0,0.4688784778118133,SEARCH_FOLD_A,0.5311215221881866
2019-01-23,2019-01-24,ITC,1.0,0.4679329693317413,SEARCH_FOLD_A,0.5320670306682587
2019-01-24,2019-01-25,ITC,1.0,0.4671425521373749,SEARCH_FOLD_A,0.5328574478626251
2019-01-25,2019-01-28,ITC,0.0,0.4665488600730896,SEARCH_FOLD_A,0.5334511399269104
2019-01-28,2019-01-29,ITC,1.0,0.4660058617591858,SEARCH_FOLD_A,0.5339941382408142
2019-01-29,2019-01-30,ITC,0.0,0.4659038484096527,SEARCH_FOLD_A,0.5340961515903473
2019-01-30,2019-01-31,ITC,1.0,0.4657825529575348,SEARCH_FOLD_A,0.5342174470424652
2019-01-31,2019-02-01,ITC,1.0,0.4661101102828979,SEARCH_FOLD_A,0.533889889717102
2019-02-01,2019-02-04,ITC,0.0,0.4662413597106933,SEARCH_FOLD_A,0.5337586402893066
2019-02-04,2019-02-05,ITC,0.0,0.4661877155303955,SEARCH_FOLD_A,0.5338122844696045
2019-02-05,2019-02-06,ITC,1.0,0.4662122726440429,SEARCH_FOLD_A,0.533787727355957
2019-02-06,2019-02-07,ITC,1.0,0.4662688374519348,SEARCH_FOLD_A,0.5337311625480652
2019-02-07,2019-02-08,ITC,0.0,0.4665992856025696,SEARCH_FOLD_A,0.5334007143974304
2019-02-08,2019-02-11,ITC,1.0,0.4670569896697998,SEARCH_FOLD_A,0.5329430103302002
2019-02-11,2019-02-12,ITC,0.0,0.4673732221126556,SEARCH_FOLD_A,0.5326267778873444
2019-02-12,2019-02-14,ITC,1.0,0.4677231013774872,SEARCH_FOLD_A,0.5322768986225128
2019-02-14,2019-02-15,ITC,1.0,0.4680787622928619,SEARCH_FOLD_A,0.5319212377071381
2019-02-15,2019-02-18,ITC,0.0,0.4682324826717376,SEARCH_FOLD_A,0.5317675173282623
2019-02-18,2019-02-19,ITC,1.0,0.4685060381889343,SEARCH_FOLD_A,0.5314939618110657
2019-02-19,2019-02-20,ITC,0.0,0.4687958061695099,SEARCH_FOLD_A,0.5312041938304901
2019-02-20,2019-02-21,ITC,0.0,0.4691684544086456,SEARCH_FOLD_A,0.5308315455913544
2019-02-21,2019-02-22,ITC,0.0,0.4699947834014892,SEARCH_FOLD_A,0.5300052165985107
2019-02-22,2019-02-25,ITC,1.0,0.4708198308944702,SEARCH_FOLD_A,0.5291801691055298
2019-02-25,2019-02-26,ITC,0.0,0.4720298051834106,SEARCH_FOLD_A,0.5279701948165894
2019-02-26,2019-02-27,ITC,0.0,0.4729663133621216,SEARCH_FOLD_A,0.5270336866378784
2019-02-27,2019-02-28,ITC,1.0,0.4740923047065735,SEARCH_FOLD_A,0.5259076952934265
2019-02-28,2019-03-01,ITC,1.0,0.4750307500362396,SEARCH_FOLD_A,0.5249692499637604
2019-03-01,2019-03-05,ITC,1.0,0.4759685099124908,SEARCH_FOLD_A,0.5240314900875092
2019-03-05,2019-03-06,ITC,1.0,0.4766639173030853,SEARCH_FOLD_A,0.5233360826969147
2019-03-06,2019-03-07,ITC,1.0,0.4770825803279876,SEARCH_FOLD_A,0.5229174196720123
2019-03-07,2019-03-08,ITC,1.0,0.4772994220256805,SEARCH_FOLD_A,0.5227005779743195
2019-03-08,2019-03-11,ITC,1.0,0.4771464169025421,SEARCH_FOLD_A,0.5228535830974579
2019-03-11,2019-03-12,ITC,1.0,0.4768756031990051,SEARCH_FOLD_A,0.5231243968009949
2019-03-12,2019-03-13,ITC,1.0,0.4761616289615631,SEARCH_FOLD_A,0.5238383710384369
2019-03-13,2019-03-14,ITC,1.0,0.4751179814338684,SEARCH_FOLD_A,0.5248820185661316
2019-03-14,2019-03-15,ITC,0.0,0.4741077721118927,SEARCH_FOLD_A,0.5258922278881073
2019-03-15,2019-03-18,ITC,1.0,0.4730084538459778,SEARCH_FOLD_A,0.5269915461540222
2019-03-18,2019-03-19,ITC,1.0,0.4720794260501861,SEARCH_FOLD_A,0.5279205739498138
2019-03-19,2019-03-20,ITC,0.0,0.4712658822536468,SEARCH_FOLD_A,0.5287341177463531
2019-03-20,2019-03-22,ITC,0.0,0.4700244963169098,SEARCH_FOLD_A,0.5299755036830902
2019-03-22,2019-03-25,ITC,0.0,0.4686826765537262,SEARCH_FOLD_A,0.5313173234462738
2019-03-25,2019-03-26,ITC,0.0,0.4675023555755615,SEARCH_FOLD_A,0.5324976444244385
2019-03-26,2019-03-27,ITC,0.0,0.4664168655872345,SEARCH_FOLD_A,0.5335831344127655
2019-03-27,2019-03-28,ITC,1.0,0.4651413261890411,SEARCH_FOLD_A,0.5348586738109589
2019-03-28,2019-04-01,ITC,0.0,0.4639591574668884,SEARCH_FOLD_A,0.5360408425331116
2019-04-01,2019-04-02,ITC,1.0,0.4627227485179901,SEARCH_FOLD_A,0.5372772514820099
2019-04-02,2019-04-03,ITC,0.0,0.4616599977016449,SEARCH_FOLD_A,0.5383400022983551
2019-04-03,2019-04-04,ITC,0.0,0.4610727429389953,SEARCH_FOLD_A,0.5389272570610046
2019-04-04,2019-04-05,ITC,0.0,0.460330069065094,SEARCH_FOLD_A,0.539669930934906
2019-04-05,2019-04-08,ITC,0.0,0.4596683979034424,SEARCH_FOLD_A,0.5403316020965576
2019-04-08,2019-04-09,ITC,1.0,0.4586198329925537,SEARCH_FOLD_A,0.5413801670074463
2019-04-09,2019-04-10,ITC,0.0,0.4575698673725128,SEARCH_FOLD_A,0.5424301326274872
2019-04-10,2019-04-11,ITC,1.0,0.456548124551773,SEARCH_FOLD_A,0.5434518754482269
2019-04-11,2019-04-12,ITC,1.0,0.4560084939002991,SEARCH_FOLD_A,0.5439915060997009
2019-04-12,2019-04-15,ITC,0.0,0.4549720883369446,SEARCH_FOLD_A,0.5450279116630554
2019-04-15,2019-04-16,ITC,1.0,0.4538779258728027,SEARCH_FOLD_A,0.5461220741271973
2019-04-16,2019-04-18,ITC,0.0,0.4531984329223633,SEARCH_FOLD_A,0.5468015670776367
2019-04-18,2019-04-22,ITC,0.0,0.4521231651306152,SEARCH_FOLD_A,0.5478768348693848
2019-04-22,2019-04-23,ITC,1.0,0.4513880312442779,SEARCH_FOLD_A,0.548611968755722
2019-04-23,2019-04-24,ITC,1.0,0.4509292542934418,SEARCH_FOLD_A,0.5490707457065582
2019-04-24,2019-04-25,ITC,0.0,0.4505105912685394,SEARCH_FOLD_A,0.5494894087314606
2019-04-25,2019-04-26,ITC,1.0,0.4501230418682098,SEARCH_FOLD_A,0.5498769581317902
2019-04-26,2019-04-30,ITC,0.0,0.4498254656791687,SEARCH_FOLD_A,0.5501745343208313
2019-04-30,2019-05-02,ITC,1.0,0.4496376812458038,SEARCH_FOLD_A,0.5503623187541962
2019-05-02,2019-05-03,ITC,0.0,0.4494390785694122,SEARCH_FOLD_A,0.5505609214305878
2019-05-03,2019-05-06,ITC,1.0,0.449267715215683,SEARCH_FOLD_A,0.550732284784317
2019-05-06,2019-05-07,ITC,0.0,0.4490551948547363,SEARCH_FOLD_A,0.5509448051452637
2019-05-07,2019-05-08,ITC,0.0,0.4488791227340698,SEARCH_FOLD_A,0.5511208772659302
2019-05-08,2019-05-09,ITC,0.0,0.4490565061569214,SEARCH_FOLD_A,0.5509434938430786
2019-05-09,2019-05-10,ITC,0.0,0.4492509663105011,SEARCH_FOLD_A,0.5507490336894989
2019-05-10,2019-05-13,ITC,0.0,0.4494231939315796,SEARCH_FOLD_A,0.5505768060684204
2019-05-13,2019-05-14,ITC,1.0,0.4495841562747955,SEARCH_FOLD_A,0.5504158437252045
2019-05-14,2019-05-15,ITC,1.0,0.449779748916626,SEARCH_FOLD_A,0.550220251083374
2019-05-15,2019-05-16,ITC,0.0,0.4499425888061523,SEARCH_FOLD_A,0.5500574111938477
2019-05-16,2019-05-17,ITC,1.0,0.4505369961261749,SEARCH_FOLD_A,0.5494630038738251
2019-05-17,2019-05-20,ITC,1.0,0.4507702887058258,SEARCH_FOLD_A,0.5492297112941742
2019-05-20,2019-05-21,ITC,0.0,0.4510428309440613,SEARCH_FOLD_A,0.5489571690559387
2019-05-21,2019-05-22,ITC,0.0,0.4511511921882629,SEARCH_FOLD_A,0.5488488078117371
2019-05-22,2019-05-23,ITC,0.0,0.4511473774909973,SEARCH_FOLD_A,0.5488526225090027
2019-05-23,2019-05-24,ITC,1.0,0.4511879980564117,SEARCH_FOLD_A,0.5488120019435883
2019-05-24,2019-05-27,ITC,1.0,0.4511102437973022,SEARCH_FOLD_A,0.5488897562026978
2019-05-27,2019-05-28,ITC,0.0,0.4512946009635925,SEARCH_FOLD_A,0.5487053990364075
2019-05-28,2019-05-29,ITC,0.0,0.4514404237270355,SEARCH_FOLD_A,0.5485595762729645
2019-05-29,2019-05-30,ITC,1.0,0.4518462121486664,SEARCH_FOLD_A,0.5481537878513336
2019-05-30,2019-05-31,ITC,0.0,0.4528612494468689,SEARCH_FOLD_A,0.5471387505531311
2019-05-31,2019-06-03,ITC,0.0,0.4538676142692566,SEARCH_FOLD_A,0.5461323857307434
2019-06-03,2019-06-04,ITC,1.0,0.4550045728683471,SEARCH_FOLD_A,0.5449954271316528
2019-06-04,2019-06-06,ITC,0.0,0.4560681879520416,SEARCH_FOLD_A,0.5439318120479584
2019-06-06,2019-06-07,ITC,0.0,0.4570890665054321,SEARCH_FOLD_A,0.5429109334945679
2019-06-07,2019-06-10,ITC,1.0,0.4582859873771667,SEARCH_FOLD_A,0.5417140126228333
2019-06-10,2019-06-11,ITC,1.0,0.4596768617630005,SEARCH_FOLD_A,0.5403231382369995
2019-06-11,2019-06-12,ITC,1.0,0.4611806571483612,SEARCH_FOLD_A,0.5388193428516388
2019-06-12,2019-06-13,ITC,1.0,0.4624886512756347,SEARCH_FOLD_A,0.5375113487243652
2019-06-13,2019-06-14,ITC,0.0,0.463748425245285,SEARCH_FOLD_A,0.536251574754715
2019-06-14,2019-06-17,ITC,0.0,0.4651179015636444,SEARCH_FOLD_A,0.5348820984363556
2019-06-17,2019-06-18,ITC,1.0,0.4664367735385895,SEARCH_FOLD_A,0.5335632264614105
2019-06-18,2019-06-19,ITC,1.0,0.467862069606781,SEARCH_FOLD_A,0.532137930393219
2019-06-19,2019-06-20,ITC,0.0,0.4690811932086944,SEARCH_FOLD_A,0.5309188067913055
2019-06-20,2019-06-21,ITC,0.0,0.4702107012271881,SEARCH_FOLD_A,0.5297892987728119
2019-06-21,2019-06-24,ITC,1.0,0.4713033139705658,SEARCH_FOLD_A,0.5286966860294342
2019-06-24,2019-06-25,ITC,1.0,0.4722281396389007,SEARCH_FOLD_A,0.5277718603610992
2019-06-25,2019-06-26,ITC,0.0,0.4730596542358398,SEARCH_FOLD_A,0.5269403457641602
2019-06-26,2019-06-27,ITC,0.0,0.4739634096622467,SEARCH_FOLD_A,0.5260365903377533
2019-06-27,2019-06-28,ITC,1.0,0.474917858839035,SEARCH_FOLD_A,0.525082141160965
2019-06-28,2019-07-01,ITC,1.0,0.4756247997283935,SEARCH_FOLD_A,0.5243752002716064
2019-07-01,2019-07-02,ITC,0.0,0.4767147302627563,SEARCH_FOLD_A,0.5232852697372437
2019-07-02,2019-07-03,ITC,1.0,0.4781079292297363,SEARCH_FOLD_A,0.5218920707702637
2019-07-03,2019-07-04,ITC,1.0,0.4794402122497558,SEARCH_FOLD_A,0.5205597877502441
2019-07-04,2019-07-05,ITC,1.0,0.4804638028144836,SEARCH_FOLD_A,0.5195361971855164
2019-07-05,2019-07-08,ITC,0.0,0.4811695516109466,SEARCH_FOLD_A,0.5188304483890533
2019-07-08,2019-07-09,ITC,0.0,0.4816237092018127,SEARCH_FOLD_A,0.5183762907981873
2019-07-09,2019-07-10,ITC,1.0,0.482058972120285,SEARCH_FOLD_A,0.517941027879715
2019-07-10,2019-07-11,ITC,1.0,0.4825136661529541,SEARCH_FOLD_A,0.5174863338470459
2019-07-11,2019-07-12,ITC,0.0,0.4828158617019653,SEARCH_FOLD_A,0.5171841382980347
2019-07-12,2019-07-15,ITC,0.0,0.4831832349300384,SEARCH_FOLD_A,0.5168167650699615
2019-07-15,2019-07-16,ITC,1.0,0.4834737479686737,SEARCH_FOLD_A,0.5165262520313263
2019-07-16,2019-07-17,ITC,1.0,0.4837213158607483,SEARCH_FOLD_A,0.5162786841392517
2019-07-17,2019-07-18,ITC,1.0,0.4839379787445068,SEARCH_FOLD_A,0.5160620212554932
2019-07-18,2019-07-19,ITC,0.0,0.4839618802070617,SEARCH_FOLD_A,0.5160381197929382
2019-07-19,2019-07-22,ITC,0.0,0.4839187562465668,SEARCH_FOLD_A,0.5160812437534332
2019-07-22,2019-07-23,ITC,1.0,0.4841520488262176,SEARCH_FOLD_A,0.5158479511737823
2019-07-23,2019-07-24,ITC,1.0,0.4843810498714447,SEARCH_FOLD_A,0.5156189501285553
2019-07-24,2019-07-25,ITC,0.0,0.4845918118953705,SEARCH_FOLD_A,0.5154081881046295
2019-07-25,2019-07-26,ITC,1.0,0.4848204553127289,SEARCH_FOLD_A,0.5151795446872711
2019-07-26,2019-07-29,ITC,0.0,0.4849634766578674,SEARCH_FOLD_A,0.5150365233421326
2019-07-29,2019-07-30,ITC,1.0,0.4850677251815796,SEARCH_FOLD_A,0.5149322748184204
2019-07-30,2019-07-31,ITC,1.0,0.4852473139762878,SEARCH_FOLD_A,0.5147526860237122
2019-07-31,2019-08-01,ITC,0.0,0.4854090511798858,SEARCH_FOLD_A,0.5145909488201141
2019-08-01,2019-08-02,ITC,0.0,0.4855715036392212,SEARCH_FOLD_A,0.5144284963607788
2019-08-02,2019-08-05,ITC,0.0,0.4858042895793915,SEARCH_FOLD_A,0.5141957104206085
2019-08-05,2019-08-06,ITC,0.0,0.4860892295837402,SEARCH_FOLD_A,0.5139107704162598
2019-08-06,2019-08-07,ITC,0.0,0.4866338074207306,SEARCH_FOLD_A,0.5133661925792694
2019-08-07,2019-08-08,ITC,1.0,0.4871374368667602,SEARCH_FOLD_A,0.5128625631332397
2019-08-08,2019-08-09,ITC,0.0,0.4877718091011047,SEARCH_FOLD_A,0.5122281908988953
2019-08-09,2019-08-13,ITC,0.0,0.4882466793060303,SEARCH_FOLD_A,0.5117533206939697
2019-08-13,2019-08-14,ITC,1.0,0.4888242781162262,SEARCH_FOLD_A,0.5111757218837738
2019-08-14,2019-08-16,ITC,1.0,0.4894431829452514,SEARCH_FOLD_A,0.5105568170547485
2019-08-16,2019-08-19,ITC,0.0,0.4904145896434784,SEARCH_FOLD_A,0.5095854103565216
2019-08-19,2019-08-20,ITC,0.0,0.4913325011730194,SEARCH_FOLD_A,0.5086674988269806
2019-08-20,2019-08-21,ITC,0.0,0.4928261041641235,SEARCH_FOLD_A,0.5071738958358765
2019-08-21,2019-08-22,ITC,0.0,0.4939232170581817,SEARCH_FOLD_A,0.5060767829418182
2019-08-22,2019-08-23,ITC,0.0,0.494731605052948,SEARCH_FOLD_A,0.505268394947052
2019-08-23,2019-08-26,ITC,1.0,0.4956323802471161,SEARCH_FOLD_A,0.5043676197528839
2019-08-26,2019-08-27,ITC,1.0,0.4967152178287506,SEARCH_FOLD_A,0.5032847821712494
2019-08-27,2019-08-28,ITC,1.0,0.4977476596832275,SEARCH_FOLD_A,0.5022523403167725
2019-08-28,2019-08-29,ITC,0.0,0.4985131323337555,SEARCH_FOLD_A,0.5014868676662445
2019-08-29,2019-08-30,ITC,1.0,0.4993515014648437,SEARCH_FOLD_A,0.5006484985351562
2019-08-30,2019-09-03,ITC,0.0,0.5002225637435913,SEARCH_FOLD_A,0.5002225637435913
2019-09-03,2019-09-04,ITC,1.0,0.5011833906173706,SEARCH_FOLD_A,0.5011833906173706
2019-09-04,2019-09-05,ITC,1.0,0.5018768310546875,SEARCH_FOLD_A,0.5018768310546875
2019-09-05,2019-09-06,ITC,0.0,0.5024867653846741,SEARCH_FOLD_A,0.5024867653846741
2019-09-06,2019-09-09,ITC,1.0,0.5034971237182617,SEARCH_FOLD_A,0.5034971237182617
2019-09-09,2019-09-11,ITC,0.0,0.5044219493865967,SEARCH_FOLD_A,0.5044219493865967
2019-09-11,2019-09-12,ITC,0.0,0.5053015351295471,SEARCH_FOLD_A,0.5053015351295471
2019-09-12,2019-09-13,ITC,0.0,0.5061296820640564,SEARCH_FOLD_A,0.5061296820640564
2019-09-13,2019-09-16,ITC,0.0,0.5068574547767639,SEARCH_FOLD_A,0.5068574547767639
2019-09-16,2019-09-17,ITC,0.0,0.5078256726264954,SEARCH_FOLD_A,0.5078256726264954
2019-09-17,2019-09-18,ITC,1.0,0.5088935494422913,SEARCH_FOLD_A,0.5088935494422913
2019-09-18,2019-09-19,ITC,0.0,0.50970458984375,SEARCH_FOLD_A,0.50970458984375
2019-09-19,2019-09-20,ITC,1.0,0.5104382634162903,SEARCH_FOLD_A,0.5104382634162903
2019-09-20,2019-09-23,ITC,1.0,0.5108976364135742,SEARCH_FOLD_A,0.5108976364135742
2019-09-23,2019-09-24,ITC,1.0,0.5109887719154358,SEARCH_FOLD_A,0.5109887719154358
2019-09-24,2019-09-25,ITC,0.0,0.5106632113456726,SEARCH_FOLD_A,0.5106632113456726
2019-09-25,2019-09-26,ITC,1.0,0.5104109644889832,SEARCH_FOLD_A,0.5104109644889832
2019-09-26,2019-09-27,ITC,1.0,0.5099884271621704,SEARCH_FOLD_A,0.5099884271621704
2019-09-27,2019-09-30,ITC,1.0,0.509432852268219,SEARCH_FOLD_A,0.509432852268219
2019-09-30,2019-10-01,ITC,0.0,0.5087917447090149,SEARCH_FOLD_A,0.5087917447090149
2019-10-01,2019-10-03,ITC,1.0,0.508220911026001,SEARCH_FOLD_A,0.508220911026001
2019-10-03,2019-10-04,ITC,0.0,0.5075836777687073,SEARCH_FOLD_A,0.5075836777687073
2019-10-04,2019-10-07,ITC,0.0,0.5068076252937317,SEARCH_FOLD_A,0.5068076252937317
2019-10-07,2019-10-09,ITC,0.0,0.5059164762496948,SEARCH_FOLD_A,0.5059164762496948
2019-10-09,2019-10-10,ITC,0.0,0.5049891471862793,SEARCH_FOLD_A,0.5049891471862793
2019-10-10,2019-10-11,ITC,1.0,0.5040544271469116,SEARCH_FOLD_A,0.5040544271469116
2019-10-11,2019-10-14,ITC,1.0,0.5034087300300598,SEARCH_FOLD_A,0.5034087300300598
2019-10-14,2019-10-15,ITC,1.0,0.502959132194519,SEARCH_FOLD_A,0.502959132194519
2019-10-15,2019-10-16,ITC,0.0,0.5025087594985962,SEARCH_FOLD_A,0.5025087594985962
2019-10-16,2019-10-17,ITC,1.0,0.5020365715026855,SEARCH_FOLD_A,0.5020365715026855
2019-10-17,2019-10-18,ITC,1.0,0.5018518567085266,SEARCH_FOLD_A,0.5018518567085266
2019-10-18,2019-10-22,ITC,1.0,0.5015001893043518,SEARCH_FOLD_A,0.5015001893043518
2019-10-22,2019-10-23,ITC,1.0,0.5011852383613586,SEARCH_FOLD_A,0.5011852383613586
2019-10-23,2019-10-24,ITC,0.0,0.500908374786377,SEARCH_FOLD_A,0.500908374786377
2019-10-24,2019-10-25,ITC,0.0,0.5006183981895447,SEARCH_FOLD_A,0.5006183981895447
2019-10-25,2019-10-27,ITC,1.0,0.5003674030303955,SEARCH_FOLD_A,0.5003674030303955
2019-10-27,2019-10-29,ITC,1.0,0.5000120401382446,SEARCH_FOLD_A,0.5000120401382446
2019-10-29,2019-10-30,ITC,1.0,0.4995046854019165,SEARCH_FOLD_A,0.5004953145980835
2019-10-30,2019-10-31,ITC,0.0,0.4989120960235595,SEARCH_FOLD_A,0.5010879039764404
2019-10-31,2019-11-01,ITC,1.0,0.4980704486370086,SEARCH_FOLD_A,0.5019295513629913
2019-11-01,2019-11-04,ITC,0.0,0.4970577955245971,SEARCH_FOLD_A,0.5029422044754028
2019-11-04,2019-11-05,ITC,1.0,0.496219128370285,SEARCH_FOLD_A,0.503780871629715
2019-11-05,2019-11-06,ITC,0.0,0.4949757754802704,SEARCH_FOLD_A,0.5050242245197296
2019-11-06,2019-11-07,ITC,1.0,0.4947739839553833,SEARCH_FOLD_A,0.5052260160446167
2019-11-07,2019-11-08,ITC,0.0,0.4952088296413421,SEARCH_FOLD_A,0.5047911703586578
2019-11-08,2019-11-11,ITC,0.0,0.4949513673782348,SEARCH_FOLD_A,0.5050486326217651
2019-11-11,2019-11-13,ITC,0.0,0.4943934977054596,SEARCH_FOLD_A,0.5056065022945404
2019-11-13,2019-11-14,ITC,1.0,0.4940759241580963,SEARCH_FOLD_A,0.5059240758419037
2019-11-14,2019-11-15,ITC,0.0,0.4940122067928314,SEARCH_FOLD_A,0.5059877932071686
2019-11-15,2019-11-18,ITC,1.0,0.4943740367889404,SEARCH_FOLD_A,0.5056259632110596
2019-11-18,2019-11-19,ITC,0.0,0.4945830404758453,SEARCH_FOLD_A,0.5054169595241547
2019-11-19,2019-11-20,ITC,1.0,0.4951402246952057,SEARCH_FOLD_A,0.5048597753047943
2019-11-20,2019-11-21,ITC,0.0,0.4956572353839874,SEARCH_FOLD_A,0.5043427646160126
2019-11-21,2019-11-22,ITC,1.0,0.4960964620113373,SEARCH_FOLD_A,0.5039035379886627
2019-11-22,2019-11-25,ITC,1.0,0.4963489472866058,SEARCH_FOLD_A,0.5036510527133942
2019-11-25,2019-11-26,ITC,1.0,0.4964826107025146,SEARCH_FOLD_A,0.5035173892974854
2019-11-26,2019-11-27,ITC,0.0,0.496597945690155,SEARCH_FOLD_A,0.503402054309845
2019-11-27,2019-11-28,ITC,0.0,0.4965525567531585,SEARCH_FOLD_A,0.5034474432468414
2019-11-28,2019-11-29,ITC,0.0,0.4965913593769073,SEARCH_FOLD_A,0.5034086406230927
2019-11-29,2019-12-02,ITC,0.0,0.4965385794639587,SEARCH_FOLD_A,0.5034614205360413
2019-12-02,2019-12-03,ITC,0.0,0.4965948164463043,SEARCH_FOLD_A,0.5034051835536957
2019-12-03,2019-12-04,ITC,0.0,0.4966906309127807,SEARCH_FOLD_A,0.5033093690872192
2019-12-04,2019-12-05,ITC,1.0,0.4970161616802215,SEARCH_FOLD_A,0.5029838383197784
2019-12-05,2019-12-06,ITC,0.0,0.4973518550395965,SEARCH_FOLD_A,0.5026481449604034
2019-12-06,2019-12-09,ITC,0.0,0.4977343678474426,SEARCH_FOLD_A,0.5022656321525574
2019-12-09,2019-12-10,ITC,0.0,0.4983820915222168,SEARCH_FOLD_A,0.5016179084777832
2019-12-10,2019-12-11,ITC,1.0,0.4987265765666961,SEARCH_FOLD_A,0.5012734234333038
2019-12-11,2019-12-12,ITC,1.0,0.499386578798294,SEARCH_FOLD_A,0.5006134212017059
2019-12-12,2019-12-13,ITC,1.0,0.5007758140563965,SEARCH_FOLD_A,0.5007758140563965
2019-12-13,2019-12-16,ITC,0.0,0.5017649531364441,SEARCH_FOLD_A,0.5017649531364441
2019-12-16,2019-12-17,ITC,1.0,0.5029436349868774,SEARCH_FOLD_A,0.5029436349868774
2019-12-17,2019-12-18,ITC,1.0,0.5039942860603333,SEARCH_FOLD_A,0.5039942860603333
2019-12-18,2019-12-19,ITC,0.0,0.5051078796386719,SEARCH_FOLD_A,0.5051078796386719
2019-12-19,2019-12-20,ITC,0.0,0.5060684084892273,SEARCH_FOLD_A,0.5060684084892273
2019-12-20,2019-12-23,ITC,0.0,0.5073493123054504,SEARCH_FOLD_A,0.5073493123054504
2019-12-23,2019-12-24,ITC,0.0,0.5082331895828247,SEARCH_FOLD_A,0.5082331895828247
2019-12-24,2019-12-26,ITC,0.0,0.5090440511703491,SEARCH_FOLD_A,0.5090440511703491
2019-12-26,2019-12-27,ITC,1.0,0.5096297860145569,SEARCH_FOLD_A,0.5096297860145569
2019-12-27,2019-12-30,ITC,1.0,0.5102341175079346,SEARCH_FOLD_A,0.5102341175079346
2019-12-30,2019-12-31,ITC,0.0,0.510767936706543,SEARCH_FOLD_A,0.510767936706543
2019-01-01,2019-01-02,LT,0.0,0.4576115012168884,SEARCH_FOLD_A,0.5423884987831116
2019-01-02,2019-01-03,LT,0.0,0.4589017331600189,SEARCH_FOLD_A,0.5410982668399811
2019-01-03,2019-01-04,LT,0.0,0.4601501524448395,SEARCH_FOLD_A,0.5398498475551605
2019-01-04,2019-01-07,LT,0.0,0.4611900150775909,SEARCH_FOLD_A,0.5388099849224091
2019-01-07,2019-01-08,LT,0.0,0.4625444412231445,SEARCH_FOLD_A,0.5374555587768555
2019-01-08,2019-01-09,LT,1.0,0.4644748568534851,SEARCH_FOLD_A,0.5355251431465149
2019-01-09,2019-01-10,LT,1.0,0.4665871560573578,SEARCH_FOLD_A,0.5334128439426422
2019-01-10,2019-01-11,LT,0.0,0.46841561794281,SEARCH_FOLD_A,0.5315843820571899
2019-01-11,2019-01-14,LT,0.0,0.4708516299724579,SEARCH_FOLD_A,0.5291483700275421
2019-01-14,2019-01-15,LT,1.0,0.4733489751815796,SEARCH_FOLD_A,0.5266510248184204
2019-01-15,2019-01-16,LT,1.0,0.4756392538547516,SEARCH_FOLD_A,0.5243607461452484
2019-01-16,2019-01-17,LT,1.0,0.4778798222541809,SEARCH_FOLD_A,0.5221201777458191
2019-01-17,2019-01-18,LT,0.0,0.4795023500919342,SEARCH_FOLD_A,0.5204976499080658
2019-01-18,2019-01-21,LT,0.0,0.4806399345397949,SEARCH_FOLD_A,0.5193600654602051
2019-01-21,2019-01-22,LT,0.0,0.4817529916763305,SEARCH_FOLD_A,0.5182470083236694
2019-01-22,2019-01-23,LT,1.0,0.4820563793182373,SEARCH_FOLD_A,0.5179436206817627
2019-01-23,2019-01-24,LT,0.0,0.482363611459732,SEARCH_FOLD_A,0.5176363885402679
2019-01-24,2019-01-25,LT,0.0,0.4832180738449096,SEARCH_FOLD_A,0.5167819261550903
2019-01-25,2019-01-28,LT,1.0,0.4848031997680664,SEARCH_FOLD_A,0.5151968002319336
2019-01-28,2019-01-29,LT,0.0,0.4862612783908844,SEARCH_FOLD_A,0.5137387216091156
2019-01-29,2019-01-30,LT,1.0,0.4875461459159851,SEARCH_FOLD_A,0.5124538540840149
2019-01-30,2019-01-31,LT,1.0,0.4894231557846069,SEARCH_FOLD_A,0.5105768442153931
2019-01-31,2019-02-01,LT,1.0,0.4918066263198852,SEARCH_FOLD_A,0.5081933736801147
2019-02-01,2019-02-04,LT,0.0,0.4946911931037903,SEARCH_FOLD_A,0.5053088068962097
2019-02-04,2019-02-05,LT,0.0,0.49635910987854,SEARCH_FOLD_A,0.50364089012146
2019-02-05,2019-02-06,LT,1.0,0.4973401129245758,SEARCH_FOLD_A,0.5026598870754242
2019-02-06,2019-02-07,LT,0.0,0.4984526932239532,SEARCH_FOLD_A,0.5015473067760468
2019-02-07,2019-02-08,LT,0.0,0.4997544288635254,SEARCH_FOLD_A,0.5002455711364746
2019-02-08,2019-02-11,LT,0.0,0.5014627575874329,SEARCH_FOLD_A,0.5014627575874329
2019-02-11,2019-02-12,LT,1.0,0.5030827522277832,SEARCH_FOLD_A,0.5030827522277832
2019-02-12,2019-02-14,LT,0.0,0.5046368837356567,SEARCH_FOLD_A,0.5046368837356567
2019-02-14,2019-02-15,LT,1.0,0.505971372127533,SEARCH_FOLD_A,0.505971372127533
2019-02-15,2019-02-18,LT,1.0,0.5064908862113953,SEARCH_FOLD_A,0.5064908862113953
2019-02-18,2019-02-19,LT,1.0,0.5067328810691833,SEARCH_FOLD_A,0.5067328810691833
2019-02-19,2019-02-20,LT,1.0,0.5066146850585938,SEARCH_FOLD_A,0.5066146850585938
2019-02-20,2019-02-21,LT,1.0,0.5064097046852112,SEARCH_FOLD_A,0.5064097046852112
2019-02-21,2019-02-22,LT,0.0,0.5062273740768433,SEARCH_FOLD_A,0.5062273740768433
2019-02-22,2019-02-25,LT,0.0,0.5061898827552795,SEARCH_FOLD_A,0.5061898827552795
2019-02-25,2019-02-26,LT,0.0,0.5059018731117249,SEARCH_FOLD_A,0.5059018731117249
2019-02-26,2019-02-27,LT,1.0,0.5049479007720947,SEARCH_FOLD_A,0.5049479007720947
2019-02-27,2019-02-28,LT,1.0,0.5038560032844543,SEARCH_FOLD_A,0.5038560032844543
2019-02-28,2019-03-01,LT,1.0,0.5024299025535583,SEARCH_FOLD_A,0.5024299025535583
2019-03-01,2019-03-05,LT,0.0,0.5007337927818298,SEARCH_FOLD_A,0.5007337927818298
2019-03-05,2019-03-06,LT,1.0,0.4985755980014801,SEARCH_FOLD_A,0.5014244019985199
2019-03-06,2019-03-07,LT,1.0,0.497175008058548,SEARCH_FOLD_A,0.502824991941452
2019-03-07,2019-03-08,LT,0.0,0.49420365691185,SEARCH_FOLD_A,0.50579634308815
2019-03-08,2019-03-11,LT,1.0,0.4910088777542114,SEARCH_FOLD_A,0.5089911222457886
2019-03-11,2019-03-12,LT,1.0,0.4876020550727844,SEARCH_FOLD_A,0.5123979449272156
2019-03-12,2019-03-13,LT,0.0,0.4841977655887604,SEARCH_FOLD_A,0.5158022344112396
2019-03-13,2019-03-14,LT,1.0,0.4821347296237945,SEARCH_FOLD_A,0.5178652703762054
2019-03-14,2019-03-15,LT,1.0,0.4785598218441009,SEARCH_FOLD_A,0.521440178155899
2019-03-15,2019-03-18,LT,0.0,0.4749635756015777,SEARCH_FOLD_A,0.5250364243984222
2019-03-18,2019-03-19,LT,0.0,0.4730382263660431,SEARCH_FOLD_A,0.5269617736339569
2019-03-19,2019-03-20,LT,1.0,0.4707333743572235,SEARCH_FOLD_A,0.5292666256427765
2019-03-20,2019-03-22,LT,1.0,0.468334823846817,SEARCH_FOLD_A,0.531665176153183
2019-03-22,2019-03-25,LT,0.0,0.4658179879188537,SEARCH_FOLD_A,0.5341820120811462
2019-03-25,2019-03-26,LT,0.0,0.4637021720409393,SEARCH_FOLD_A,0.5362978279590607
2019-03-26,2019-03-27,LT,0.0,0.461254209280014,SEARCH_FOLD_A,0.538745790719986
2019-03-27,2019-03-28,LT,1.0,0.4585791528224945,SEARCH_FOLD_A,0.5414208471775055
2019-03-28,2019-04-01,LT,1.0,0.4556116163730621,SEARCH_FOLD_A,0.5443883836269379
2019-04-01,2019-04-02,LT,0.0,0.4523362219333648,SEARCH_FOLD_A,0.5476637780666351
2019-04-02,2019-04-03,LT,0.0,0.449806272983551,SEARCH_FOLD_A,0.550193727016449
2019-04-03,2019-04-04,LT,0.0,0.4469223320484161,SEARCH_FOLD_A,0.5530776679515839
2019-04-04,2019-04-05,LT,1.0,0.4441533982753753,SEARCH_FOLD_A,0.5558466017246246
2019-04-05,2019-04-08,LT,0.0,0.4420576393604278,SEARCH_FOLD_A,0.5579423606395721
2019-04-08,2019-04-09,LT,1.0,0.4407740831375122,SEARCH_FOLD_A,0.5592259168624878
2019-04-09,2019-04-10,LT,0.0,0.4400268197059631,SEARCH_FOLD_A,0.5599731802940369
2019-04-10,2019-04-11,LT,1.0,0.4395933151245117,SEARCH_FOLD_A,0.5604066848754883
2019-04-11,2019-04-12,LT,0.0,0.4400149285793304,SEARCH_FOLD_A,0.5599850714206696
2019-04-12,2019-04-15,LT,0.0,0.4397179782390594,SEARCH_FOLD_A,0.5602820217609406
2019-04-15,2019-04-16,LT,1.0,0.4400454759597778,SEARCH_FOLD_A,0.5599545240402222
2019-04-16,2019-04-18,LT,0.0,0.4416627287864685,SEARCH_FOLD_A,0.5583372712135315
2019-04-18,2019-04-22,LT,0.0,0.442496657371521,SEARCH_FOLD_A,0.557503342628479
2019-04-22,2019-04-23,LT,0.0,0.4434938430786133,SEARCH_FOLD_A,0.5565061569213867
2019-04-23,2019-04-24,LT,1.0,0.444564014673233,SEARCH_FOLD_A,0.555435985326767
2019-04-24,2019-04-25,LT,0.0,0.4464388787746429,SEARCH_FOLD_A,0.5535611212253571
2019-04-25,2019-04-26,LT,1.0,0.4480499625205993,SEARCH_FOLD_A,0.5519500374794006
2019-04-26,2019-04-30,LT,0.0,0.4495006799697876,SEARCH_FOLD_A,0.5504993200302124
2019-04-30,2019-05-02,LT,1.0,0.4519460201263428,SEARCH_FOLD_A,0.5480539798736572
2019-05-02,2019-05-03,LT,1.0,0.4536975920200348,SEARCH_FOLD_A,0.5463024079799652
2019-05-03,2019-05-06,LT,0.0,0.4554460644721985,SEARCH_FOLD_A,0.5445539355278015
2019-05-06,2019-05-07,LT,1.0,0.4581256210803985,SEARCH_FOLD_A,0.5418743789196014
2019-05-07,2019-05-08,LT,0.0,0.4598532617092132,SEARCH_FOLD_A,0.5401467382907867
2019-05-08,2019-05-09,LT,0.0,0.4613530933856964,SEARCH_FOLD_A,0.5386469066143036
2019-05-09,2019-05-10,LT,0.0,0.4629102051258087,SEARCH_FOLD_A,0.5370897948741913
2019-05-10,2019-05-13,LT,0.0,0.4645901918411255,SEARCH_FOLD_A,0.5354098081588745
2019-05-13,2019-05-14,LT,1.0,0.4653768837451935,SEARCH_FOLD_A,0.5346231162548065
2019-05-14,2019-05-15,LT,0.0,0.4661789238452911,SEARCH_FOLD_A,0.5338210761547089
2019-05-15,2019-05-16,LT,1.0,0.4670242965221405,SEARCH_FOLD_A,0.5329757034778595
2019-05-16,2019-05-17,LT,1.0,0.4684659540653229,SEARCH_FOLD_A,0.5315340459346771
2019-05-17,2019-05-20,LT,1.0,0.4705651104450226,SEARCH_FOLD_A,0.5294348895549774
2019-05-20,2019-05-21,LT,0.0,0.4721786677837372,SEARCH_FOLD_A,0.5278213322162628
2019-05-21,2019-05-22,LT,1.0,0.4725301265716553,SEARCH_FOLD_A,0.5274698734283447
2019-05-22,2019-05-23,LT,1.0,0.4720791578292846,SEARCH_FOLD_A,0.5279208421707153
2019-05-23,2019-05-24,LT,1.0,0.4712618589401245,SEARCH_FOLD_A,0.5287381410598755
2019-05-24,2019-05-27,LT,1.0,0.4698871672153473,SEARCH_FOLD_A,0.5301128327846527
2019-05-27,2019-05-28,LT,0.0,0.4686029255390167,SEARCH_FOLD_A,0.5313970744609833
2019-05-28,2019-05-29,LT,0.0,0.4669792652130127,SEARCH_FOLD_A,0.5330207347869873
2019-05-29,2019-05-30,LT,1.0,0.4658866226673126,SEARCH_FOLD_A,0.5341133773326874
2019-05-30,2019-05-31,LT,0.0,0.4641732573509216,SEARCH_FOLD_A,0.5358267426490784
2019-05-31,2019-06-03,LT,1.0,0.4621884822845459,SEARCH_FOLD_A,0.5378115177154541
2019-06-03,2019-06-04,LT,1.0,0.4609837532043457,SEARCH_FOLD_A,0.5390162467956543
2019-06-04,2019-06-06,LT,0.0,0.4590781331062317,SEARCH_FOLD_A,0.5409218668937683
2019-06-06,2019-06-07,LT,0.0,0.4573574960231781,SEARCH_FOLD_A,0.5426425039768219
2019-06-07,2019-06-10,LT,1.0,0.4552435874938965,SEARCH_FOLD_A,0.5447564125061035
2019-06-10,2019-06-11,LT,0.0,0.4536562263965606,SEARCH_FOLD_A,0.5463437736034393
2019-06-11,2019-06-12,LT,0.0,0.4525005519390106,SEARCH_FOLD_A,0.5474994480609894
2019-06-12,2019-06-13,LT,1.0,0.4514787495136261,SEARCH_FOLD_A,0.5485212504863739
2019-06-13,2019-06-14,LT,1.0,0.450590044260025,SEARCH_FOLD_A,0.549409955739975
2019-06-14,2019-06-17,LT,0.0,0.4501954913139343,SEARCH_FOLD_A,0.5498045086860657
2019-06-17,2019-06-18,LT,1.0,0.4502258598804474,SEARCH_FOLD_A,0.5497741401195526
2019-06-18,2019-06-19,LT,0.0,0.450411707162857,SEARCH_FOLD_A,0.5495882928371429
2019-06-19,2019-06-20,LT,1.0,0.4515293538570404,SEARCH_FOLD_A,0.5484706461429596
2019-06-20,2019-06-21,LT,0.0,0.4523989856243133,SEARCH_FOLD_A,0.5476010143756866
2019-06-21,2019-06-24,LT,1.0,0.4533263444900512,SEARCH_FOLD_A,0.5466736555099487
2019-06-24,2019-06-25,LT,0.0,0.4539710581302643,SEARCH_FOLD_A,0.5460289418697357
2019-06-25,2019-06-26,LT,1.0,0.454022467136383,SEARCH_FOLD_A,0.5459775328636169
2019-06-26,2019-06-27,LT,0.0,0.4539942145347595,SEARCH_FOLD_A,0.5460057854652405
2019-06-27,2019-06-28,LT,1.0,0.4534471333026886,SEARCH_FOLD_A,0.5465528666973114
2019-06-28,2019-07-01,LT,1.0,0.4530275464057922,SEARCH_FOLD_A,0.5469724535942078
2019-07-01,2019-07-02,LT,1.0,0.4531561434268951,SEARCH_FOLD_A,0.5468438565731049
2019-07-02,2019-07-03,LT,1.0,0.4543362259864807,SEARCH_FOLD_A,0.5456637740135193
2019-07-03,2019-07-04,LT,0.0,0.4548963010311126,SEARCH_FOLD_A,0.5451036989688873
2019-07-04,2019-07-05,LT,0.0,0.4554906487464905,SEARCH_FOLD_A,0.5445093512535095
2019-07-05,2019-07-08,LT,0.0,0.4572135210037231,SEARCH_FOLD_A,0.5427864789962769
2019-07-08,2019-07-09,LT,1.0,0.4586300551891327,SEARCH_FOLD_A,0.5413699448108673
2019-07-09,2019-07-10,LT,0.0,0.461041510105133,SEARCH_FOLD_A,0.5389584898948669
2019-07-10,2019-07-11,LT,0.0,0.4636941850185394,SEARCH_FOLD_A,0.5363058149814606
2019-07-11,2019-07-12,LT,0.0,0.4661055505275726,SEARCH_FOLD_A,0.5338944494724274
2019-07-12,2019-07-15,LT,0.0,0.4689546227455139,SEARCH_FOLD_A,0.5310453772544861
2019-07-15,2019-07-16,LT,1.0,0.4723753631114959,SEARCH_FOLD_A,0.527624636888504
2019-07-16,2019-07-17,LT,0.0,0.4758691489696502,SEARCH_FOLD_A,0.5241308510303497
2019-07-17,2019-07-18,LT,0.0,0.4801816344261169,SEARCH_FOLD_A,0.5198183655738831
2019-07-18,2019-07-19,LT,0.0,0.4829339981079101,SEARCH_FOLD_A,0.5170660018920898
2019-07-19,2019-07-22,LT,0.0,0.4850732386112213,SEARCH_FOLD_A,0.5149267613887787
2019-07-22,2019-07-23,LT,1.0,0.4870590269565582,SEARCH_FOLD_A,0.5129409730434418
2019-07-23,2019-07-24,LT,0.0,0.4889424741268158,SEARCH_FOLD_A,0.5110575258731842
2019-07-24,2019-07-25,LT,0.0,0.4901500344276428,SEARCH_FOLD_A,0.5098499655723572
2019-07-25,2019-07-26,LT,1.0,0.4914416372776031,SEARCH_FOLD_A,0.5085583627223969
2019-07-26,2019-07-29,LT,0.0,0.4927586019039154,SEARCH_FOLD_A,0.5072413980960846
2019-07-29,2019-07-30,LT,1.0,0.4932096898555755,SEARCH_FOLD_A,0.5067903101444244
2019-07-30,2019-07-31,LT,1.0,0.4942366182804107,SEARCH_FOLD_A,0.5057633817195892
2019-07-31,2019-08-01,LT,0.0,0.495226502418518,SEARCH_FOLD_A,0.5047734975814819
2019-08-01,2019-08-02,LT,1.0,0.4975882768630981,SEARCH_FOLD_A,0.5024117231369019
2019-08-02,2019-08-05,LT,0.0,0.4994517564773559,SEARCH_FOLD_A,0.500548243522644
2019-08-05,2019-08-06,LT,1.0,0.5014684796333313,SEARCH_FOLD_A,0.5014684796333313
2019-08-06,2019-08-07,LT,0.0,0.5037925839424133,SEARCH_FOLD_A,0.5037925839424133
2019-08-07,2019-08-08,LT,1.0,0.5067415833473206,SEARCH_FOLD_A,0.5067415833473206
2019-08-08,2019-08-09,LT,1.0,0.5101494789123535,SEARCH_FOLD_A,0.5101494789123535
2019-08-09,2019-08-13,LT,0.0,0.5134938359260559,SEARCH_FOLD_A,0.5134938359260559
2019-08-13,2019-08-14,LT,1.0,0.5166113376617432,SEARCH_FOLD_A,0.5166113376617432
2019-08-14,2019-08-16,LT,1.0,0.5200005769729614,SEARCH_FOLD_A,0.5200005769729614
2019-08-16,2019-08-19,LT,1.0,0.5242726802825928,SEARCH_FOLD_A,0.5242726802825928
2019-08-19,2019-08-20,LT,0.0,0.5283162593841553,SEARCH_FOLD_A,0.5283162593841553
2019-08-20,2019-08-21,LT,0.0,0.5319382548332214,SEARCH_FOLD_A,0.5319382548332214
2019-08-21,2019-08-22,LT,0.0,0.5330881476402283,SEARCH_FOLD_A,0.5330881476402283
2019-08-22,2019-08-23,LT,0.0,0.5344037413597107,SEARCH_FOLD_A,0.5344037413597107
2019-08-23,2019-08-26,LT,1.0,0.534589946269989,SEARCH_FOLD_A,0.534589946269989
2019-08-26,2019-08-27,LT,1.0,0.5345578193664551,SEARCH_FOLD_A,0.5345578193664551
2019-08-27,2019-08-28,LT,0.0,0.5343456268310547,SEARCH_FOLD_A,0.5343456268310547
2019-08-28,2019-08-29,LT,0.0,0.5337755084037781,SEARCH_FOLD_A,0.5337755084037781
2019-08-29,2019-08-30,LT,0.0,0.5332757234573364,SEARCH_FOLD_A,0.5332757234573364
2019-08-30,2019-09-03,LT,0.0,0.532581090927124,SEARCH_FOLD_A,0.532581090927124
2019-09-03,2019-09-04,LT,1.0,0.5319640636444092,SEARCH_FOLD_A,0.5319640636444092
2019-09-04,2019-09-05,LT,1.0,0.5312679409980774,SEARCH_FOLD_A,0.5312679409980774
2019-09-05,2019-09-06,LT,1.0,0.5303844213485718,SEARCH_FOLD_A,0.5303844213485718
2019-09-06,2019-09-09,LT,1.0,0.5298557281494141,SEARCH_FOLD_A,0.5298557281494141
2019-09-09,2019-09-11,LT,1.0,0.5293703675270081,SEARCH_FOLD_A,0.5293703675270081
2019-09-11,2019-09-12,LT,0.0,0.5283987522125244,SEARCH_FOLD_A,0.5283987522125244
2019-09-12,2019-09-13,LT,1.0,0.5272198915481567,SEARCH_FOLD_A,0.5272198915481567
2019-09-13,2019-09-16,LT,0.0,0.5254577398300171,SEARCH_FOLD_A,0.5254577398300171
2019-09-16,2019-09-17,LT,0.0,0.523763120174408,SEARCH_FOLD_A,0.523763120174408
2019-09-17,2019-09-18,LT,1.0,0.522202730178833,SEARCH_FOLD_A,0.522202730178833
2019-09-18,2019-09-19,LT,0.0,0.5201869010925293,SEARCH_FOLD_A,0.5201869010925293
2019-09-19,2019-09-20,LT,1.0,0.5183016657829285,SEARCH_FOLD_A,0.5183016657829285
2019-09-20,2019-09-23,LT,1.0,0.5158878564834595,SEARCH_FOLD_A,0.5158878564834595
2019-09-23,2019-09-24,LT,0.0,0.5142017006874084,SEARCH_FOLD_A,0.5142017006874084
2019-09-24,2019-09-25,LT,0.0,0.511635959148407,SEARCH_FOLD_A,0.511635959148407
2019-09-25,2019-09-26,LT,1.0,0.5092090368270874,SEARCH_FOLD_A,0.5092090368270874
2019-09-26,2019-09-27,LT,0.0,0.5068244338035583,SEARCH_FOLD_A,0.5068244338035583
2019-09-27,2019-09-30,LT,1.0,0.5033921003341675,SEARCH_FOLD_A,0.5033921003341675
2019-09-30,2019-10-01,LT,0.0,0.5001533031463623,SEARCH_FOLD_A,0.5001533031463623
2019-10-01,2019-10-03,LT,0.0,0.4970321357250213,SEARCH_FOLD_A,0.5029678642749786
2019-10-03,2019-10-04,LT,0.0,0.4945497214794159,SEARCH_FOLD_A,0.5054502785205841
2019-10-04,2019-10-07,LT,0.0,0.4921441078186035,SEARCH_FOLD_A,0.5078558921813965
2019-10-07,2019-10-09,LT,1.0,0.4892909228801727,SEARCH_FOLD_A,0.5107090771198273
2019-10-09,2019-10-10,LT,0.0,0.4865325391292572,SEARCH_FOLD_A,0.5134674608707428
2019-10-10,2019-10-11,LT,1.0,0.4843511879444122,SEARCH_FOLD_A,0.5156488120555878
2019-10-11,2019-10-14,LT,0.0,0.4831408262252807,SEARCH_FOLD_A,0.5168591737747192
2019-10-14,2019-10-15,LT,1.0,0.4836695492267608,SEARCH_FOLD_A,0.5163304507732391
2019-10-15,2019-10-16,LT,0.0,0.4831877052783966,SEARCH_FOLD_A,0.5168122947216034
2019-10-16,2019-10-17,LT,1.0,0.4831534028053283,SEARCH_FOLD_A,0.5168465971946716
2019-10-17,2019-10-18,LT,1.0,0.4831380546092987,SEARCH_FOLD_A,0.5168619453907013
2019-10-18,2019-10-22,LT,0.0,0.4822385907173157,SEARCH_FOLD_A,0.5177614092826843
2019-10-22,2019-10-23,LT,0.0,0.4816377162933349,SEARCH_FOLD_A,0.518362283706665
2019-10-23,2019-10-24,LT,1.0,0.4816141426563263,SEARCH_FOLD_A,0.5183858573436737
2019-10-24,2019-10-25,LT,0.0,0.4819014966487884,SEARCH_FOLD_A,0.5180985033512115
2019-10-25,2019-10-27,LT,1.0,0.4836336970329284,SEARCH_FOLD_A,0.5163663029670715
2019-10-27,2019-10-29,LT,1.0,0.4853717386722564,SEARCH_FOLD_A,0.5146282613277435
2019-10-29,2019-10-30,LT,1.0,0.4868893027305603,SEARCH_FOLD_A,0.5131106972694397
2019-10-30,2019-10-31,LT,0.0,0.4881888628005981,SEARCH_FOLD_A,0.5118111371994019
2019-10-31,2019-11-01,LT,0.0,0.4885739684104919,SEARCH_FOLD_A,0.5114260315895081
2019-11-01,2019-11-04,LT,1.0,0.4879648685455322,SEARCH_FOLD_A,0.5120351314544678
2019-11-04,2019-11-05,LT,0.0,0.4872629046440124,SEARCH_FOLD_A,0.5127370953559875
2019-11-05,2019-11-06,LT,1.0,0.4861877858638763,SEARCH_FOLD_A,0.5138122141361237
2019-11-06,2019-11-07,LT,0.0,0.4878792762756347,SEARCH_FOLD_A,0.5121207237243652
2019-11-07,2019-11-08,LT,0.0,0.4913746118545532,SEARCH_FOLD_A,0.5086253881454468
2019-11-08,2019-11-11,LT,0.0,0.4923954308032989,SEARCH_FOLD_A,0.507604569196701
2019-11-11,2019-11-13,LT,0.0,0.4928631782531738,SEARCH_FOLD_A,0.5071368217468262
2019-11-13,2019-11-14,LT,0.0,0.4946775436401367,SEARCH_FOLD_A,0.5053224563598633
2019-11-14,2019-11-15,LT,0.0,0.4957891702651977,SEARCH_FOLD_A,0.5042108297348022
2019-11-15,2019-11-18,LT,0.0,0.4974729716777801,SEARCH_FOLD_A,0.5025270283222198
2019-11-18,2019-11-19,LT,1.0,0.4987182319164276,SEARCH_FOLD_A,0.5012817680835724
2019-11-19,2019-11-20,LT,1.0,0.4994126260280609,SEARCH_FOLD_A,0.5005873739719391
2019-11-20,2019-11-21,LT,1.0,0.4993368983268738,SEARCH_FOLD_A,0.5006631016731262
2019-11-21,2019-11-22,LT,0.0,0.497740626335144,SEARCH_FOLD_A,0.502259373664856
2019-11-22,2019-11-25,LT,1.0,0.4962596893310547,SEARCH_FOLD_A,0.5037403106689453
2019-11-25,2019-11-26,LT,0.0,0.4944658279418945,SEARCH_FOLD_A,0.5055341720581055
2019-11-26,2019-11-27,LT,0.0,0.4927468001842499,SEARCH_FOLD_A,0.5072531998157501
2019-11-27,2019-11-28,LT,1.0,0.4908610880374908,SEARCH_FOLD_A,0.5091389119625092
2019-11-28,2019-11-29,LT,0.0,0.4889529049396515,SEARCH_FOLD_A,0.5110470950603485
2019-11-29,2019-12-02,LT,1.0,0.4871138334274292,SEARCH_FOLD_A,0.5128861665725708
2019-12-02,2019-12-03,LT,0.0,0.4854545593261719,SEARCH_FOLD_A,0.5145454406738281
2019-12-03,2019-12-04,LT,0.0,0.4848299920558929,SEARCH_FOLD_A,0.5151700079441071
2019-12-04,2019-12-05,LT,1.0,0.4838945269584656,SEARCH_FOLD_A,0.5161054730415344
2019-12-05,2019-12-06,LT,0.0,0.4832346737384796,SEARCH_FOLD_A,0.5167653262615204
2019-12-06,2019-12-09,LT,0.0,0.4840233623981476,SEARCH_FOLD_A,0.5159766376018524
2019-12-09,2019-12-10,LT,1.0,0.4843936860561371,SEARCH_FOLD_A,0.5156063139438629
2019-12-10,2019-12-11,LT,0.0,0.4848472476005554,SEARCH_FOLD_A,0.5151527523994446
2019-12-11,2019-12-12,LT,1.0,0.4871516525745392,SEARCH_FOLD_A,0.5128483474254608
2019-12-12,2019-12-13,LT,1.0,0.4901921451091766,SEARCH_FOLD_A,0.5098078548908234
2019-12-13,2019-12-16,LT,0.0,0.4929388165473938,SEARCH_FOLD_A,0.5070611834526062
2019-12-16,2019-12-17,LT,1.0,0.4948763847351074,SEARCH_FOLD_A,0.5051236152648926
2019-12-17,2019-12-18,LT,1.0,0.4965356290340423,SEARCH_FOLD_A,0.5034643709659576
2019-12-18,2019-12-19,LT,0.0,0.4979028701782226,SEARCH_FOLD_A,0.5020971298217773
2019-12-19,2019-12-20,LT,0.0,0.4993997812271118,SEARCH_FOLD_A,0.5006002187728882
2019-12-20,2019-12-23,LT,0.0,0.4999169111251831,SEARCH_FOLD_A,0.5000830888748169
2019-12-23,2019-12-24,LT,0.0,0.4997225105762481,SEARCH_FOLD_A,0.5002774894237518
2019-12-24,2019-12-26,LT,0.0,0.4989984333515167,SEARCH_FOLD_A,0.5010015666484833
2019-12-26,2019-12-27,LT,1.0,0.4976195693016052,SEARCH_FOLD_A,0.5023804306983948
2019-12-27,2019-12-30,LT,1.0,0.4957858920097351,SEARCH_FOLD_A,0.5042141079902649
2019-12-30,2019-12-31,LT,0.0,0.4937847554683685,SEARCH_FOLD_A,0.5062152445316315
2019-01-01,2019-01-02,SUNPHARMA,1.0,0.5137006640434265,SEARCH_FOLD_A,0.5137006640434265
2019-01-02,2019-01-03,SUNPHARMA,0.0,0.5152472853660583,SEARCH_FOLD_A,0.5152472853660583
2019-01-03,2019-01-04,SUNPHARMA,0.0,0.5162983536720276,SEARCH_FOLD_A,0.5162983536720276
2019-01-04,2019-01-07,SUNPHARMA,0.0,0.51795893907547,SEARCH_FOLD_A,0.51795893907547
2019-01-07,2019-01-08,SUNPHARMA,1.0,0.5191454291343689,SEARCH_FOLD_A,0.5191454291343689
2019-01-08,2019-01-09,SUNPHARMA,1.0,0.5195019841194153,SEARCH_FOLD_A,0.5195019841194153
2019-01-09,2019-01-10,SUNPHARMA,0.0,0.5196648240089417,SEARCH_FOLD_A,0.5196648240089417
2019-01-10,2019-01-11,SUNPHARMA,0.0,0.5182614326477051,SEARCH_FOLD_A,0.5182614326477051
2019-01-11,2019-01-14,SUNPHARMA,1.0,0.5162840485572815,SEARCH_FOLD_A,0.5162840485572815
2019-01-14,2019-01-15,SUNPHARMA,1.0,0.5146268606185913,SEARCH_FOLD_A,0.5146268606185913
2019-01-15,2019-01-16,SUNPHARMA,1.0,0.5149117708206177,SEARCH_FOLD_A,0.5149117708206177
2019-01-16,2019-01-17,SUNPHARMA,0.0,0.5117276310920715,SEARCH_FOLD_A,0.5117276310920715
2019-01-17,2019-01-18,SUNPHARMA,0.0,0.5085133910179138,SEARCH_FOLD_A,0.5085133910179138
2019-01-18,2019-01-21,SUNPHARMA,1.0,0.5076342225074768,SEARCH_FOLD_A,0.5076342225074768
2019-01-21,2019-01-22,SUNPHARMA,1.0,0.5035039782524109,SEARCH_FOLD_A,0.5035039782524109
2019-01-22,2019-01-23,SUNPHARMA,1.0,0.4990368485450744,SEARCH_FOLD_A,0.5009631514549255
2019-01-23,2019-01-24,SUNPHARMA,0.0,0.4963625073432922,SEARCH_FOLD_A,0.5036374926567078
2019-01-24,2019-01-25,SUNPHARMA,0.0,0.4942529797554016,SEARCH_FOLD_A,0.5057470202445984
2019-01-25,2019-01-28,SUNPHARMA,0.0,0.4922084510326385,SEARCH_FOLD_A,0.5077915489673615
2019-01-28,2019-01-29,SUNPHARMA,1.0,0.4902964830398559,SEARCH_FOLD_A,0.509703516960144
2019-01-29,2019-01-30,SUNPHARMA,0.0,0.489184707403183,SEARCH_FOLD_A,0.510815292596817
2019-01-30,2019-01-31,SUNPHARMA,1.0,0.4896677434444427,SEARCH_FOLD_A,0.5103322565555573
2019-01-31,2019-02-01,SUNPHARMA,0.0,0.4896475076675415,SEARCH_FOLD_A,0.5103524923324585
2019-02-01,2019-02-04,SUNPHARMA,0.0,0.4905472993850708,SEARCH_FOLD_A,0.5094527006149292
2019-02-04,2019-02-05,SUNPHARMA,0.0,0.4913229346275329,SEARCH_FOLD_A,0.508677065372467
2019-02-05,2019-02-06,SUNPHARMA,1.0,0.492174357175827,SEARCH_FOLD_A,0.507825642824173
2019-02-06,2019-02-07,SUNPHARMA,1.0,0.4923593699932098,SEARCH_FOLD_A,0.5076406300067902
2019-02-07,2019-02-08,SUNPHARMA,0.0,0.4920304119586944,SEARCH_FOLD_A,0.5079695880413055
2019-02-08,2019-02-11,SUNPHARMA,0.0,0.4925614297389984,SEARCH_FOLD_A,0.5074385702610016
2019-02-11,2019-02-12,SUNPHARMA,1.0,0.4936430752277374,SEARCH_FOLD_A,0.5063569247722626
2019-02-12,2019-02-14,SUNPHARMA,1.0,0.4958636164665222,SEARCH_FOLD_A,0.5041363835334778
2019-02-14,2019-02-15,SUNPHARMA,0.0,0.498638778924942,SEARCH_FOLD_A,0.501361221075058
2019-02-15,2019-02-18,SUNPHARMA,0.0,0.5014655590057373,SEARCH_FOLD_A,0.5014655590057373
2019-02-18,2019-02-19,SUNPHARMA,0.0,0.5038278698921204,SEARCH_FOLD_A,0.5038278698921204
2019-02-19,2019-02-20,SUNPHARMA,1.0,0.5058435797691345,SEARCH_FOLD_A,0.5058435797691345
2019-02-20,2019-02-21,SUNPHARMA,1.0,0.5088150501251221,SEARCH_FOLD_A,0.5088150501251221
2019-02-21,2019-02-22,SUNPHARMA,1.0,0.5120719075202942,SEARCH_FOLD_A,0.5120719075202942
2019-02-22,2019-02-25,SUNPHARMA,1.0,0.5147312879562378,SEARCH_FOLD_A,0.5147312879562378
2019-02-25,2019-02-26,SUNPHARMA,0.0,0.5169435739517212,SEARCH_FOLD_A,0.5169435739517212
2019-02-26,2019-02-27,SUNPHARMA,1.0,0.5190904140472412,SEARCH_FOLD_A,0.5190904140472412
2019-02-27,2019-02-28,SUNPHARMA,1.0,0.5207898020744324,SEARCH_FOLD_A,0.5207898020744324
2019-02-28,2019-03-01,SUNPHARMA,1.0,0.5221636295318604,SEARCH_FOLD_A,0.5221636295318604
2019-03-01,2019-03-05,SUNPHARMA,1.0,0.52115398645401,SEARCH_FOLD_A,0.52115398645401
2019-03-05,2019-03-06,SUNPHARMA,1.0,0.5208282470703125,SEARCH_FOLD_A,0.5208282470703125
2019-03-06,2019-03-07,SUNPHARMA,0.0,0.5185625553131104,SEARCH_FOLD_A,0.5185625553131104
2019-03-07,2019-03-08,SUNPHARMA,1.0,0.5162809491157532,SEARCH_FOLD_A,0.5162809491157532
2019-03-08,2019-03-11,SUNPHARMA,1.0,0.5141258835792542,SEARCH_FOLD_A,0.5141258835792542
2019-03-11,2019-03-12,SUNPHARMA,1.0,0.5108003616333008,SEARCH_FOLD_A,0.5108003616333008
2019-03-12,2019-03-13,SUNPHARMA,0.0,0.507183849811554,SEARCH_FOLD_A,0.507183849811554
2019-03-13,2019-03-14,SUNPHARMA,1.0,0.5030252933502197,SEARCH_FOLD_A,0.5030252933502197
2019-03-14,2019-03-15,SUNPHARMA,0.0,0.4994744956493377,SEARCH_FOLD_A,0.5005255043506622
2019-03-15,2019-03-18,SUNPHARMA,1.0,0.4955334961414337,SEARCH_FOLD_A,0.5044665038585663
2019-03-18,2019-03-19,SUNPHARMA,1.0,0.4922893047332763,SEARCH_FOLD_A,0.5077106952667236
2019-03-19,2019-03-20,SUNPHARMA,1.0,0.4887892007827759,SEARCH_FOLD_A,0.5112107992172241
2019-03-20,2019-03-22,SUNPHARMA,0.0,0.4847123324871063,SEARCH_FOLD_A,0.5152876675128937
2019-03-22,2019-03-25,SUNPHARMA,0.0,0.480549693107605,SEARCH_FOLD_A,0.519450306892395
2019-03-25,2019-03-26,SUNPHARMA,1.0,0.4769334495067596,SEARCH_FOLD_A,0.5230665504932404
2019-03-26,2019-03-27,SUNPHARMA,0.0,0.4744585156440735,SEARCH_FOLD_A,0.5255414843559265
2019-03-27,2019-03-28,SUNPHARMA,1.0,0.4716126024723053,SEARCH_FOLD_A,0.5283873975276947
2019-03-28,2019-04-01,SUNPHARMA,1.0,0.4687212109565735,SEARCH_FOLD_A,0.5312787890434265
2019-04-01,2019-04-02,SUNPHARMA,0.0,0.4664667546749115,SEARCH_FOLD_A,0.5335332453250885
2019-04-02,2019-04-03,SUNPHARMA,0.0,0.4646632373332977,SEARCH_FOLD_A,0.5353367626667023
2019-04-03,2019-04-04,SUNPHARMA,1.0,0.4618455469608307,SEARCH_FOLD_A,0.5381544530391693
2019-04-04,2019-04-05,SUNPHARMA,0.0,0.4594291746616363,SEARCH_FOLD_A,0.5405708253383636
2019-04-05,2019-04-08,SUNPHARMA,0.0,0.4568067789077759,SEARCH_FOLD_A,0.5431932210922241
2019-04-08,2019-04-09,SUNPHARMA,1.0,0.4553875625133514,SEARCH_FOLD_A,0.5446124374866486
2019-04-09,2019-04-10,SUNPHARMA,1.0,0.4546544849872589,SEARCH_FOLD_A,0.5453455150127411
2019-04-10,2019-04-11,SUNPHARMA,0.0,0.454096108675003,SEARCH_FOLD_A,0.545903891324997
2019-04-11,2019-04-12,SUNPHARMA,0.0,0.4540411531925201,SEARCH_FOLD_A,0.5459588468074799
2019-04-12,2019-04-15,SUNPHARMA,0.0,0.4539400041103363,SEARCH_FOLD_A,0.5460599958896637
2019-04-15,2019-04-16,SUNPHARMA,1.0,0.4545792043209076,SEARCH_FOLD_A,0.5454207956790924
2019-04-16,2019-04-18,SUNPHARMA,1.0,0.4555314481258392,SEARCH_FOLD_A,0.5444685518741608
2019-04-18,2019-04-22,SUNPHARMA,0.0,0.4566701054573059,SEARCH_FOLD_A,0.5433298945426941
2019-04-22,2019-04-23,SUNPHARMA,1.0,0.4581827521324157,SEARCH_FOLD_A,0.5418172478675842
2019-04-23,2019-04-24,SUNPHARMA,1.0,0.4598582983016968,SEARCH_FOLD_A,0.5401417016983032
2019-04-24,2019-04-25,SUNPHARMA,0.0,0.4605168998241424,SEARCH_FOLD_A,0.5394831001758575
2019-04-25,2019-04-26,SUNPHARMA,1.0,0.4614464938640594,SEARCH_FOLD_A,0.5385535061359406
2019-04-26,2019-04-30,SUNPHARMA,0.0,0.4626702070236206,SEARCH_FOLD_A,0.5373297929763794
2019-04-30,2019-05-02,SUNPHARMA,0.0,0.4641977250576019,SEARCH_FOLD_A,0.5358022749423981
2019-05-02,2019-05-03,SUNPHARMA,1.0,0.4646719694137573,SEARCH_FOLD_A,0.5353280305862427
2019-05-03,2019-05-06,SUNPHARMA,0.0,0.4657098650932312,SEARCH_FOLD_A,0.5342901349067688
2019-05-06,2019-05-07,SUNPHARMA,0.0,0.4663634300231933,SEARCH_FOLD_A,0.5336365699768066
2019-05-07,2019-05-08,SUNPHARMA,0.0,0.4675312340259552,SEARCH_FOLD_A,0.5324687659740448
2019-05-08,2019-05-09,SUNPHARMA,1.0,0.4691471457481384,SEARCH_FOLD_A,0.5308528542518616
2019-05-09,2019-05-10,SUNPHARMA,0.0,0.4711134135723114,SEARCH_FOLD_A,0.5288865864276886
2019-05-10,2019-05-13,SUNPHARMA,0.0,0.4728480577468872,SEARCH_FOLD_A,0.5271519422531128
2019-05-13,2019-05-14,SUNPHARMA,1.0,0.4744223654270172,SEARCH_FOLD_A,0.5255776345729828
2019-05-14,2019-05-15,SUNPHARMA,0.0,0.4766503572463989,SEARCH_FOLD_A,0.5233496427536011
2019-05-15,2019-05-16,SUNPHARMA,1.0,0.4786871671676636,SEARCH_FOLD_A,0.5213128328323364
2019-05-16,2019-05-17,SUNPHARMA,0.0,0.4815370738506317,SEARCH_FOLD_A,0.5184629261493683
2019-05-17,2019-05-20,SUNPHARMA,1.0,0.4846866726875305,SEARCH_FOLD_A,0.5153133273124695
2019-05-20,2019-05-21,SUNPHARMA,0.0,0.4870661497116089,SEARCH_FOLD_A,0.5129338502883911
2019-05-21,2019-05-22,SUNPHARMA,1.0,0.48877814412117,SEARCH_FOLD_A,0.51122185587883
2019-05-22,2019-05-23,SUNPHARMA,0.0,0.4907891154289245,SEARCH_FOLD_A,0.5092108845710754
2019-05-23,2019-05-24,SUNPHARMA,1.0,0.4923935830593109,SEARCH_FOLD_A,0.5076064169406891
2019-05-24,2019-05-27,SUNPHARMA,0.0,0.4938271343708038,SEARCH_FOLD_A,0.5061728656291962
2019-05-27,2019-05-28,SUNPHARMA,0.0,0.4958203434944153,SEARCH_FOLD_A,0.5041796565055847
2019-05-28,2019-05-29,SUNPHARMA,1.0,0.4977480769157409,SEARCH_FOLD_A,0.502251923084259
2019-05-29,2019-05-30,SUNPHARMA,0.0,0.4988525211811065,SEARCH_FOLD_A,0.5011474788188934
2019-05-30,2019-05-31,SUNPHARMA,0.0,0.4999147653579712,SEARCH_FOLD_A,0.5000852346420288
2019-05-31,2019-06-03,SUNPHARMA,1.0,0.5002990365028381,SEARCH_FOLD_A,0.5002990365028381
2019-06-03,2019-06-04,SUNPHARMA,0.0,0.5010367035865784,SEARCH_FOLD_A,0.5010367035865784
2019-06-04,2019-06-06,SUNPHARMA,0.0,0.5017924308776855,SEARCH_FOLD_A,0.5017924308776855
2019-06-06,2019-06-07,SUNPHARMA,0.0,0.5018579959869385,SEARCH_FOLD_A,0.5018579959869385
2019-06-07,2019-06-10,SUNPHARMA,1.0,0.5032211542129517,SEARCH_FOLD_A,0.5032211542129517
2019-06-10,2019-06-11,SUNPHARMA,0.0,0.504666268825531,SEARCH_FOLD_A,0.504666268825531
2019-06-11,2019-06-12,SUNPHARMA,1.0,0.5054421424865723,SEARCH_FOLD_A,0.5054421424865723
2019-06-12,2019-06-13,SUNPHARMA,0.0,0.5066837668418884,SEARCH_FOLD_A,0.5066837668418884
2019-06-13,2019-06-14,SUNPHARMA,1.0,0.5071374773979187,SEARCH_FOLD_A,0.5071374773979187
2019-06-14,2019-06-17,SUNPHARMA,0.0,0.507235050201416,SEARCH_FOLD_A,0.507235050201416
2019-06-17,2019-06-18,SUNPHARMA,0.0,0.5075165629386902,SEARCH_FOLD_A,0.5075165629386902
2019-06-18,2019-06-19,SUNPHARMA,0.0,0.5077908635139465,SEARCH_FOLD_A,0.5077908635139465
2019-06-19,2019-06-20,SUNPHARMA,1.0,0.507655143737793,SEARCH_FOLD_A,0.507655143737793
2019-06-20,2019-06-21,SUNPHARMA,0.0,0.50681072473526,SEARCH_FOLD_A,0.50681072473526
2019-06-21,2019-06-24,SUNPHARMA,1.0,0.5062013268470764,SEARCH_FOLD_A,0.5062013268470764
2019-06-24,2019-06-25,SUNPHARMA,1.0,0.5051714777946472,SEARCH_FOLD_A,0.5051714777946472
2019-06-25,2019-06-26,SUNPHARMA,1.0,0.5015066862106323,SEARCH_FOLD_A,0.5015066862106323
2019-06-26,2019-06-27,SUNPHARMA,1.0,0.4986961483955383,SEARCH_FOLD_A,0.5013038516044617
2019-06-27,2019-06-28,SUNPHARMA,0.0,0.4940723180770874,SEARCH_FOLD_A,0.5059276819229126
2019-06-28,2019-07-01,SUNPHARMA,1.0,0.4910772442817688,SEARCH_FOLD_A,0.5089227557182312
2019-07-01,2019-07-02,SUNPHARMA,0.0,0.4869750142097473,SEARCH_FOLD_A,0.5130249857902527
2019-07-02,2019-07-03,SUNPHARMA,1.0,0.4834425449371338,SEARCH_FOLD_A,0.5165574550628662
2019-07-03,2019-07-04,SUNPHARMA,0.0,0.4794961512088775,SEARCH_FOLD_A,0.5205038487911224
2019-07-04,2019-07-05,SUNPHARMA,0.0,0.4766690135002136,SEARCH_FOLD_A,0.5233309864997864
2019-07-05,2019-07-08,SUNPHARMA,0.0,0.4735725224018097,SEARCH_FOLD_A,0.5264274775981903
2019-07-08,2019-07-09,SUNPHARMA,1.0,0.4714084565639496,SEARCH_FOLD_A,0.5285915434360504
2019-07-09,2019-07-10,SUNPHARMA,1.0,0.4694108366966247,SEARCH_FOLD_A,0.5305891633033752
2019-07-10,2019-07-11,SUNPHARMA,1.0,0.467339277267456,SEARCH_FOLD_A,0.532660722732544
2019-07-11,2019-07-12,SUNPHARMA,1.0,0.467394471168518,SEARCH_FOLD_A,0.5326055288314819
2019-07-12,2019-07-15,SUNPHARMA,1.0,0.4659536480903625,SEARCH_FOLD_A,0.5340463519096375
2019-07-15,2019-07-16,SUNPHARMA,1.0,0.4640887379646301,SEARCH_FOLD_A,0.5359112620353699
2019-07-16,2019-07-17,SUNPHARMA,0.0,0.4625578224658966,SEARCH_FOLD_A,0.5374421775341034
2019-07-17,2019-07-18,SUNPHARMA,0.0,0.4599674344062805,SEARCH_FOLD_A,0.5400325655937195
2019-07-18,2019-07-19,SUNPHARMA,0.0,0.4564411044120788,SEARCH_FOLD_A,0.5435588955879211
2019-07-19,2019-07-22,SUNPHARMA,1.0,0.4521403610706329,SEARCH_FOLD_A,0.5478596389293671
2019-07-22,2019-07-23,SUNPHARMA,0.0,0.4482004642486572,SEARCH_FOLD_A,0.5517995357513428
2019-07-23,2019-07-24,SUNPHARMA,0.0,0.4439967274665832,SEARCH_FOLD_A,0.5560032725334167
2019-07-24,2019-07-25,SUNPHARMA,1.0,0.4419259428977966,SEARCH_FOLD_A,0.5580740571022034
2019-07-25,2019-07-26,SUNPHARMA,1.0,0.4397587776184082,SEARCH_FOLD_A,0.5602412223815918
2019-07-26,2019-07-29,SUNPHARMA,0.0,0.438597559928894,SEARCH_FOLD_A,0.561402440071106
2019-07-29,2019-07-30,SUNPHARMA,0.0,0.4362658560276031,SEARCH_FOLD_A,0.5637341439723969
2019-07-30,2019-07-31,SUNPHARMA,1.0,0.4342488944530487,SEARCH_FOLD_A,0.5657511055469513
2019-07-31,2019-08-01,SUNPHARMA,0.0,0.4321913123130798,SEARCH_FOLD_A,0.5678086876869202
2019-08-01,2019-08-02,SUNPHARMA,0.0,0.4322549700736999,SEARCH_FOLD_A,0.5677450299263
2019-08-02,2019-08-05,SUNPHARMA,0.0,0.4314785003662109,SEARCH_FOLD_A,0.5685214996337891
2019-08-05,2019-08-06,SUNPHARMA,1.0,0.4316881895065307,SEARCH_FOLD_A,0.5683118104934692
2019-08-06,2019-08-07,SUNPHARMA,1.0,0.4326055645942688,SEARCH_FOLD_A,0.5673944354057312
2019-08-07,2019-08-08,SUNPHARMA,1.0,0.4347307085990906,SEARCH_FOLD_A,0.5652692914009094
2019-08-08,2019-08-09,SUNPHARMA,0.0,0.4375119507312774,SEARCH_FOLD_A,0.5624880492687225
2019-08-09,2019-08-13,SUNPHARMA,1.0,0.4401567578315735,SEARCH_FOLD_A,0.5598432421684265
2019-08-13,2019-08-14,SUNPHARMA,0.0,0.4430607855319977,SEARCH_FOLD_A,0.5569392144680023
2019-08-14,2019-08-16,SUNPHARMA,0.0,0.4449454545974731,SEARCH_FOLD_A,0.5550545454025269
2019-08-16,2019-08-19,SUNPHARMA,1.0,0.4471212327480316,SEARCH_FOLD_A,0.5528787672519684
2019-08-19,2019-08-20,SUNPHARMA,0.0,0.4486379027366638,SEARCH_FOLD_A,0.5513620972633362
2019-08-20,2019-08-21,SUNPHARMA,0.0,0.4480771720409393,SEARCH_FOLD_A,0.5519228279590607
2019-08-21,2019-08-22,SUNPHARMA,0.0,0.4468421041965484,SEARCH_FOLD_A,0.5531578958034515
2019-08-22,2019-08-23,SUNPHARMA,1.0,0.4473306834697723,SEARCH_FOLD_A,0.5526693165302277
2019-08-23,2019-08-26,SUNPHARMA,0.0,0.4483515918254852,SEARCH_FOLD_A,0.5516484081745148
2019-08-26,2019-08-27,SUNPHARMA,0.0,0.4500109851360321,SEARCH_FOLD_A,0.5499890148639679
2019-08-27,2019-08-28,SUNPHARMA,0.0,0.4524098932743072,SEARCH_FOLD_A,0.5475901067256927
2019-08-28,2019-08-29,SUNPHARMA,1.0,0.4557324051856994,SEARCH_FOLD_A,0.5442675948143005
2019-08-29,2019-08-30,SUNPHARMA,1.0,0.4594947695732116,SEARCH_FOLD_A,0.5405052304267883
2019-08-30,2019-09-03,SUNPHARMA,0.0,0.4623739421367645,SEARCH_FOLD_A,0.5376260578632355
2019-09-03,2019-09-04,SUNPHARMA,0.0,0.4646774232387543,SEARCH_FOLD_A,0.5353225767612457
2019-09-04,2019-09-05,SUNPHARMA,1.0,0.4663922786712646,SEARCH_FOLD_A,0.5336077213287354
2019-09-05,2019-09-06,SUNPHARMA,0.0,0.4683532118797302,SEARCH_FOLD_A,0.5316467881202698
2019-09-06,2019-09-09,SUNPHARMA,1.0,0.470010370016098,SEARCH_FOLD_A,0.529989629983902
2019-09-09,2019-09-11,SUNPHARMA,0.0,0.4712945818901062,SEARCH_FOLD_A,0.5287054181098938
2019-09-11,2019-09-12,SUNPHARMA,1.0,0.4731085300445556,SEARCH_FOLD_A,0.5268914699554443
2019-09-12,2019-09-13,SUNPHARMA,0.0,0.4749687314033508,SEARCH_FOLD_A,0.5250312685966492
2019-09-13,2019-09-16,SUNPHARMA,1.0,0.4761634171009063,SEARCH_FOLD_A,0.5238365828990936
2019-09-16,2019-09-17,SUNPHARMA,0.0,0.4760081470012665,SEARCH_FOLD_A,0.5239918529987335
2019-09-17,2019-09-18,SUNPHARMA,0.0,0.4764935672283172,SEARCH_FOLD_A,0.5235064327716827
2019-09-18,2019-09-19,SUNPHARMA,0.0,0.4764965772628784,SEARCH_FOLD_A,0.5235034227371216
2019-09-19,2019-09-20,SUNPHARMA,1.0,0.4765605628490448,SEARCH_FOLD_A,0.5234394371509552
2019-09-20,2019-09-23,SUNPHARMA,0.0,0.4764505624771118,SEARCH_FOLD_A,0.5235494375228882
2019-09-23,2019-09-24,SUNPHARMA,1.0,0.4770079255104065,SEARCH_FOLD_A,0.5229920744895935
2019-09-24,2019-09-25,SUNPHARMA,0.0,0.4779231250286102,SEARCH_FOLD_A,0.5220768749713898
2019-09-25,2019-09-26,SUNPHARMA,1.0,0.4793386161327362,SEARCH_FOLD_A,0.5206613838672638
2019-09-26,2019-09-27,SUNPHARMA,0.0,0.480302482843399,SEARCH_FOLD_A,0.519697517156601
2019-09-27,2019-09-30,SUNPHARMA,0.0,0.4829704761505127,SEARCH_FOLD_A,0.5170295238494873
2019-09-30,2019-10-01,SUNPHARMA,0.0,0.4833532869815826,SEARCH_FOLD_A,0.5166467130184174
2019-10-01,2019-10-03,SUNPHARMA,1.0,0.4836220443248749,SEARCH_FOLD_A,0.5163779556751251
2019-10-03,2019-10-04,SUNPHARMA,0.0,0.4849621653556824,SEARCH_FOLD_A,0.5150378346443176
2019-10-04,2019-10-07,SUNPHARMA,0.0,0.4856393039226532,SEARCH_FOLD_A,0.5143606960773468
2019-10-07,2019-10-09,SUNPHARMA,1.0,0.4860591888427734,SEARCH_FOLD_A,0.5139408111572266
2019-10-09,2019-10-10,SUNPHARMA,1.0,0.4862244725227356,SEARCH_FOLD_A,0.5137755274772644
2019-10-10,2019-10-11,SUNPHARMA,0.0,0.4872750639915466,SEARCH_FOLD_A,0.5127249360084534
2019-10-11,2019-10-14,SUNPHARMA,1.0,0.4873713254928589,SEARCH_FOLD_A,0.5126286745071411
2019-10-14,2019-10-15,SUNPHARMA,1.0,0.4869818985462188,SEARCH_FOLD_A,0.5130181014537811
2019-10-15,2019-10-16,SUNPHARMA,1.0,0.4861375689506531,SEARCH_FOLD_A,0.5138624310493469
2019-10-16,2019-10-17,SUNPHARMA,1.0,0.4867786765098572,SEARCH_FOLD_A,0.5132213234901428
2019-10-17,2019-10-18,SUNPHARMA,1.0,0.4880394637584686,SEARCH_FOLD_A,0.5119605362415314
2019-10-18,2019-10-22,SUNPHARMA,1.0,0.487864226102829,SEARCH_FOLD_A,0.512135773897171
2019-10-22,2019-10-23,SUNPHARMA,0.0,0.4859805703163147,SEARCH_FOLD_A,0.5140194296836853
2019-10-23,2019-10-24,SUNPHARMA,1.0,0.4840627610683441,SEARCH_FOLD_A,0.5159372389316559
2019-10-24,2019-10-25,SUNPHARMA,1.0,0.4808999001979828,SEARCH_FOLD_A,0.5191000998020172
2019-10-25,2019-10-27,SUNPHARMA,1.0,0.4776711165904999,SEARCH_FOLD_A,0.5223288834095001
2019-10-27,2019-10-29,SUNPHARMA,1.0,0.4733762145042419,SEARCH_FOLD_A,0.5266237854957581
2019-10-29,2019-10-30,SUNPHARMA,1.0,0.4695856273174286,SEARCH_FOLD_A,0.5304143726825714
2019-10-30,2019-10-31,SUNPHARMA,1.0,0.4651909172534942,SEARCH_FOLD_A,0.5348090827465057
2019-10-31,2019-11-01,SUNPHARMA,1.0,0.4616477191448211,SEARCH_FOLD_A,0.5383522808551788
2019-11-01,2019-11-04,SUNPHARMA,1.0,0.457146555185318,SEARCH_FOLD_A,0.542853444814682
2019-11-04,2019-11-05,SUNPHARMA,0.0,0.4523031711578369,SEARCH_FOLD_A,0.5476968288421631
2019-11-05,2019-11-06,SUNPHARMA,0.0,0.4468192160129547,SEARCH_FOLD_A,0.5531807839870453
2019-11-06,2019-11-07,SUNPHARMA,1.0,0.4422186315059662,SEARCH_FOLD_A,0.5577813684940338
2019-11-07,2019-11-08,SUNPHARMA,0.0,0.4369693100452423,SEARCH_FOLD_A,0.5630306899547577
2019-11-08,2019-11-11,SUNPHARMA,0.0,0.4327611625194549,SEARCH_FOLD_A,0.567238837480545
2019-11-11,2019-11-13,SUNPHARMA,0.0,0.4285357892513275,SEARCH_FOLD_A,0.5714642107486725
2019-11-13,2019-11-14,SUNPHARMA,0.0,0.4254930913448334,SEARCH_FOLD_A,0.5745069086551666
2019-11-14,2019-11-15,SUNPHARMA,1.0,0.4215769469738006,SEARCH_FOLD_A,0.5784230530261993
2019-11-15,2019-11-18,SUNPHARMA,1.0,0.4179010987281799,SEARCH_FOLD_A,0.5820989012718201
2019-11-18,2019-11-19,SUNPHARMA,1.0,0.4153053760528564,SEARCH_FOLD_A,0.5846946239471436
2019-11-19,2019-11-20,SUNPHARMA,1.0,0.4136999547481537,SEARCH_FOLD_A,0.5863000452518463
2019-11-20,2019-11-21,SUNPHARMA,0.0,0.4122297465801239,SEARCH_FOLD_A,0.5877702534198761
2019-11-21,2019-11-22,SUNPHARMA,1.0,0.4105547368526459,SEARCH_FOLD_A,0.5894452631473541
2019-11-22,2019-11-25,SUNPHARMA,1.0,0.4097996056079864,SEARCH_FOLD_A,0.5902003943920135
2019-11-25,2019-11-26,SUNPHARMA,0.0,0.409523457288742,SEARCH_FOLD_A,0.5904765427112579
2019-11-26,2019-11-27,SUNPHARMA,1.0,0.4092578589916229,SEARCH_FOLD_A,0.5907421410083771
2019-11-27,2019-11-28,SUNPHARMA,0.0,0.4097827970981598,SEARCH_FOLD_A,0.5902172029018402
2019-11-28,2019-11-29,SUNPHARMA,0.0,0.4105476140975952,SEARCH_FOLD_A,0.5894523859024048
2019-11-29,2019-12-02,SUNPHARMA,0.0,0.411829262971878,SEARCH_FOLD_A,0.588170737028122
2019-12-02,2019-12-03,SUNPHARMA,0.0,0.413582295179367,SEARCH_FOLD_A,0.5864177048206329
2019-12-03,2019-12-04,SUNPHARMA,1.0,0.415757417678833,SEARCH_FOLD_A,0.584242582321167
2019-12-04,2019-12-05,SUNPHARMA,0.0,0.4183948338031769,SEARCH_FOLD_A,0.5816051661968231
2019-12-05,2019-12-06,SUNPHARMA,0.0,0.4210749566555023,SEARCH_FOLD_A,0.5789250433444977
2019-12-06,2019-12-09,SUNPHARMA,0.0,0.4240936636924743,SEARCH_FOLD_A,0.5759063363075256
2019-12-09,2019-12-10,SUNPHARMA,1.0,0.4276886880397796,SEARCH_FOLD_A,0.5723113119602203
2019-12-10,2019-12-11,SUNPHARMA,1.0,0.4312052428722381,SEARCH_FOLD_A,0.5687947571277618
2019-12-11,2019-12-12,SUNPHARMA,1.0,0.4348904192447662,SEARCH_FOLD_A,0.5651095807552338
2019-12-12,2019-12-13,SUNPHARMA,1.0,0.4388073086738586,SEARCH_FOLD_A,0.5611926913261414
2019-12-13,2019-12-16,SUNPHARMA,0.0,0.4428887963294983,SEARCH_FOLD_A,0.5571112036705017
2019-12-16,2019-12-17,SUNPHARMA,0.0,0.4470024108886719,SEARCH_FOLD_A,0.5529975891113281
2019-12-17,2019-12-18,SUNPHARMA,1.0,0.4509872496128082,SEARCH_FOLD_A,0.5490127503871918
2019-12-18,2019-12-19,SUNPHARMA,0.0,0.4540761411190033,SEARCH_FOLD_A,0.5459238588809967
2019-12-19,2019-12-20,SUNPHARMA,0.0,0.456481009721756,SEARCH_FOLD_A,0.543518990278244
2019-12-20,2019-12-23,SUNPHARMA,0.0,0.459441214799881,SEARCH_FOLD_A,0.540558785200119
2019-12-23,2019-12-24,SUNPHARMA,1.0,0.4603749513626098,SEARCH_FOLD_A,0.5396250486373901
2019-12-24,2019-12-26,SUNPHARMA,0.0,0.4609366357326507,SEARCH_FOLD_A,0.5390633642673492
2019-12-26,2019-12-27,SUNPHARMA,1.0,0.4605635106563568,SEARCH_FOLD_A,0.5394364893436432
2019-12-27,2019-12-30,SUNPHARMA,1.0,0.4598531424999237,SEARCH_FOLD_A,0.5401468575000763
2019-12-30,2019-12-31,SUNPHARMA,1.0,0.4593837261199951,SEARCH_FOLD_A,0.5406162738800049
2019-01-01,2019-01-02,TATASTEEL,0.0,0.5115084052085876,SEARCH_FOLD_A,0.5115084052085876
2019-01-02,2019-01-03,TATASTEEL,0.0,0.5119141340255737,SEARCH_FOLD_A,0.5119141340255737
2019-01-03,2019-01-04,TATASTEEL,1.0,0.5122021436691284,SEARCH_FOLD_A,0.5122021436691284
2019-01-04,2019-01-07,TATASTEEL,0.0,0.512437105178833,SEARCH_FOLD_A,0.512437105178833
2019-01-07,2019-01-08,TATASTEEL,1.0,0.5125161409378052,SEARCH_FOLD_A,0.5125161409378052
2019-01-08,2019-01-09,TATASTEEL,0.0,0.5125123262405396,SEARCH_FOLD_A,0.5125123262405396
2019-01-09,2019-01-10,TATASTEEL,1.0,0.5125245451927185,SEARCH_FOLD_A,0.5125245451927185
2019-01-10,2019-01-11,TATASTEEL,0.0,0.5125203728675842,SEARCH_FOLD_A,0.5125203728675842
2019-01-11,2019-01-14,TATASTEEL,0.0,0.5127102732658386,SEARCH_FOLD_A,0.5127102732658386
2019-01-14,2019-01-15,TATASTEEL,1.0,0.5127831697463989,SEARCH_FOLD_A,0.5127831697463989
2019-01-15,2019-01-16,TATASTEEL,0.0,0.5131086707115173,SEARCH_FOLD_A,0.5131086707115173
2019-01-16,2019-01-17,TATASTEEL,0.0,0.5133692622184753,SEARCH_FOLD_A,0.5133692622184753
2019-01-17,2019-01-18,TATASTEEL,0.0,0.5134940147399902,SEARCH_FOLD_A,0.5134940147399902
2019-01-18,2019-01-21,TATASTEEL,1.0,0.5136998891830444,SEARCH_FOLD_A,0.5136998891830444
2019-01-21,2019-01-22,TATASTEEL,0.0,0.5138054490089417,SEARCH_FOLD_A,0.5138054490089417
2019-01-22,2019-01-23,TATASTEEL,1.0,0.5137967467308044,SEARCH_FOLD_A,0.5137967467308044
2019-01-23,2019-01-24,TATASTEEL,0.0,0.5138773322105408,SEARCH_FOLD_A,0.5138773322105408
2019-01-24,2019-01-25,TATASTEEL,0.0,0.514132559299469,SEARCH_FOLD_A,0.514132559299469
2019-01-25,2019-01-28,TATASTEEL,0.0,0.5143311023712158,SEARCH_FOLD_A,0.5143311023712158
2019-01-28,2019-01-29,TATASTEEL,0.0,0.5145708322525024,SEARCH_FOLD_A,0.5145708322525024
2019-01-29,2019-01-30,TATASTEEL,1.0,0.514997124671936,SEARCH_FOLD_A,0.514997124671936
2019-01-30,2019-01-31,TATASTEEL,1.0,0.5154778957366943,SEARCH_FOLD_A,0.5154778957366943
2019-01-31,2019-02-01,TATASTEEL,0.0,0.5159130692481995,SEARCH_FOLD_A,0.5159130692481995
2019-02-01,2019-02-04,TATASTEEL,1.0,0.5162214040756226,SEARCH_FOLD_A,0.5162214040756226
2019-02-04,2019-02-05,TATASTEEL,0.0,0.5164943933486938,SEARCH_FOLD_A,0.5164943933486938
2019-02-05,2019-02-06,TATASTEEL,1.0,0.5166036486625671,SEARCH_FOLD_A,0.5166036486625671
2019-02-06,2019-02-07,TATASTEEL,1.0,0.5166049599647522,SEARCH_FOLD_A,0.5166049599647522
2019-02-07,2019-02-08,TATASTEEL,0.0,0.5164313912391663,SEARCH_FOLD_A,0.5164313912391663
2019-02-08,2019-02-11,TATASTEEL,1.0,0.516375720500946,SEARCH_FOLD_A,0.516375720500946
2019-02-11,2019-02-12,TATASTEEL,1.0,0.5164048671722412,SEARCH_FOLD_A,0.5164048671722412
2019-02-12,2019-02-14,TATASTEEL,0.0,0.5162245035171509,SEARCH_FOLD_A,0.5162245035171509
2019-02-14,2019-02-15,TATASTEEL,0.0,0.5158656239509583,SEARCH_FOLD_A,0.5158656239509583
2019-02-15,2019-02-18,TATASTEEL,0.0,0.5154803991317749,SEARCH_FOLD_A,0.5154803991317749
2019-02-18,2019-02-19,TATASTEEL,1.0,0.5151784420013428,SEARCH_FOLD_A,0.5151784420013428
2019-02-19,2019-02-20,TATASTEEL,1.0,0.514836847782135,SEARCH_FOLD_A,0.514836847782135
2019-02-20,2019-02-21,TATASTEEL,1.0,0.5144901275634766,SEARCH_FOLD_A,0.5144901275634766
2019-02-21,2019-02-22,TATASTEEL,1.0,0.514096200466156,SEARCH_FOLD_A,0.514096200466156
2019-02-22,2019-02-25,TATASTEEL,1.0,0.5135980248451233,SEARCH_FOLD_A,0.5135980248451233
2019-02-25,2019-02-26,TATASTEEL,0.0,0.5129960179328918,SEARCH_FOLD_A,0.5129960179328918
2019-02-26,2019-02-27,TATASTEEL,1.0,0.512285053730011,SEARCH_FOLD_A,0.512285053730011
2019-02-27,2019-02-28,TATASTEEL,0.0,0.5116569995880127,SEARCH_FOLD_A,0.5116569995880127
2019-02-28,2019-03-01,TATASTEEL,1.0,0.5109926462173462,SEARCH_FOLD_A,0.5109926462173462
2019-03-01,2019-03-05,TATASTEEL,1.0,0.5102973580360413,SEARCH_FOLD_A,0.5102973580360413
2019-03-05,2019-03-06,TATASTEEL,0.0,0.5095765590667725,SEARCH_FOLD_A,0.5095765590667725
2019-03-06,2019-03-07,TATASTEEL,1.0,0.5088812112808228,SEARCH_FOLD_A,0.5088812112808228
2019-03-07,2019-03-08,TATASTEEL,0.0,0.5080994963645935,SEARCH_FOLD_A,0.5080994963645935
2019-03-08,2019-03-11,TATASTEEL,1.0,0.507452130317688,SEARCH_FOLD_A,0.507452130317688
2019-03-11,2019-03-12,TATASTEEL,1.0,0.5066968202590942,SEARCH_FOLD_A,0.5066968202590942
2019-03-12,2019-03-13,TATASTEEL,0.0,0.5058518648147583,SEARCH_FOLD_A,0.5058518648147583
2019-03-13,2019-03-14,TATASTEEL,1.0,0.5049496293067932,SEARCH_FOLD_A,0.5049496293067932
2019-03-14,2019-03-15,TATASTEEL,0.0,0.5040579438209534,SEARCH_FOLD_A,0.5040579438209534
2019-03-15,2019-03-18,TATASTEEL,1.0,0.5037018656730652,SEARCH_FOLD_A,0.5037018656730652
2019-03-18,2019-03-19,TATASTEEL,1.0,0.5034445524215698,SEARCH_FOLD_A,0.5034445524215698
2019-03-19,2019-03-20,TATASTEEL,0.0,0.5030949711799622,SEARCH_FOLD_A,0.5030949711799622
2019-03-20,2019-03-22,TATASTEEL,1.0,0.5029799342155457,SEARCH_FOLD_A,0.5029799342155457
2019-03-22,2019-03-25,TATASTEEL,0.0,0.5026895999908447,SEARCH_FOLD_A,0.5026895999908447
2019-03-25,2019-03-26,TATASTEEL,1.0,0.5028029084205627,SEARCH_FOLD_A,0.5028029084205627
2019-03-26,2019-03-27,TATASTEEL,0.0,0.5028828382492065,SEARCH_FOLD_A,0.5028828382492065
2019-03-27,2019-03-28,TATASTEEL,0.0,0.5027206540107727,SEARCH_FOLD_A,0.5027206540107727
2019-03-28,2019-04-01,TATASTEEL,1.0,0.5030707120895386,SEARCH_FOLD_A,0.5030707120895386
2019-04-01,2019-04-02,TATASTEEL,0.0,0.5033604502677917,SEARCH_FOLD_A,0.5033604502677917
2019-04-02,2019-04-03,TATASTEEL,1.0,0.5032766461372375,SEARCH_FOLD_A,0.5032766461372375
2019-04-03,2019-04-04,TATASTEEL,0.0,0.5029730200767517,SEARCH_FOLD_A,0.5029730200767517
2019-04-04,2019-04-05,TATASTEEL,1.0,0.5026066303253174,SEARCH_FOLD_A,0.5026066303253174
2019-04-05,2019-04-08,TATASTEEL,0.0,0.5022712349891663,SEARCH_FOLD_A,0.5022712349891663
2019-04-08,2019-04-09,TATASTEEL,1.0,0.5022451877593994,SEARCH_FOLD_A,0.5022451877593994
2019-04-09,2019-04-10,TATASTEEL,0.0,0.5021750330924988,SEARCH_FOLD_A,0.5021750330924988
2019-04-10,2019-04-11,TATASTEEL,0.0,0.5021127462387085,SEARCH_FOLD_A,0.5021127462387085
2019-04-11,2019-04-12,TATASTEEL,0.0,0.502136766910553,SEARCH_FOLD_A,0.502136766910553
2019-04-12,2019-04-15,TATASTEEL,1.0,0.5021699070930481,SEARCH_FOLD_A,0.5021699070930481
2019-04-15,2019-04-16,TATASTEEL,1.0,0.5022224187850952,SEARCH_FOLD_A,0.5022224187850952
2019-04-16,2019-04-18,TATASTEEL,0.0,0.5021571516990662,SEARCH_FOLD_A,0.5021571516990662
2019-04-18,2019-04-22,TATASTEEL,0.0,0.5021716356277466,SEARCH_FOLD_A,0.5021716356277466
2019-04-22,2019-04-23,TATASTEEL,0.0,0.5023676753044128,SEARCH_FOLD_A,0.5023676753044128
2019-04-23,2019-04-24,TATASTEEL,1.0,0.5025474429130554,SEARCH_FOLD_A,0.5025474429130554
2019-04-24,2019-04-25,TATASTEEL,0.0,0.502792477607727,SEARCH_FOLD_A,0.502792477607727
2019-04-25,2019-04-26,TATASTEEL,1.0,0.5029708743095398,SEARCH_FOLD_A,0.5029708743095398
2019-04-26,2019-04-30,TATASTEEL,1.0,0.5032411217689514,SEARCH_FOLD_A,0.5032411217689514
2019-04-30,2019-05-02,TATASTEEL,0.0,0.5035106539726257,SEARCH_FOLD_A,0.5035106539726257
2019-05-02,2019-05-03,TATASTEEL,0.0,0.503548264503479,SEARCH_FOLD_A,0.503548264503479
2019-05-03,2019-05-06,TATASTEEL,0.0,0.5035814046859741,SEARCH_FOLD_A,0.5035814046859741
2019-05-06,2019-05-07,TATASTEEL,0.0,0.5035801529884338,SEARCH_FOLD_A,0.5035801529884338
2019-05-07,2019-05-08,TATASTEEL,0.0,0.5037379860877991,SEARCH_FOLD_A,0.5037379860877991
2019-05-08,2019-05-09,TATASTEEL,0.0,0.5039452910423279,SEARCH_FOLD_A,0.5039452910423279
2019-05-09,2019-05-10,TATASTEEL,0.0,0.5040533542633057,SEARCH_FOLD_A,0.5040533542633057
2019-05-10,2019-05-13,TATASTEEL,0.0,0.5043041706085205,SEARCH_FOLD_A,0.5043041706085205
2019-05-13,2019-05-14,TATASTEEL,0.0,0.5045526623725891,SEARCH_FOLD_A,0.5045526623725891
2019-05-14,2019-05-15,TATASTEEL,0.0,0.5048883557319641,SEARCH_FOLD_A,0.5048883557319641
2019-05-15,2019-05-16,TATASTEEL,1.0,0.505232572555542,SEARCH_FOLD_A,0.505232572555542
2019-05-16,2019-05-17,TATASTEEL,1.0,0.5055360198020935,SEARCH_FOLD_A,0.5055360198020935
2019-05-17,2019-05-20,TATASTEEL,1.0,0.5062786936759949,SEARCH_FOLD_A,0.5062786936759949
2019-05-20,2019-05-21,TATASTEEL,0.0,0.5068447589874268,SEARCH_FOLD_A,0.5068447589874268
2019-05-21,2019-05-22,TATASTEEL,1.0,0.5076227188110352,SEARCH_FOLD_A,0.5076227188110352
2019-05-22,2019-05-23,TATASTEEL,0.0,0.5082730650901794,SEARCH_FOLD_A,0.5082730650901794
2019-05-23,2019-05-24,TATASTEEL,1.0,0.5091844201087952,SEARCH_FOLD_A,0.5091844201087952
2019-05-24,2019-05-27,TATASTEEL,1.0,0.5100354552268982,SEARCH_FOLD_A,0.5100354552268982
2019-05-27,2019-05-28,TATASTEEL,0.0,0.5107825994491577,SEARCH_FOLD_A,0.5107825994491577
2019-05-28,2019-05-29,TATASTEEL,0.0,0.5113605856895447,SEARCH_FOLD_A,0.5113605856895447
2019-05-29,2019-05-30,TATASTEEL,0.0,0.5117484927177429,SEARCH_FOLD_A,0.5117484927177429
2019-05-30,2019-05-31,TATASTEEL,1.0,0.5120536684989929,SEARCH_FOLD_A,0.5120536684989929
2019-05-31,2019-06-03,TATASTEEL,1.0,0.5125232338905334,SEARCH_FOLD_A,0.5125232338905334
2019-06-03,2019-06-04,TATASTEEL,0.0,0.5128507614135742,SEARCH_FOLD_A,0.5128507614135742
2019-06-04,2019-06-06,TATASTEEL,0.0,0.5130414962768555,SEARCH_FOLD_A,0.5130414962768555
2019-06-06,2019-06-07,TATASTEEL,0.0,0.5131161212921143,SEARCH_FOLD_A,0.5131161212921143
2019-06-07,2019-06-10,TATASTEEL,1.0,0.5131040811538696,SEARCH_FOLD_A,0.5131040811538696
2019-06-10,2019-06-11,TATASTEEL,1.0,0.5131216049194336,SEARCH_FOLD_A,0.5131216049194336
2019-06-11,2019-06-12,TATASTEEL,1.0,0.5129308700561523,SEARCH_FOLD_A,0.5129308700561523
2019-06-12,2019-06-13,TATASTEEL,0.0,0.5133123397827148,SEARCH_FOLD_A,0.5133123397827148
2019-06-13,2019-06-14,TATASTEEL,0.0,0.5135119557380676,SEARCH_FOLD_A,0.5135119557380676
2019-06-14,2019-06-17,TATASTEEL,0.0,0.5136250257492065,SEARCH_FOLD_A,0.5136250257492065
2019-06-17,2019-06-18,TATASTEEL,0.0,0.5137410163879395,SEARCH_FOLD_A,0.5137410163879395
2019-06-18,2019-06-19,TATASTEEL,1.0,0.5138604044914246,SEARCH_FOLD_A,0.5138604044914246
2019-06-19,2019-06-20,TATASTEEL,1.0,0.5138766169548035,SEARCH_FOLD_A,0.5138766169548035
2019-06-20,2019-06-21,TATASTEEL,0.0,0.5137624144554138,SEARCH_FOLD_A,0.5137624144554138
2019-06-21,2019-06-24,TATASTEEL,0.0,0.5135907530784607,SEARCH_FOLD_A,0.5135907530784607
2019-06-24,2019-06-25,TATASTEEL,1.0,0.5135667324066162,SEARCH_FOLD_A,0.5135667324066162
2019-06-25,2019-06-26,TATASTEEL,1.0,0.5131423473358154,SEARCH_FOLD_A,0.5131423473358154
2019-06-26,2019-06-27,TATASTEEL,1.0,0.5127225518226624,SEARCH_FOLD_A,0.5127225518226624
2019-06-27,2019-06-28,TATASTEEL,0.0,0.5120046138763428,SEARCH_FOLD_A,0.5120046138763428
2019-06-28,2019-07-01,TATASTEEL,1.0,0.511250376701355,SEARCH_FOLD_A,0.511250376701355
2019-07-01,2019-07-02,TATASTEEL,1.0,0.5103887915611267,SEARCH_FOLD_A,0.5103887915611267
2019-07-02,2019-07-03,TATASTEEL,1.0,0.5097552537918091,SEARCH_FOLD_A,0.5097552537918091
2019-07-03,2019-07-04,TATASTEEL,0.0,0.5089809894561768,SEARCH_FOLD_A,0.5089809894561768
2019-07-04,2019-07-05,TATASTEEL,0.0,0.5083548426628113,SEARCH_FOLD_A,0.5083548426628113
2019-07-05,2019-07-08,TATASTEEL,0.0,0.5077881217002869,SEARCH_FOLD_A,0.5077881217002869
2019-07-08,2019-07-09,TATASTEEL,1.0,0.5075805187225342,SEARCH_FOLD_A,0.5075805187225342
2019-07-09,2019-07-10,TATASTEEL,0.0,0.5079260468482971,SEARCH_FOLD_A,0.5079260468482971
2019-07-10,2019-07-11,TATASTEEL,1.0,0.5082444548606873,SEARCH_FOLD_A,0.5082444548606873
2019-07-11,2019-07-12,TATASTEEL,1.0,0.5085160136222839,SEARCH_FOLD_A,0.5085160136222839
2019-07-12,2019-07-15,TATASTEEL,0.0,0.5087605714797974,SEARCH_FOLD_A,0.5087605714797974
2019-07-15,2019-07-16,TATASTEEL,1.0,0.5091024041175842,SEARCH_FOLD_A,0.5091024041175842
2019-07-16,2019-07-17,TATASTEEL,0.0,0.509480357170105,SEARCH_FOLD_A,0.509480357170105
2019-07-17,2019-07-18,TATASTEEL,0.0,0.5097910165786743,SEARCH_FOLD_A,0.5097910165786743
2019-07-18,2019-07-19,TATASTEEL,0.0,0.5099960565567017,SEARCH_FOLD_A,0.5099960565567017
2019-07-19,2019-07-22,TATASTEEL,1.0,0.5101722478866577,SEARCH_FOLD_A,0.5101722478866577
2019-07-22,2019-07-23,TATASTEEL,0.0,0.51042640209198,SEARCH_FOLD_A,0.51042640209198
2019-07-23,2019-07-24,TATASTEEL,0.0,0.5107427835464478,SEARCH_FOLD_A,0.5107427835464478
2019-07-24,2019-07-25,TATASTEEL,0.0,0.5113606452941895,SEARCH_FOLD_A,0.5113606452941895
2019-07-25,2019-07-26,TATASTEEL,1.0,0.511847198009491,SEARCH_FOLD_A,0.511847198009491
2019-07-26,2019-07-29,TATASTEEL,0.0,0.5123547315597534,SEARCH_FOLD_A,0.5123547315597534
2019-07-29,2019-07-30,TATASTEEL,0.0,0.5126150250434875,SEARCH_FOLD_A,0.5126150250434875
2019-07-30,2019-07-31,TATASTEEL,1.0,0.5129014253616333,SEARCH_FOLD_A,0.5129014253616333
2019-07-31,2019-08-01,TATASTEEL,0.0,0.5135812759399414,SEARCH_FOLD_A,0.5135812759399414
2019-08-01,2019-08-02,TATASTEEL,0.0,0.5141028165817261,SEARCH_FOLD_A,0.5141028165817261
2019-08-02,2019-08-05,TATASTEEL,0.0,0.5145726799964905,SEARCH_FOLD_A,0.5145726799964905
2019-08-05,2019-08-06,TATASTEEL,1.0,0.5149804353713989,SEARCH_FOLD_A,0.5149804353713989
2019-08-06,2019-08-07,TATASTEEL,0.0,0.5157289505004883,SEARCH_FOLD_A,0.5157289505004883
2019-08-07,2019-08-08,TATASTEEL,0.0,0.5166439414024353,SEARCH_FOLD_A,0.5166439414024353
2019-08-08,2019-08-09,TATASTEEL,0.0,0.5175703167915344,SEARCH_FOLD_A,0.5175703167915344
2019-08-09,2019-08-13,TATASTEEL,0.0,0.5183690190315247,SEARCH_FOLD_A,0.5183690190315247
2019-08-13,2019-08-14,TATASTEEL,1.0,0.5192451477050781,SEARCH_FOLD_A,0.5192451477050781
2019-08-14,2019-08-16,TATASTEEL,0.0,0.5200652480125427,SEARCH_FOLD_A,0.5200652480125427
2019-08-16,2019-08-19,TATASTEEL,0.0,0.5209386348724365,SEARCH_FOLD_A,0.5209386348724365
2019-08-19,2019-08-20,TATASTEEL,0.0,0.5216513276100159,SEARCH_FOLD_A,0.5216513276100159
2019-08-20,2019-08-21,TATASTEEL,0.0,0.5222111344337463,SEARCH_FOLD_A,0.5222111344337463
2019-08-21,2019-08-22,TATASTEEL,0.0,0.5226863026618958,SEARCH_FOLD_A,0.5226863026618958
2019-08-22,2019-08-23,TATASTEEL,1.0,0.5231326818466187,SEARCH_FOLD_A,0.5231326818466187
2019-08-23,2019-08-26,TATASTEEL,0.0,0.5235097408294678,SEARCH_FOLD_A,0.5235097408294678
2019-08-26,2019-08-27,TATASTEEL,1.0,0.5238913297653198,SEARCH_FOLD_A,0.5238913297653198
2019-08-27,2019-08-28,TATASTEEL,0.0,0.524407684803009,SEARCH_FOLD_A,0.524407684803009
2019-08-28,2019-08-29,TATASTEEL,0.0,0.524803102016449,SEARCH_FOLD_A,0.524803102016449
2019-08-29,2019-08-30,TATASTEEL,1.0,0.525287926197052,SEARCH_FOLD_A,0.525287926197052
2019-08-30,2019-09-03,TATASTEEL,0.0,0.525769054889679,SEARCH_FOLD_A,0.525769054889679
2019-09-03,2019-09-04,TATASTEEL,1.0,0.5261960029602051,SEARCH_FOLD_A,0.5261960029602051
2019-09-04,2019-09-05,TATASTEEL,1.0,0.5265815258026123,SEARCH_FOLD_A,0.5265815258026123
2019-09-05,2019-09-06,TATASTEEL,1.0,0.5270435810089111,SEARCH_FOLD_A,0.5270435810089111
2019-09-06,2019-09-09,TATASTEEL,0.0,0.5273762345314026,SEARCH_FOLD_A,0.5273762345314026
2019-09-09,2019-09-11,TATASTEEL,1.0,0.5275973081588745,SEARCH_FOLD_A,0.5275973081588745
2019-09-11,2019-09-12,TATASTEEL,0.0,0.5276491641998291,SEARCH_FOLD_A,0.5276491641998291
2019-09-12,2019-09-13,TATASTEEL,1.0,0.527647852897644,SEARCH_FOLD_A,0.527647852897644
2019-09-13,2019-09-16,TATASTEEL,0.0,0.5274436473846436,SEARCH_FOLD_A,0.5274436473846436
2019-09-16,2019-09-17,TATASTEEL,0.0,0.5270732045173645,SEARCH_FOLD_A,0.5270732045173645
2019-09-17,2019-09-18,TATASTEEL,1.0,0.5269983410835266,SEARCH_FOLD_A,0.5269983410835266
2019-09-18,2019-09-19,TATASTEEL,0.0,0.5267107486724854,SEARCH_FOLD_A,0.5267107486724854
2019-09-19,2019-09-20,TATASTEEL,1.0,0.5265052914619446,SEARCH_FOLD_A,0.5265052914619446
2019-09-20,2019-09-23,TATASTEEL,1.0,0.5260980129241943,SEARCH_FOLD_A,0.5260980129241943
2019-09-23,2019-09-24,TATASTEEL,0.0,0.5256948471069336,SEARCH_FOLD_A,0.5256948471069336
2019-09-24,2019-09-25,TATASTEEL,0.0,0.525166392326355,SEARCH_FOLD_A,0.525166392326355
2019-09-25,2019-09-26,TATASTEEL,1.0,0.5248499512672424,SEARCH_FOLD_A,0.5248499512672424
2019-09-26,2019-09-27,TATASTEEL,0.0,0.524216890335083,SEARCH_FOLD_A,0.524216890335083
2019-09-27,2019-09-30,TATASTEEL,1.0,0.5235592126846313,SEARCH_FOLD_A,0.5235592126846313
2019-09-30,2019-10-01,TATASTEEL,0.0,0.5232665538787842,SEARCH_FOLD_A,0.5232665538787842
2019-10-01,2019-10-03,TATASTEEL,0.0,0.5227829217910767,SEARCH_FOLD_A,0.5227829217910767
2019-10-03,2019-10-04,TATASTEEL,0.0,0.5223289728164673,SEARCH_FOLD_A,0.5223289728164673
2019-10-04,2019-10-07,TATASTEEL,0.0,0.5219647884368896,SEARCH_FOLD_A,0.5219647884368896
2019-10-07,2019-10-09,TATASTEEL,1.0,0.5216575860977173,SEARCH_FOLD_A,0.5216575860977173
2019-10-09,2019-10-10,TATASTEEL,0.0,0.5214417576789856,SEARCH_FOLD_A,0.5214417576789856
2019-10-10,2019-10-11,TATASTEEL,1.0,0.521308958530426,SEARCH_FOLD_A,0.521308958530426
2019-10-11,2019-10-14,TATASTEEL,1.0,0.5214741230010986,SEARCH_FOLD_A,0.5214741230010986
2019-10-14,2019-10-15,TATASTEEL,1.0,0.5216252207756042,SEARCH_FOLD_A,0.5216252207756042
2019-10-15,2019-10-16,TATASTEEL,0.0,0.5214083790779114,SEARCH_FOLD_A,0.5214083790779114
2019-10-16,2019-10-17,TATASTEEL,1.0,0.5211923718452454,SEARCH_FOLD_A,0.5211923718452454
2019-10-17,2019-10-18,TATASTEEL,1.0,0.5212324857711792,SEARCH_FOLD_A,0.5212324857711792
2019-10-18,2019-10-22,TATASTEEL,0.0,0.5207511782646179,SEARCH_FOLD_A,0.5207511782646179
2019-10-22,2019-10-23,TATASTEEL,1.0,0.5204603672027588,SEARCH_FOLD_A,0.5204603672027588
2019-10-23,2019-10-24,TATASTEEL,1.0,0.520285964012146,SEARCH_FOLD_A,0.520285964012146
2019-10-24,2019-10-25,TATASTEEL,1.0,0.5201832056045532,SEARCH_FOLD_A,0.5201832056045532
2019-10-25,2019-10-27,TATASTEEL,1.0,0.5201132893562317,SEARCH_FOLD_A,0.5201132893562317
2019-10-27,2019-10-29,TATASTEEL,1.0,0.5202880501747131,SEARCH_FOLD_A,0.5202880501747131
2019-10-29,2019-10-30,TATASTEEL,0.0,0.5204488635063171,SEARCH_FOLD_A,0.5204488635063171
2019-10-30,2019-10-31,TATASTEEL,0.0,0.5204051733016968,SEARCH_FOLD_A,0.5204051733016968
2019-10-31,2019-11-01,TATASTEEL,1.0,0.5201221704483032,SEARCH_FOLD_A,0.5201221704483032
2019-11-01,2019-11-04,TATASTEEL,1.0,0.5195946097373962,SEARCH_FOLD_A,0.5195946097373962
2019-11-04,2019-11-05,TATASTEEL,0.0,0.5192958116531372,SEARCH_FOLD_A,0.5192958116531372
2019-11-05,2019-11-06,TATASTEEL,1.0,0.5185450911521912,SEARCH_FOLD_A,0.5185450911521912
2019-11-06,2019-11-07,TATASTEEL,0.0,0.5184838175773621,SEARCH_FOLD_A,0.5184838175773621
2019-11-07,2019-11-08,TATASTEEL,0.0,0.5182276368141174,SEARCH_FOLD_A,0.5182276368141174
2019-11-08,2019-11-11,TATASTEEL,1.0,0.5177198052406311,SEARCH_FOLD_A,0.5177198052406311
2019-11-11,2019-11-13,TATASTEEL,0.0,0.5170971751213074,SEARCH_FOLD_A,0.5170971751213074
2019-11-13,2019-11-14,TATASTEEL,0.0,0.5168941020965576,SEARCH_FOLD_A,0.5168941020965576
2019-11-14,2019-11-15,TATASTEEL,1.0,0.5163639187812805,SEARCH_FOLD_A,0.5163639187812805
2019-11-15,2019-11-18,TATASTEEL,1.0,0.5160256624221802,SEARCH_FOLD_A,0.5160256624221802
2019-11-18,2019-11-19,TATASTEEL,0.0,0.5154891014099121,SEARCH_FOLD_A,0.5154891014099121
2019-11-19,2019-11-20,TATASTEEL,0.0,0.5148066282272339,SEARCH_FOLD_A,0.5148066282272339
2019-11-20,2019-11-21,TATASTEEL,0.0,0.514025092124939,SEARCH_FOLD_A,0.514025092124939
2019-11-21,2019-11-22,TATASTEEL,1.0,0.5132047533988953,SEARCH_FOLD_A,0.5132047533988953
2019-11-22,2019-11-25,TATASTEEL,1.0,0.5126155018806458,SEARCH_FOLD_A,0.5126155018806458
2019-11-25,2019-11-26,TATASTEEL,1.0,0.511725664138794,SEARCH_FOLD_A,0.511725664138794
2019-11-26,2019-11-27,TATASTEEL,0.0,0.5110883116722107,SEARCH_FOLD_A,0.5110883116722107
2019-11-27,2019-11-28,TATASTEEL,1.0,0.5104888081550598,SEARCH_FOLD_A,0.5104888081550598
2019-11-28,2019-11-29,TATASTEEL,0.0,0.5099436640739441,SEARCH_FOLD_A,0.5099436640739441
2019-11-29,2019-12-02,TATASTEEL,0.0,0.5092310905456543,SEARCH_FOLD_A,0.5092310905456543
2019-12-02,2019-12-03,TATASTEEL,0.0,0.5088141560554504,SEARCH_FOLD_A,0.5088141560554504
2019-12-03,2019-12-04,TATASTEEL,1.0,0.5085554122924805,SEARCH_FOLD_A,0.5085554122924805
2019-12-04,2019-12-05,TATASTEEL,0.0,0.5081696510314941,SEARCH_FOLD_A,0.5081696510314941
2019-12-05,2019-12-06,TATASTEEL,1.0,0.5079199075698853,SEARCH_FOLD_A,0.5079199075698853
2019-12-06,2019-12-09,TATASTEEL,1.0,0.5078446269035339,SEARCH_FOLD_A,0.5078446269035339
2019-12-09,2019-12-10,TATASTEEL,0.0,0.5079238414764404,SEARCH_FOLD_A,0.5079238414764404
2019-12-10,2019-12-11,TATASTEEL,1.0,0.5078681707382202,SEARCH_FOLD_A,0.5078681707382202
2019-12-11,2019-12-12,TATASTEEL,1.0,0.5085522532463074,SEARCH_FOLD_A,0.5085522532463074
2019-12-12,2019-12-13,TATASTEEL,1.0,0.5089713931083679,SEARCH_FOLD_A,0.5089713931083679
2019-12-13,2019-12-16,TATASTEEL,0.0,0.5092898011207581,SEARCH_FOLD_A,0.5092898011207581
2019-12-16,2019-12-17,TATASTEEL,1.0,0.5098578929901123,SEARCH_FOLD_A,0.5098578929901123
2019-12-17,2019-12-18,TATASTEEL,1.0,0.5104058384895325,SEARCH_FOLD_A,0.5104058384895325
2019-12-18,2019-12-19,TATASTEEL,1.0,0.5106703042984009,SEARCH_FOLD_A,0.5106703042984009
2019-12-19,2019-12-20,TATASTEEL,1.0,0.5108534693717957,SEARCH_FOLD_A,0.5108534693717957
2019-12-20,2019-12-23,TATASTEEL,1.0,0.5110306739807129,SEARCH_FOLD_A,0.5110306739807129
2019-12-23,2019-12-24,TATASTEEL,1.0,0.5109542012214661,SEARCH_FOLD_A,0.5109542012214661
2019-12-24,2019-12-26,TATASTEEL,1.0,0.5107909440994263,SEARCH_FOLD_A,0.5107909440994263
2019-12-26,2019-12-27,TATASTEEL,1.0,0.5105146765708923,SEARCH_FOLD_A,0.5105146765708923
2019-12-27,2019-12-30,TATASTEEL,1.0,0.5100153684616089,SEARCH_FOLD_A,0.5100153684616089
2019-12-30,2019-12-31,TATASTEEL,0.0,0.5095472931861877,SEARCH_FOLD_A,0.5095472931861877
2020-01-01,2020-01-02,RELIANCE,1.0,0.4964925944805145,SEARCH_FOLD_B,0.5035074055194855
2020-01-02,2020-01-03,RELIANCE,1.0,0.4963830709457397,SEARCH_FOLD_B,0.5036169290542603
2020-01-03,2020-01-06,RELIANCE,0.0,0.4954241514205932,SEARCH_FOLD_B,0.5045758485794067
2020-01-06,2020-01-07,RELIANCE,1.0,0.4946553707122803,SEARCH_FOLD_B,0.5053446292877197
2020-01-07,2020-01-08,RELIANCE,0.0,0.4937168061733246,SEARCH_FOLD_B,0.5062831938266754
2020-01-08,2020-01-09,RELIANCE,1.0,0.4929418861865997,SEARCH_FOLD_B,0.5070581138134003
2020-01-09,2020-01-10,RELIANCE,0.0,0.4918712973594665,SEARCH_FOLD_B,0.5081287026405334
2020-01-10,2020-01-13,RELIANCE,0.0,0.4908388555049896,SEARCH_FOLD_B,0.5091611444950104
2020-01-13,2020-01-14,RELIANCE,0.0,0.4896044135093689,SEARCH_FOLD_B,0.5103955864906311
2020-01-14,2020-01-15,RELIANCE,0.0,0.4889724552631378,SEARCH_FOLD_B,0.5110275447368622
2020-01-15,2020-01-16,RELIANCE,1.0,0.4878696203231811,SEARCH_FOLD_B,0.5121303796768188
2020-01-16,2020-01-17,RELIANCE,1.0,0.4867871403694153,SEARCH_FOLD_B,0.5132128596305847
2020-01-17,2020-01-20,RELIANCE,0.0,0.4859246611595154,SEARCH_FOLD_B,0.5140753388404846
2020-01-20,2020-01-21,RELIANCE,1.0,0.4850628972053528,SEARCH_FOLD_B,0.5149371027946472
2020-01-21,2020-01-22,RELIANCE,0.0,0.4843817353248596,SEARCH_FOLD_B,0.5156182646751404
2020-01-22,2020-01-23,RELIANCE,0.0,0.4835782051086426,SEARCH_FOLD_B,0.5164217948913574
2020-01-23,2020-01-24,RELIANCE,0.0,0.4830073118209839,SEARCH_FOLD_B,0.5169926881790161
2020-01-24,2020-01-27,RELIANCE,0.0,0.4825038909912109,SEARCH_FOLD_B,0.5174961090087891
2020-01-27,2020-01-28,RELIANCE,0.0,0.4821639955043793,SEARCH_FOLD_B,0.5178360044956207
2020-01-28,2020-01-29,RELIANCE,1.0,0.4816285967826843,SEARCH_FOLD_B,0.5183714032173157
2020-01-29,2020-01-30,RELIANCE,0.0,0.4813664257526397,SEARCH_FOLD_B,0.5186335742473602
2020-01-30,2020-01-31,RELIANCE,0.0,0.4812738001346588,SEARCH_FOLD_B,0.5187261998653412
2020-01-31,2020-02-03,RELIANCE,0.0,0.481478750705719,SEARCH_FOLD_B,0.518521249294281
2020-02-03,2020-02-04,RELIANCE,1.0,0.4814680814743042,SEARCH_FOLD_B,0.5185319185256958
2020-02-04,2020-02-05,RELIANCE,1.0,0.48125821352005,SEARCH_FOLD_B,0.51874178647995
2020-02-05,2020-02-06,RELIANCE,1.0,0.4808500409126282,SEARCH_FOLD_B,0.5191499590873718
2020-02-06,2020-02-07,RELIANCE,0.0,0.4804498851299286,SEARCH_FOLD_B,0.5195501148700714
2020-02-07,2020-02-10,RELIANCE,1.0,0.4804544448852539,SEARCH_FOLD_B,0.5195455551147461
2020-02-10,2020-02-11,RELIANCE,1.0,0.4804208874702453,SEARCH_FOLD_B,0.5195791125297546
2020-02-11,2020-02-12,RELIANCE,1.0,0.4801883399486542,SEARCH_FOLD_B,0.5198116600513458
2020-02-12,2020-02-13,RELIANCE,1.0,0.4800000786781311,SEARCH_FOLD_B,0.5199999213218689
2020-02-13,2020-02-14,RELIANCE,1.0,0.4802250266075134,SEARCH_FOLD_B,0.5197749733924866
2020-02-14,2020-02-17,RELIANCE,0.0,0.4804153740406036,SEARCH_FOLD_B,0.5195846259593964
2020-02-17,2020-02-18,RELIANCE,0.0,0.4802211225032806,SEARCH_FOLD_B,0.5197788774967194
2020-02-18,2020-02-19,RELIANCE,1.0,0.4804373979568481,SEARCH_FOLD_B,0.5195626020431519
2020-02-19,2020-02-20,RELIANCE,0.0,0.4803959131240845,SEARCH_FOLD_B,0.5196040868759155
2020-02-20,2020-02-24,RELIANCE,0.0,0.4807258248329162,SEARCH_FOLD_B,0.5192741751670837
2020-02-24,2020-02-25,RELIANCE,0.0,0.4808343946933746,SEARCH_FOLD_B,0.5191656053066254
2020-02-25,2020-02-26,RELIANCE,0.0,0.4810488522052765,SEARCH_FOLD_B,0.5189511477947235
2020-02-26,2020-02-27,RELIANCE,0.0,0.4810991287231445,SEARCH_FOLD_B,0.5189008712768555
2020-02-27,2020-02-28,RELIANCE,0.0,0.4811630547046661,SEARCH_FOLD_B,0.5188369452953339
2020-02-28,2020-03-02,RELIANCE,0.0,0.4813461601734161,SEARCH_FOLD_B,0.5186538398265839
2020-03-02,2020-03-03,RELIANCE,1.0,0.4821619987487793,SEARCH_FOLD_B,0.5178380012512207
2020-03-03,2020-03-04,RELIANCE,0.0,0.482330709695816,SEARCH_FOLD_B,0.517669290304184
2020-03-04,2020-03-05,RELIANCE,0.0,0.4826067090034485,SEARCH_FOLD_B,0.5173932909965515
2020-03-05,2020-03-06,RELIANCE,0.0,0.482793927192688,SEARCH_FOLD_B,0.517206072807312
2020-03-06,2020-03-09,RELIANCE,0.0,0.4830272197723388,SEARCH_FOLD_B,0.5169727802276611
2020-03-09,2020-03-11,RELIANCE,1.0,0.4836324155330658,SEARCH_FOLD_B,0.5163675844669342
2020-03-11,2020-03-12,RELIANCE,0.0,0.484151154756546,SEARCH_FOLD_B,0.515848845243454
2020-03-12,2020-03-13,RELIANCE,1.0,0.4846983850002289,SEARCH_FOLD_B,0.5153016149997711
2020-03-13,2020-03-16,RELIANCE,0.0,0.4858481884002685,SEARCH_FOLD_B,0.5141518115997314
2020-03-16,2020-03-17,RELIANCE,0.0,0.4866911172866821,SEARCH_FOLD_B,0.5133088827133179
2020-03-17,2020-03-18,RELIANCE,0.0,0.4879848659038543,SEARCH_FOLD_B,0.5120151340961456
2020-03-18,2020-03-19,RELIANCE,0.0,0.4894052743911743,SEARCH_FOLD_B,0.5105947256088257
2020-03-19,2020-03-20,RELIANCE,1.0,0.4917277693748474,SEARCH_FOLD_B,0.5082722306251526
2020-03-20,2020-03-23,RELIANCE,0.0,0.4940192997455597,SEARCH_FOLD_B,0.5059807002544403
2020-03-23,2020-03-24,RELIANCE,1.0,0.496533453464508,SEARCH_FOLD_B,0.5034665465354919
2020-03-24,2020-03-25,RELIANCE,1.0,0.4986448287963867,SEARCH_FOLD_B,0.5013551712036133
2020-03-25,2020-03-26,RELIANCE,0.0,0.5009292364120483,SEARCH_FOLD_B,0.5009292364120483
2020-03-26,2020-03-27,RELIANCE,0.0,0.5033978223800659,SEARCH_FOLD_B,0.5033978223800659
2020-03-27,2020-03-30,RELIANCE,0.0,0.505884051322937,SEARCH_FOLD_B,0.505884051322937
2020-03-30,2020-03-31,RELIANCE,1.0,0.508304238319397,SEARCH_FOLD_B,0.508304238319397
2020-03-31,2020-04-01,RELIANCE,0.0,0.5110690593719482,SEARCH_FOLD_B,0.5110690593719482
2020-04-01,2020-04-03,RELIANCE,0.0,0.5136187076568604,SEARCH_FOLD_B,0.5136187076568604
2020-04-03,2020-04-07,RELIANCE,1.0,0.5160010457038879,SEARCH_FOLD_B,0.5160010457038879
2020-04-07,2020-04-08,RELIANCE,0.0,0.5187954902648926,SEARCH_FOLD_B,0.5187954902648926
2020-04-08,2020-04-09,RELIANCE,1.0,0.5212758183479309,SEARCH_FOLD_B,0.5212758183479309
2020-04-09,2020-04-13,RELIANCE,0.0,0.5234512686729431,SEARCH_FOLD_B,0.5234512686729431
2020-04-13,2020-04-15,RELIANCE,0.0,0.5258165597915649,SEARCH_FOLD_B,0.5258165597915649
2020-04-15,2020-04-16,RELIANCE,1.0,0.5282627940177917,SEARCH_FOLD_B,0.5282627940177917
2020-04-16,2020-04-17,RELIANCE,1.0,0.530819833278656,SEARCH_FOLD_B,0.530819833278656
2020-04-17,2020-04-20,RELIANCE,1.0,0.532966673374176,SEARCH_FOLD_B,0.532966673374176
2020-04-20,2020-04-21,RELIANCE,0.0,0.5353129506111145,SEARCH_FOLD_B,0.5353129506111145
2020-04-21,2020-04-22,RELIANCE,1.0,0.537958562374115,SEARCH_FOLD_B,0.537958562374115
2020-04-22,2020-04-23,RELIANCE,1.0,0.5401642918586731,SEARCH_FOLD_B,0.5401642918586731
2020-04-23,2020-04-24,RELIANCE,1.0,0.5422329306602478,SEARCH_FOLD_B,0.5422329306602478
2020-04-24,2020-04-27,RELIANCE,1.0,0.5437214970588684,SEARCH_FOLD_B,0.5437214970588684
2020-04-27,2020-04-28,RELIANCE,0.0,0.5443940758705139,SEARCH_FOLD_B,0.5443940758705139
2020-04-28,2020-04-29,RELIANCE,0.0,0.5452248454093933,SEARCH_FOLD_B,0.5452248454093933
2020-04-29,2020-04-30,RELIANCE,1.0,0.5448602437973022,SEARCH_FOLD_B,0.5448602437973022
2020-04-30,2020-05-04,RELIANCE,0.0,0.5454991459846497,SEARCH_FOLD_B,0.5454991459846497
2020-05-04,2020-05-05,RELIANCE,1.0,0.5446171760559082,SEARCH_FOLD_B,0.5446171760559082
2020-05-05,2020-05-06,RELIANCE,1.0,0.5440554618835449,SEARCH_FOLD_B,0.5440554618835449
2020-05-06,2020-05-07,RELIANCE,1.0,0.5433389544487,SEARCH_FOLD_B,0.5433389544487
2020-05-07,2020-05-08,RELIANCE,1.0,0.5430998206138611,SEARCH_FOLD_B,0.5430998206138611
2020-05-08,2020-05-11,RELIANCE,1.0,0.5433167815208435,SEARCH_FOLD_B,0.5433167815208435
2020-05-11,2020-05-12,RELIANCE,0.0,0.5424613952636719,SEARCH_FOLD_B,0.5424613952636719
2020-05-12,2020-05-13,RELIANCE,1.0,0.5410064458847046,SEARCH_FOLD_B,0.5410064458847046
2020-05-13,2020-05-14,RELIANCE,0.0,0.5409004092216492,SEARCH_FOLD_B,0.5409004092216492
2020-05-14,2020-05-15,RELIANCE,1.0,0.5398619174957275,SEARCH_FOLD_B,0.5398619174957275
2020-05-15,2020-05-18,RELIANCE,0.0,0.5385050773620605,SEARCH_FOLD_B,0.5385050773620605
2020-05-18,2020-05-19,RELIANCE,0.0,0.5366578698158264,SEARCH_FOLD_B,0.5366578698158264
2020-05-19,2020-05-20,RELIANCE,1.0,0.535558819770813,SEARCH_FOLD_B,0.535558819770813
2020-05-20,2020-05-21,RELIANCE,1.0,0.5342385768890381,SEARCH_FOLD_B,0.5342385768890381
2020-05-21,2020-05-22,RELIANCE,0.0,0.5328376889228821,SEARCH_FOLD_B,0.5328376889228821
2020-05-22,2020-05-26,RELIANCE,0.0,0.5319396257400513,SEARCH_FOLD_B,0.5319396257400513
2020-05-26,2020-05-27,RELIANCE,1.0,0.5307731032371521,SEARCH_FOLD_B,0.5307731032371521
2020-05-27,2020-05-28,RELIANCE,1.0,0.5294554233551025,SEARCH_FOLD_B,0.5294554233551025
2020-05-28,2020-05-29,RELIANCE,0.0,0.5277926325798035,SEARCH_FOLD_B,0.5277926325798035
2020-05-29,2020-06-01,RELIANCE,1.0,0.5262337327003479,SEARCH_FOLD_B,0.5262337327003479
2020-06-01,2020-06-02,RELIANCE,1.0,0.5246980786323547,SEARCH_FOLD_B,0.5246980786323547
2020-06-02,2020-06-03,RELIANCE,1.0,0.5231971740722656,SEARCH_FOLD_B,0.5231971740722656
2020-06-03,2020-06-04,RELIANCE,1.0,0.5216439962387085,SEARCH_FOLD_B,0.5216439962387085
2020-06-04,2020-06-05,RELIANCE,1.0,0.5204169154167175,SEARCH_FOLD_B,0.5204169154167175
2020-06-05,2020-06-08,RELIANCE,0.0,0.5202885270118713,SEARCH_FOLD_B,0.5202885270118713
2020-06-08,2020-06-09,RELIANCE,0.0,0.5191135406494141,SEARCH_FOLD_B,0.5191135406494141
2020-06-09,2020-06-10,RELIANCE,1.0,0.5191431641578674,SEARCH_FOLD_B,0.5191431641578674
2020-06-10,2020-06-11,RELIANCE,0.0,0.5181609392166138,SEARCH_FOLD_B,0.5181609392166138
2020-06-11,2020-06-12,RELIANCE,1.0,0.5177379846572876,SEARCH_FOLD_B,0.5177379846572876
2020-06-12,2020-06-15,RELIANCE,1.0,0.5166411399841309,SEARCH_FOLD_B,0.5166411399841309
2020-06-15,2020-06-16,RELIANCE,1.0,0.5159952640533447,SEARCH_FOLD_B,0.5159952640533447
2020-06-16,2020-06-17,RELIANCE,0.0,0.5149596929550171,SEARCH_FOLD_B,0.5149596929550171
2020-06-17,2020-06-18,RELIANCE,1.0,0.5138794183731079,SEARCH_FOLD_B,0.5138794183731079
2020-06-18,2020-06-19,RELIANCE,1.0,0.5127038955688477,SEARCH_FOLD_B,0.5127038955688477
2020-06-19,2020-06-22,RELIANCE,0.0,0.511647641658783,SEARCH_FOLD_B,0.511647641658783
2020-06-22,2020-06-23,RELIANCE,0.0,0.5114467740058899,SEARCH_FOLD_B,0.5114467740058899
2020-06-23,2020-06-24,RELIANCE,1.0,0.5110562443733215,SEARCH_FOLD_B,0.5110562443733215
2020-06-24,2020-06-25,RELIANCE,0.0,0.510956346988678,SEARCH_FOLD_B,0.510956346988678
2020-06-25,2020-06-26,RELIANCE,1.0,0.5108357667922974,SEARCH_FOLD_B,0.5108357667922974
2020-06-26,2020-06-29,RELIANCE,0.0,0.510465681552887,SEARCH_FOLD_B,0.510465681552887
2020-06-29,2020-06-30,RELIANCE,0.0,0.5105510354042053,SEARCH_FOLD_B,0.5105510354042053
2020-06-30,2020-07-01,RELIANCE,1.0,0.5107110142707825,SEARCH_FOLD_B,0.5107110142707825
2020-07-01,2020-07-02,RELIANCE,1.0,0.5105262398719788,SEARCH_FOLD_B,0.5105262398719788
2020-07-02,2020-07-03,RELIANCE,1.0,0.510631799697876,SEARCH_FOLD_B,0.510631799697876
2020-07-03,2020-07-06,RELIANCE,1.0,0.5107232928276062,SEARCH_FOLD_B,0.5107232928276062
2020-07-06,2020-07-07,RELIANCE,0.0,0.5107071399688721,SEARCH_FOLD_B,0.5107071399688721
2020-07-07,2020-07-08,RELIANCE,0.0,0.5106678605079651,SEARCH_FOLD_B,0.5106678605079651
2020-07-08,2020-07-09,RELIANCE,1.0,0.5108115673065186,SEARCH_FOLD_B,0.5108115673065186
2020-07-09,2020-07-10,RELIANCE,1.0,0.511074423789978,SEARCH_FOLD_B,0.511074423789978
2020-07-10,2020-07-13,RELIANCE,1.0,0.5111366510391235,SEARCH_FOLD_B,0.5111366510391235
2020-07-13,2020-07-14,RELIANCE,0.0,0.511424720287323,SEARCH_FOLD_B,0.511424720287323
2020-07-14,2020-07-15,RELIANCE,0.0,0.5112168192863464,SEARCH_FOLD_B,0.5112168192863464
2020-07-15,2020-07-16,RELIANCE,0.0,0.5108884572982788,SEARCH_FOLD_B,0.5108884572982788
2020-07-16,2020-07-17,RELIANCE,1.0,0.5106989145278931,SEARCH_FOLD_B,0.5106989145278931
2020-07-17,2020-07-20,RELIANCE,1.0,0.5102651715278625,SEARCH_FOLD_B,0.5102651715278625
2020-07-20,2020-07-21,RELIANCE,1.0,0.5097687840461731,SEARCH_FOLD_B,0.5097687840461731
2020-07-21,2020-07-22,RELIANCE,1.0,0.5090264678001404,SEARCH_FOLD_B,0.5090264678001404
2020-07-22,2020-07-23,RELIANCE,1.0,0.5088066458702087,SEARCH_FOLD_B,0.5088066458702087
2020-07-23,2020-07-24,RELIANCE,1.0,0.5081966519355774,SEARCH_FOLD_B,0.5081966519355774
2020-07-24,2020-07-27,RELIANCE,1.0,0.5082945227622986,SEARCH_FOLD_B,0.5082945227622986
2020-07-27,2020-07-28,RELIANCE,1.0,0.5085235238075256,SEARCH_FOLD_B,0.5085235238075256
2020-07-28,2020-07-29,RELIANCE,0.0,0.508752703666687,SEARCH_FOLD_B,0.508752703666687
2020-07-29,2020-07-30,RELIANCE,1.0,0.5090471506118774,SEARCH_FOLD_B,0.5090471506118774
2020-07-30,2020-07-31,RELIANCE,0.0,0.5095173716545105,SEARCH_FOLD_B,0.5095173716545105
2020-07-31,2020-08-03,RELIANCE,0.0,0.5106959939002991,SEARCH_FOLD_B,0.5106959939002991
2020-08-03,2020-08-04,RELIANCE,1.0,0.5108374357223511,SEARCH_FOLD_B,0.5108374357223511
2020-08-04,2020-08-05,RELIANCE,0.0,0.5104837417602539,SEARCH_FOLD_B,0.5104837417602539
2020-08-05,2020-08-06,RELIANCE,1.0,0.5103592276573181,SEARCH_FOLD_B,0.5103592276573181
2020-08-06,2020-08-07,RELIANCE,1.0,0.5100206136703491,SEARCH_FOLD_B,0.5100206136703491
2020-08-07,2020-08-10,RELIANCE,0.0,0.509763777256012,SEARCH_FOLD_B,0.509763777256012
2020-08-10,2020-08-11,RELIANCE,1.0,0.5093271732330322,SEARCH_FOLD_B,0.5093271732330322
2020-08-11,2020-08-12,RELIANCE,0.0,0.5089964270591736,SEARCH_FOLD_B,0.5089964270591736
2020-08-12,2020-08-13,RELIANCE,0.0,0.5088906288146973,SEARCH_FOLD_B,0.5088906288146973
2020-08-13,2020-08-14,RELIANCE,0.0,0.5087092518806458,SEARCH_FOLD_B,0.5087092518806458
2020-08-14,2020-08-17,RELIANCE,0.0,0.5084713101387024,SEARCH_FOLD_B,0.5084713101387024
2020-08-17,2020-08-18,RELIANCE,1.0,0.5083959102630615,SEARCH_FOLD_B,0.5083959102630615
2020-08-18,2020-08-19,RELIANCE,1.0,0.5076550841331482,SEARCH_FOLD_B,0.5076550841331482
2020-08-19,2020-08-20,RELIANCE,0.0,0.5067654848098755,SEARCH_FOLD_B,0.5067654848098755
2020-08-20,2020-08-21,RELIANCE,0.0,0.5062812566757202,SEARCH_FOLD_B,0.5062812566757202
2020-08-21,2020-08-24,RELIANCE,1.0,0.5058864951133728,SEARCH_FOLD_B,0.5058864951133728
2020-08-24,2020-08-25,RELIANCE,0.0,0.5055360794067383,SEARCH_FOLD_B,0.5055360794067383
2020-08-25,2020-08-26,RELIANCE,1.0,0.5047280192375183,SEARCH_FOLD_B,0.5047280192375183
2020-08-26,2020-08-27,RELIANCE,0.0,0.5046055912971497,SEARCH_FOLD_B,0.5046055912971497
2020-08-27,2020-08-28,RELIANCE,1.0,0.5039081573486328,SEARCH_FOLD_B,0.5039081573486328
2020-08-28,2020-08-31,RELIANCE,0.0,0.5035726428031921,SEARCH_FOLD_B,0.5035726428031921
2020-08-31,2020-09-01,RELIANCE,1.0,0.5027605295181274,SEARCH_FOLD_B,0.5027605295181274
2020-09-01,2020-09-02,RELIANCE,1.0,0.5020644664764404,SEARCH_FOLD_B,0.5020644664764404
2020-09-02,2020-09-03,RELIANCE,0.0,0.5011917352676392,SEARCH_FOLD_B,0.5011917352676392
2020-09-03,2020-09-04,RELIANCE,0.0,0.5000594258308411,SEARCH_FOLD_B,0.5000594258308411
2020-09-04,2020-09-07,RELIANCE,1.0,0.4992359578609466,SEARCH_FOLD_B,0.5007640421390533
2020-09-07,2020-09-08,RELIANCE,1.0,0.497483342885971,SEARCH_FOLD_B,0.5025166571140289
2020-09-08,2020-09-09,RELIANCE,1.0,0.4953073263168335,SEARCH_FOLD_B,0.5046926736831665
2020-09-09,2020-09-10,RELIANCE,1.0,0.4928001165390014,SEARCH_FOLD_B,0.5071998834609985
2020-09-10,2020-09-11,RELIANCE,1.0,0.4907006323337555,SEARCH_FOLD_B,0.5092993676662445
2020-09-11,2020-09-14,RELIANCE,0.0,0.488754391670227,SEARCH_FOLD_B,0.511245608329773
2020-09-14,2020-09-15,RELIANCE,1.0,0.4869513809680938,SEARCH_FOLD_B,0.5130486190319061
2020-09-15,2020-09-16,RELIANCE,1.0,0.4861264526844024,SEARCH_FOLD_B,0.5138735473155975
2020-09-16,2020-09-17,RELIANCE,0.0,0.4849494993686676,SEARCH_FOLD_B,0.5150505006313324
2020-09-17,2020-09-18,RELIANCE,1.0,0.483855128288269,SEARCH_FOLD_B,0.516144871711731
2020-09-18,2020-09-21,RELIANCE,0.0,0.4827472269535064,SEARCH_FOLD_B,0.5172527730464935
2020-09-21,2020-09-22,RELIANCE,0.0,0.4815658926963806,SEARCH_FOLD_B,0.5184341073036194
2020-09-22,2020-09-23,RELIANCE,1.0,0.4807133078575134,SEARCH_FOLD_B,0.5192866921424866
2020-09-23,2020-09-24,RELIANCE,0.0,0.4797478914260864,SEARCH_FOLD_B,0.5202521085739136
2020-09-24,2020-09-25,RELIANCE,1.0,0.4787341654300689,SEARCH_FOLD_B,0.521265834569931
2020-09-25,2020-09-28,RELIANCE,1.0,0.4777987897396087,SEARCH_FOLD_B,0.5222012102603912
2020-09-28,2020-09-29,RELIANCE,1.0,0.4767374992370605,SEARCH_FOLD_B,0.5232625007629395
2020-09-29,2020-09-30,RELIANCE,0.0,0.4758947491645813,SEARCH_FOLD_B,0.5241052508354187
2020-09-30,2020-10-01,RELIANCE,0.0,0.4750969409942627,SEARCH_FOLD_B,0.5249030590057373
2020-10-01,2020-10-05,RELIANCE,0.0,0.4739204943180084,SEARCH_FOLD_B,0.5260795056819916
2020-10-05,2020-10-06,RELIANCE,0.0,0.4730415344238281,SEARCH_FOLD_B,0.5269584655761719
2020-10-06,2020-10-07,RELIANCE,1.0,0.4724829494953155,SEARCH_FOLD_B,0.5275170505046844
2020-10-07,2020-10-08,RELIANCE,0.0,0.4717206358909607,SEARCH_FOLD_B,0.5282793641090393
2020-10-08,2020-10-09,RELIANCE,0.0,0.4717057645320892,SEARCH_FOLD_B,0.5282942354679108
2020-10-09,2020-10-12,RELIANCE,1.0,0.4711102545261383,SEARCH_FOLD_B,0.5288897454738617
2020-10-12,2020-10-13,RELIANCE,1.0,0.4706515371799469,SEARCH_FOLD_B,0.5293484628200531
2020-10-13,2020-10-14,RELIANCE,1.0,0.470306396484375,SEARCH_FOLD_B,0.529693603515625
2020-10-14,2020-10-15,RELIANCE,0.0,0.4703259170055389,SEARCH_FOLD_B,0.5296740829944611
2020-10-15,2020-10-16,RELIANCE,0.0,0.4704812467098236,SEARCH_FOLD_B,0.5295187532901764
2020-10-16,2020-10-19,RELIANCE,1.0,0.4704147577285766,SEARCH_FOLD_B,0.5295852422714233
2020-10-19,2020-10-20,RELIANCE,0.0,0.4703029692173004,SEARCH_FOLD_B,0.5296970307826996
2020-10-20,2020-10-21,RELIANCE,0.0,0.4703657329082489,SEARCH_FOLD_B,0.5296342670917511
2020-10-21,2020-10-22,RELIANCE,0.0,0.4705345928668976,SEARCH_FOLD_B,0.5294654071331024
2020-10-22,2020-10-23,RELIANCE,1.0,0.4708003103733063,SEARCH_FOLD_B,0.5291996896266937
2020-10-23,2020-10-26,RELIANCE,0.0,0.4708909690380096,SEARCH_FOLD_B,0.5291090309619904
2020-10-26,2020-10-27,RELIANCE,1.0,0.4699828922748565,SEARCH_FOLD_B,0.5300171077251434
2020-10-27,2020-10-28,RELIANCE,0.0,0.4686445891857147,SEARCH_FOLD_B,0.5313554108142853
2020-10-28,2020-10-29,RELIANCE,1.0,0.4671021997928619,SEARCH_FOLD_B,0.5328978002071381
2020-10-29,2020-10-30,RELIANCE,1.0,0.4653888642787933,SEARCH_FOLD_B,0.5346111357212067
2020-10-30,2020-11-02,RELIANCE,0.0,0.4634372889995575,SEARCH_FOLD_B,0.5365627110004425
2020-11-02,2020-11-03,RELIANCE,0.0,0.4618072211742401,SEARCH_FOLD_B,0.5381927788257599
2020-11-03,2020-11-04,RELIANCE,1.0,0.4599271714687347,SEARCH_FOLD_B,0.5400728285312653
2020-11-04,2020-11-05,RELIANCE,1.0,0.4582214057445526,SEARCH_FOLD_B,0.5417785942554474
2020-11-05,2020-11-06,RELIANCE,1.0,0.4570738971233368,SEARCH_FOLD_B,0.5429261028766632
2020-11-06,2020-11-09,RELIANCE,1.0,0.4556221067905426,SEARCH_FOLD_B,0.5443778932094574
2020-11-09,2020-11-10,RELIANCE,1.0,0.4546038210391998,SEARCH_FOLD_B,0.5453961789608002
2020-11-10,2020-11-11,RELIANCE,0.0,0.4536666870117187,SEARCH_FOLD_B,0.5463333129882812
2020-11-11,2020-11-12,RELIANCE,0.0,0.4529372453689575,SEARCH_FOLD_B,0.5470627546310425
2020-11-12,2020-11-13,RELIANCE,1.0,0.4521925151348114,SEARCH_FOLD_B,0.5478074848651886
2020-11-13,2020-11-14,RELIANCE,1.0,0.451518177986145,SEARCH_FOLD_B,0.548481822013855
2020-11-14,2020-11-17,RELIANCE,0.0,0.4509404003620147,SEARCH_FOLD_B,0.5490595996379852
2020-11-17,2020-11-18,RELIANCE,0.0,0.4504514038562774,SEARCH_FOLD_B,0.5495485961437225
2020-11-18,2020-11-19,RELIANCE,0.0,0.4502681791782379,SEARCH_FOLD_B,0.5497318208217621
2020-11-19,2020-11-20,RELIANCE,0.0,0.4498270452022552,SEARCH_FOLD_B,0.5501729547977448
2020-11-20,2020-11-23,RELIANCE,1.0,0.4496958255767822,SEARCH_FOLD_B,0.5503041744232178
2020-11-23,2020-11-24,RELIANCE,1.0,0.4495749771595001,SEARCH_FOLD_B,0.5504250228404999
2020-11-24,2020-11-25,RELIANCE,0.0,0.4495744705200195,SEARCH_FOLD_B,0.5504255294799805
2020-11-25,2020-11-26,RELIANCE,1.0,0.4495829343795776,SEARCH_FOLD_B,0.5504170656204224
2020-11-26,2020-11-27,RELIANCE,0.0,0.4492802321910858,SEARCH_FOLD_B,0.5507197678089142
2020-11-27,2020-12-01,RELIANCE,1.0,0.4491701424121856,SEARCH_FOLD_B,0.5508298575878143
2020-12-01,2020-12-02,RELIANCE,1.0,0.4492431581020355,SEARCH_FOLD_B,0.5507568418979645
2020-12-02,2020-12-03,RELIANCE,1.0,0.4493170976638794,SEARCH_FOLD_B,0.5506829023361206
2020-12-03,2020-12-04,RELIANCE,0.0,0.4494869709014892,SEARCH_FOLD_B,0.5505130290985107
2020-12-04,2020-12-07,RELIANCE,1.0,0.4497784376144409,SEARCH_FOLD_B,0.5502215623855591
2020-12-07,2020-12-08,RELIANCE,1.0,0.4502979516983032,SEARCH_FOLD_B,0.5497020483016968
2020-12-08,2020-12-09,RELIANCE,1.0,0.4504248201847076,SEARCH_FOLD_B,0.5495751798152924
2020-12-09,2020-12-10,RELIANCE,0.0,0.4508832097053528,SEARCH_FOLD_B,0.5491167902946472
2020-12-10,2020-12-11,RELIANCE,0.0,0.4513798952102661,SEARCH_FOLD_B,0.5486201047897339
2020-12-11,2020-12-14,RELIANCE,0.0,0.4520455300807953,SEARCH_FOLD_B,0.5479544699192047
2020-12-14,2020-12-15,RELIANCE,0.0,0.452807068824768,SEARCH_FOLD_B,0.5471929311752319
2020-12-15,2020-12-16,RELIANCE,1.0,0.4524097144603729,SEARCH_FOLD_B,0.5475902855396271
2020-12-16,2020-12-17,RELIANCE,1.0,0.4525003433227539,SEARCH_FOLD_B,0.5474996566772461
2020-12-17,2020-12-18,RELIANCE,1.0,0.4530163109302521,SEARCH_FOLD_B,0.5469836890697479
2020-12-18,2020-12-21,RELIANCE,0.0,0.4534985721111297,SEARCH_FOLD_B,0.5465014278888702
2020-12-21,2020-12-22,RELIANCE,0.0,0.4543375670909881,SEARCH_FOLD_B,0.5456624329090118
2020-12-22,2020-12-23,RELIANCE,1.0,0.4548985660076141,SEARCH_FOLD_B,0.5451014339923859
2020-12-23,2020-12-24,RELIANCE,1.0,0.4552960693836212,SEARCH_FOLD_B,0.5447039306163788
2020-12-24,2020-12-28,RELIANCE,1.0,0.4553419351577759,SEARCH_FOLD_B,0.5446580648422241
2020-12-28,2020-12-29,RELIANCE,0.0,0.4554832577705383,SEARCH_FOLD_B,0.5445167422294617
2020-12-29,2020-12-30,RELIANCE,1.0,0.4558544456958771,SEARCH_FOLD_B,0.5441455543041229
2020-12-30,2020-12-31,RELIANCE,0.0,0.4556938707828522,SEARCH_FOLD_B,0.5443061292171478
2020-01-01,2020-01-02,TCS,0.0,0.5273450016975403,SEARCH_FOLD_B,0.5273450016975403
2020-01-02,2020-01-03,TCS,1.0,0.5255659222602844,SEARCH_FOLD_B,0.5255659222602844
2020-01-03,2020-01-06,TCS,0.0,0.5240032076835632,SEARCH_FOLD_B,0.5240032076835632
2020-01-06,2020-01-07,TCS,1.0,0.5219092965126038,SEARCH_FOLD_B,0.5219092965126038
2020-01-07,2020-01-08,TCS,1.0,0.5200991630554199,SEARCH_FOLD_B,0.5200991630554199
2020-01-08,2020-01-09,TCS,0.0,0.5177561044692993,SEARCH_FOLD_B,0.5177561044692993
2020-01-09,2020-01-10,TCS,0.0,0.51571124792099,SEARCH_FOLD_B,0.51571124792099
2020-01-10,2020-01-13,TCS,0.0,0.5141288042068481,SEARCH_FOLD_B,0.5141288042068481
2020-01-13,2020-01-14,TCS,1.0,0.5123664736747742,SEARCH_FOLD_B,0.5123664736747742
2020-01-14,2020-01-15,TCS,1.0,0.5104396939277649,SEARCH_FOLD_B,0.5104396939277649
2020-01-15,2020-01-16,TCS,1.0,0.5091135501861572,SEARCH_FOLD_B,0.5091135501861572
2020-01-16,2020-01-17,TCS,0.0,0.5081589818000793,SEARCH_FOLD_B,0.5081589818000793
2020-01-17,2020-01-20,TCS,0.0,0.507892370223999,SEARCH_FOLD_B,0.507892370223999
2020-01-20,2020-01-21,TCS,1.0,0.507861852645874,SEARCH_FOLD_B,0.507861852645874
2020-01-21,2020-01-22,TCS,1.0,0.5071622133255005,SEARCH_FOLD_B,0.5071622133255005
2020-01-22,2020-01-23,TCS,0.0,0.5060123205184937,SEARCH_FOLD_B,0.5060123205184937
2020-01-23,2020-01-24,TCS,0.0,0.5056683421134949,SEARCH_FOLD_B,0.5056683421134949
2020-01-24,2020-01-27,TCS,0.0,0.5049410462379456,SEARCH_FOLD_B,0.5049410462379456
2020-01-27,2020-01-28,TCS,1.0,0.5051581263542175,SEARCH_FOLD_B,0.5051581263542175
2020-01-28,2020-01-29,TCS,0.0,0.506193995475769,SEARCH_FOLD_B,0.506193995475769
2020-01-29,2020-01-30,TCS,0.0,0.5078696012496948,SEARCH_FOLD_B,0.5078696012496948
2020-01-30,2020-01-31,TCS,0.0,0.50979083776474,SEARCH_FOLD_B,0.50979083776474
2020-01-31,2020-02-03,TCS,1.0,0.5125717520713806,SEARCH_FOLD_B,0.5125717520713806
2020-02-03,2020-02-04,TCS,1.0,0.5153905153274536,SEARCH_FOLD_B,0.5153905153274536
2020-02-04,2020-02-05,TCS,1.0,0.5183533430099487,SEARCH_FOLD_B,0.5183533430099487
2020-02-05,2020-02-06,TCS,0.0,0.5209724307060242,SEARCH_FOLD_B,0.5209724307060242
2020-02-06,2020-02-07,TCS,1.0,0.5232257843017578,SEARCH_FOLD_B,0.5232257843017578
2020-02-07,2020-02-10,TCS,1.0,0.5251570343971252,SEARCH_FOLD_B,0.5251570343971252
2020-02-10,2020-02-11,TCS,0.0,0.5264933109283447,SEARCH_FOLD_B,0.5264933109283447
2020-02-11,2020-02-12,TCS,1.0,0.5271837115287781,SEARCH_FOLD_B,0.5271837115287781
2020-02-12,2020-02-13,TCS,1.0,0.5276318192481995,SEARCH_FOLD_B,0.5276318192481995
2020-02-13,2020-02-14,TCS,0.0,0.5275165438652039,SEARCH_FOLD_B,0.5275165438652039
2020-02-14,2020-02-17,TCS,1.0,0.5277165770530701,SEARCH_FOLD_B,0.5277165770530701
2020-02-17,2020-02-18,TCS,1.0,0.5275134444236755,SEARCH_FOLD_B,0.5275134444236755
2020-02-18,2020-02-19,TCS,0.0,0.5272763967514038,SEARCH_FOLD_B,0.5272763967514038
2020-02-19,2020-02-20,TCS,0.0,0.5275555849075317,SEARCH_FOLD_B,0.5275555849075317
2020-02-20,2020-02-24,TCS,0.0,0.5271182060241699,SEARCH_FOLD_B,0.5271182060241699
2020-02-24,2020-02-25,TCS,1.0,0.5269114971160889,SEARCH_FOLD_B,0.5269114971160889
2020-02-25,2020-02-26,TCS,0.0,0.5263673663139343,SEARCH_FOLD_B,0.5263673663139343
2020-02-26,2020-02-27,TCS,0.0,0.5263576507568359,SEARCH_FOLD_B,0.5263576507568359
2020-02-27,2020-02-28,TCS,0.0,0.5268827080726624,SEARCH_FOLD_B,0.5268827080726624
2020-02-28,2020-03-02,TCS,1.0,0.5279942154884338,SEARCH_FOLD_B,0.5279942154884338
2020-03-02,2020-03-03,TCS,1.0,0.529180109500885,SEARCH_FOLD_B,0.529180109500885
2020-03-03,2020-03-04,TCS,1.0,0.5295897722244263,SEARCH_FOLD_B,0.5295897722244263
2020-03-04,2020-03-05,TCS,1.0,0.5301087498664856,SEARCH_FOLD_B,0.5301087498664856
2020-03-05,2020-03-06,TCS,0.0,0.5311428904533386,SEARCH_FOLD_B,0.5311428904533386
2020-03-06,2020-03-09,TCS,0.0,0.531693160533905,SEARCH_FOLD_B,0.531693160533905
2020-03-09,2020-03-11,TCS,0.0,0.5322361588478088,SEARCH_FOLD_B,0.5322361588478088
2020-03-11,2020-03-12,TCS,0.0,0.5327150225639343,SEARCH_FOLD_B,0.5327150225639343
2020-03-12,2020-03-13,TCS,1.0,0.5336903929710388,SEARCH_FOLD_B,0.5336903929710388
2020-03-13,2020-03-16,TCS,0.0,0.5342500805854797,SEARCH_FOLD_B,0.5342500805854797
2020-03-16,2020-03-17,TCS,0.0,0.5346702933311462,SEARCH_FOLD_B,0.5346702933311462
2020-03-17,2020-03-18,TCS,0.0,0.534391462802887,SEARCH_FOLD_B,0.534391462802887
2020-03-18,2020-03-19,TCS,0.0,0.5346671342849731,SEARCH_FOLD_B,0.5346671342849731
2020-03-19,2020-03-20,TCS,1.0,0.5349858999252319,SEARCH_FOLD_B,0.5349858999252319
2020-03-20,2020-03-23,TCS,0.0,0.5359917283058167,SEARCH_FOLD_B,0.5359917283058167
2020-03-23,2020-03-24,TCS,1.0,0.5366584658622742,SEARCH_FOLD_B,0.5366584658622742
2020-03-24,2020-03-25,TCS,1.0,0.5375611782073975,SEARCH_FOLD_B,0.5375611782073975
2020-03-25,2020-03-26,TCS,1.0,0.538895845413208,SEARCH_FOLD_B,0.538895845413208
2020-03-26,2020-03-27,TCS,1.0,0.5400420427322388,SEARCH_FOLD_B,0.5400420427322388
2020-03-27,2020-03-30,TCS,0.0,0.541527509689331,SEARCH_FOLD_B,0.541527509689331
2020-03-30,2020-03-31,TCS,1.0,0.5433773994445801,SEARCH_FOLD_B,0.5433773994445801
2020-03-31,2020-04-01,TCS,0.0,0.5450310111045837,SEARCH_FOLD_B,0.5450310111045837
2020-04-01,2020-04-03,TCS,0.0,0.5470945835113525,SEARCH_FOLD_B,0.5470945835113525
2020-04-03,2020-04-07,TCS,1.0,0.5493518114089966,SEARCH_FOLD_B,0.5493518114089966
2020-04-07,2020-04-08,TCS,0.0,0.5512316226959229,SEARCH_FOLD_B,0.5512316226959229
2020-04-08,2020-04-09,TCS,1.0,0.5523760318756104,SEARCH_FOLD_B,0.5523760318756104
2020-04-09,2020-04-13,TCS,0.0,0.5527313947677612,SEARCH_FOLD_B,0.5527313947677612
2020-04-13,2020-04-15,TCS,0.0,0.5536929965019226,SEARCH_FOLD_B,0.5536929965019226
2020-04-15,2020-04-16,TCS,0.0,0.5539825558662415,SEARCH_FOLD_B,0.5539825558662415
2020-04-16,2020-04-17,TCS,1.0,0.5540863275527954,SEARCH_FOLD_B,0.5540863275527954
2020-04-17,2020-04-20,TCS,1.0,0.5528273582458496,SEARCH_FOLD_B,0.5528273582458496
2020-04-20,2020-04-21,TCS,0.0,0.5516048669815063,SEARCH_FOLD_B,0.5516048669815063
2020-04-21,2020-04-22,TCS,1.0,0.5508021712303162,SEARCH_FOLD_B,0.5508021712303162
2020-04-22,2020-04-23,TCS,1.0,0.5505721569061279,SEARCH_FOLD_B,0.5505721569061279
2020-04-23,2020-04-24,TCS,0.0,0.5508435368537903,SEARCH_FOLD_B,0.5508435368537903
2020-04-24,2020-04-27,TCS,1.0,0.5510270595550537,SEARCH_FOLD_B,0.5510270595550537
2020-04-27,2020-04-28,TCS,1.0,0.5499658584594727,SEARCH_FOLD_B,0.5499658584594727
2020-04-28,2020-04-29,TCS,1.0,0.5490049719810486,SEARCH_FOLD_B,0.5490049719810486
2020-04-29,2020-04-30,TCS,1.0,0.5471614599227905,SEARCH_FOLD_B,0.5471614599227905
2020-04-30,2020-05-04,TCS,0.0,0.5456260442733765,SEARCH_FOLD_B,0.5456260442733765
2020-05-04,2020-05-05,TCS,1.0,0.5436569452285767,SEARCH_FOLD_B,0.5436569452285767
2020-05-05,2020-05-06,TCS,0.0,0.5415955781936646,SEARCH_FOLD_B,0.5415955781936646
2020-05-06,2020-05-07,TCS,0.0,0.5395473837852478,SEARCH_FOLD_B,0.5395473837852478
2020-05-07,2020-05-08,TCS,1.0,0.5374541282653809,SEARCH_FOLD_B,0.5374541282653809
2020-05-08,2020-05-11,TCS,1.0,0.5363496541976929,SEARCH_FOLD_B,0.5363496541976929
2020-05-11,2020-05-12,TCS,1.0,0.5346214175224304,SEARCH_FOLD_B,0.5346214175224304
2020-05-12,2020-05-13,TCS,1.0,0.533140242099762,SEARCH_FOLD_B,0.533140242099762
2020-05-13,2020-05-14,TCS,0.0,0.5317561030387878,SEARCH_FOLD_B,0.5317561030387878
2020-05-14,2020-05-15,TCS,0.0,0.5306664705276489,SEARCH_FOLD_B,0.5306664705276489
2020-05-15,2020-05-18,TCS,1.0,0.5300127267837524,SEARCH_FOLD_B,0.5300127267837524
2020-05-18,2020-05-19,TCS,1.0,0.5293504595756531,SEARCH_FOLD_B,0.5293504595756531
2020-05-19,2020-05-20,TCS,1.0,0.5291898250579834,SEARCH_FOLD_B,0.5291898250579834
2020-05-20,2020-05-21,TCS,1.0,0.5283257365226746,SEARCH_FOLD_B,0.5283257365226746
2020-05-21,2020-05-22,TCS,1.0,0.5271091461181641,SEARCH_FOLD_B,0.5271091461181641
2020-05-22,2020-05-26,TCS,0.0,0.5265272855758667,SEARCH_FOLD_B,0.5265272855758667
2020-05-26,2020-05-27,TCS,1.0,0.5251845121383667,SEARCH_FOLD_B,0.5251845121383667
2020-05-27,2020-05-28,TCS,0.0,0.5243604183197021,SEARCH_FOLD_B,0.5243604183197021
2020-05-28,2020-05-29,TCS,0.0,0.5232298970222473,SEARCH_FOLD_B,0.5232298970222473
2020-05-29,2020-06-01,TCS,1.0,0.5221232175827026,SEARCH_FOLD_B,0.5221232175827026
2020-06-01,2020-06-02,TCS,1.0,0.5206925272941589,SEARCH_FOLD_B,0.5206925272941589
2020-06-02,2020-06-03,TCS,0.0,0.5204998850822449,SEARCH_FOLD_B,0.5204998850822449
2020-06-03,2020-06-04,TCS,1.0,0.5198450088500977,SEARCH_FOLD_B,0.5198450088500977
2020-06-04,2020-06-05,TCS,0.0,0.5180613398551941,SEARCH_FOLD_B,0.5180613398551941
2020-06-05,2020-06-08,TCS,1.0,0.5166381597518921,SEARCH_FOLD_B,0.5166381597518921
2020-06-08,2020-06-09,TCS,1.0,0.5168214440345764,SEARCH_FOLD_B,0.5168214440345764
2020-06-09,2020-06-10,TCS,1.0,0.5158227682113647,SEARCH_FOLD_B,0.5158227682113647
2020-06-10,2020-06-11,TCS,0.0,0.5152702331542969,SEARCH_FOLD_B,0.5152702331542969
2020-06-11,2020-06-12,TCS,0.0,0.5149936676025391,SEARCH_FOLD_B,0.5149936676025391
2020-06-12,2020-06-15,TCS,0.0,0.5154606103897095,SEARCH_FOLD_B,0.5154606103897095
2020-06-15,2020-06-16,TCS,1.0,0.5170250535011292,SEARCH_FOLD_B,0.5170250535011292
2020-06-16,2020-06-17,TCS,1.0,0.5172566175460815,SEARCH_FOLD_B,0.5172566175460815
2020-06-17,2020-06-18,TCS,0.0,0.517911434173584,SEARCH_FOLD_B,0.517911434173584
2020-06-18,2020-06-19,TCS,1.0,0.5183492302894592,SEARCH_FOLD_B,0.5183492302894592
2020-06-19,2020-06-22,TCS,0.0,0.5186017751693726,SEARCH_FOLD_B,0.5186017751693726
2020-06-22,2020-06-23,TCS,1.0,0.5189434885978699,SEARCH_FOLD_B,0.5189434885978699
2020-06-23,2020-06-24,TCS,1.0,0.5197116136550903,SEARCH_FOLD_B,0.5197116136550903
2020-06-24,2020-06-25,TCS,0.0,0.5204509496688843,SEARCH_FOLD_B,0.5204509496688843
2020-06-25,2020-06-26,TCS,1.0,0.5211082100868225,SEARCH_FOLD_B,0.5211082100868225
2020-06-26,2020-06-29,TCS,0.0,0.5208399295806885,SEARCH_FOLD_B,0.5208399295806885
2020-06-29,2020-06-30,TCS,0.0,0.5201692581176758,SEARCH_FOLD_B,0.5201692581176758
2020-06-30,2020-07-01,TCS,1.0,0.5200170874595642,SEARCH_FOLD_B,0.5200170874595642
2020-07-01,2020-07-02,TCS,1.0,0.5195832252502441,SEARCH_FOLD_B,0.5195832252502441
2020-07-02,2020-07-03,TCS,1.0,0.5191165804862976,SEARCH_FOLD_B,0.5191165804862976
2020-07-03,2020-07-06,TCS,1.0,0.5188746452331543,SEARCH_FOLD_B,0.5188746452331543
2020-07-06,2020-07-07,TCS,1.0,0.518818199634552,SEARCH_FOLD_B,0.518818199634552
2020-07-07,2020-07-08,TCS,0.0,0.5172207355499268,SEARCH_FOLD_B,0.5172207355499268
2020-07-08,2020-07-09,TCS,0.0,0.5164281725883484,SEARCH_FOLD_B,0.5164281725883484
2020-07-09,2020-07-10,TCS,1.0,0.5153486132621765,SEARCH_FOLD_B,0.5153486132621765
2020-07-10,2020-07-13,TCS,0.0,0.5136971473693848,SEARCH_FOLD_B,0.5136971473693848
2020-07-13,2020-07-14,TCS,0.0,0.5132434368133545,SEARCH_FOLD_B,0.5132434368133545
2020-07-14,2020-07-15,TCS,1.0,0.5129777789115906,SEARCH_FOLD_B,0.5129777789115906
2020-07-15,2020-07-16,TCS,1.0,0.5127589702606201,SEARCH_FOLD_B,0.5127589702606201
2020-07-16,2020-07-17,TCS,0.0,0.5131247043609619,SEARCH_FOLD_B,0.5131247043609619
2020-07-17,2020-07-20,TCS,1.0,0.5128668546676636,SEARCH_FOLD_B,0.5128668546676636
2020-07-20,2020-07-21,TCS,1.0,0.513047456741333,SEARCH_FOLD_B,0.513047456741333
2020-07-21,2020-07-22,TCS,0.0,0.5132404565811157,SEARCH_FOLD_B,0.5132404565811157
2020-07-22,2020-07-23,TCS,0.0,0.5139092206954956,SEARCH_FOLD_B,0.5139092206954956
2020-07-23,2020-07-24,TCS,0.0,0.5140765905380249,SEARCH_FOLD_B,0.5140765905380249
2020-07-24,2020-07-27,TCS,1.0,0.5140637159347534,SEARCH_FOLD_B,0.5140637159347534
2020-07-27,2020-07-28,TCS,1.0,0.5138577818870544,SEARCH_FOLD_B,0.5138577818870544
2020-07-28,2020-07-29,TCS,0.0,0.5136598348617554,SEARCH_FOLD_B,0.5136598348617554
2020-07-29,2020-07-30,TCS,1.0,0.513282299041748,SEARCH_FOLD_B,0.513282299041748
2020-07-30,2020-07-31,TCS,1.0,0.5125657916069031,SEARCH_FOLD_B,0.5125657916069031
2020-07-31,2020-08-03,TCS,0.0,0.5118695497512817,SEARCH_FOLD_B,0.5118695497512817
2020-08-03,2020-08-04,TCS,0.0,0.5108438730239868,SEARCH_FOLD_B,0.5108438730239868
2020-08-04,2020-08-05,TCS,1.0,0.510110080242157,SEARCH_FOLD_B,0.510110080242157
2020-08-05,2020-08-06,TCS,1.0,0.5096009373664856,SEARCH_FOLD_B,0.5096009373664856
2020-08-06,2020-08-07,TCS,0.0,0.5084654688835144,SEARCH_FOLD_B,0.5084654688835144
2020-08-07,2020-08-10,TCS,0.0,0.5088863968849182,SEARCH_FOLD_B,0.5088863968849182
2020-08-10,2020-08-11,TCS,0.0,0.5089160203933716,SEARCH_FOLD_B,0.5089160203933716
2020-08-11,2020-08-12,TCS,0.0,0.5086875557899475,SEARCH_FOLD_B,0.5086875557899475
2020-08-12,2020-08-13,TCS,0.0,0.5087714195251465,SEARCH_FOLD_B,0.5087714195251465
2020-08-13,2020-08-14,TCS,0.0,0.5097566843032837,SEARCH_FOLD_B,0.5097566843032837
2020-08-14,2020-08-17,TCS,1.0,0.5111849308013916,SEARCH_FOLD_B,0.5111849308013916
2020-08-17,2020-08-18,TCS,1.0,0.5130895376205444,SEARCH_FOLD_B,0.5130895376205444
2020-08-18,2020-08-19,TCS,0.0,0.5150505900382996,SEARCH_FOLD_B,0.5150505900382996
2020-08-19,2020-08-20,TCS,0.0,0.5164193511009216,SEARCH_FOLD_B,0.5164193511009216
2020-08-20,2020-08-21,TCS,0.0,0.5176252126693726,SEARCH_FOLD_B,0.5176252126693726
2020-08-21,2020-08-24,TCS,0.0,0.5189473032951355,SEARCH_FOLD_B,0.5189473032951355
2020-08-24,2020-08-25,TCS,0.0,0.5201340913772583,SEARCH_FOLD_B,0.5201340913772583
2020-08-25,2020-08-26,TCS,1.0,0.5204846858978271,SEARCH_FOLD_B,0.5204846858978271
2020-08-26,2020-08-27,TCS,0.0,0.5212868452072144,SEARCH_FOLD_B,0.5212868452072144
2020-08-27,2020-08-28,TCS,0.0,0.521870493888855,SEARCH_FOLD_B,0.521870493888855
2020-08-28,2020-08-31,TCS,1.0,0.521894097328186,SEARCH_FOLD_B,0.521894097328186
2020-08-31,2020-09-01,TCS,0.0,0.5218813419342041,SEARCH_FOLD_B,0.5218813419342041
2020-09-01,2020-09-02,TCS,1.0,0.521937370300293,SEARCH_FOLD_B,0.521937370300293
2020-09-02,2020-09-03,TCS,1.0,0.5213110446929932,SEARCH_FOLD_B,0.5213110446929932
2020-09-03,2020-09-04,TCS,0.0,0.5201274156570435,SEARCH_FOLD_B,0.5201274156570435
2020-09-04,2020-09-07,TCS,1.0,0.5186803340911865,SEARCH_FOLD_B,0.5186803340911865
2020-09-07,2020-09-08,TCS,1.0,0.5176466107368469,SEARCH_FOLD_B,0.5176466107368469
2020-09-08,2020-09-09,TCS,0.0,0.5174292922019958,SEARCH_FOLD_B,0.5174292922019958
2020-09-09,2020-09-10,TCS,1.0,0.5165371894836426,SEARCH_FOLD_B,0.5165371894836426
2020-09-10,2020-09-11,TCS,1.0,0.5158278346061707,SEARCH_FOLD_B,0.5158278346061707
2020-09-11,2020-09-14,TCS,1.0,0.515091061592102,SEARCH_FOLD_B,0.515091061592102
2020-09-14,2020-09-15,TCS,0.0,0.5138152837753296,SEARCH_FOLD_B,0.5138152837753296
2020-09-15,2020-09-16,TCS,1.0,0.5123261213302612,SEARCH_FOLD_B,0.5123261213302612
2020-09-16,2020-09-17,TCS,0.0,0.510890007019043,SEARCH_FOLD_B,0.510890007019043
2020-09-17,2020-09-18,TCS,0.0,0.5099838376045227,SEARCH_FOLD_B,0.5099838376045227
2020-09-18,2020-09-21,TCS,1.0,0.5088421106338501,SEARCH_FOLD_B,0.5088421106338501
2020-09-21,2020-09-22,TCS,1.0,0.5075867176055908,SEARCH_FOLD_B,0.5075867176055908
2020-09-22,2020-09-23,TCS,0.0,0.5063582062721252,SEARCH_FOLD_B,0.5063582062721252
2020-09-23,2020-09-24,TCS,0.0,0.5049432516098022,SEARCH_FOLD_B,0.5049432516098022
2020-09-24,2020-09-25,TCS,1.0,0.5038569569587708,SEARCH_FOLD_B,0.5038569569587708
2020-09-25,2020-09-28,TCS,1.0,0.502886176109314,SEARCH_FOLD_B,0.502886176109314
2020-09-28,2020-09-29,TCS,1.0,0.5023742318153381,SEARCH_FOLD_B,0.5023742318153381
2020-09-29,2020-09-30,TCS,1.0,0.50223708152771,SEARCH_FOLD_B,0.50223708152771
2020-09-30,2020-10-01,TCS,1.0,0.501937210559845,SEARCH_FOLD_B,0.501937210559845
2020-10-01,2020-10-05,TCS,1.0,0.5015568137168884,SEARCH_FOLD_B,0.5015568137168884
2020-10-05,2020-10-06,TCS,1.0,0.5008584856987,SEARCH_FOLD_B,0.5008584856987
2020-10-06,2020-10-07,TCS,1.0,0.4999455213546753,SEARCH_FOLD_B,0.5000544786453247
2020-10-07,2020-10-08,TCS,1.0,0.4990949332714081,SEARCH_FOLD_B,0.5009050667285919
2020-10-08,2020-10-09,TCS,0.0,0.4983641505241394,SEARCH_FOLD_B,0.5016358494758606
2020-10-09,2020-10-12,TCS,1.0,0.4973916709423065,SEARCH_FOLD_B,0.5026083290576935
2020-10-12,2020-10-13,TCS,0.0,0.4961688816547394,SEARCH_FOLD_B,0.5038311183452606
2020-10-13,2020-10-14,TCS,0.0,0.4953994154930115,SEARCH_FOLD_B,0.5046005845069885
2020-10-14,2020-10-15,TCS,0.0,0.4943799376487732,SEARCH_FOLD_B,0.5056200623512268
2020-10-15,2020-10-16,TCS,1.0,0.4938982427120209,SEARCH_FOLD_B,0.5061017572879791
2020-10-16,2020-10-19,TCS,0.0,0.4942188560962677,SEARCH_FOLD_B,0.5057811439037323
2020-10-19,2020-10-20,TCS,1.0,0.4945533573627472,SEARCH_FOLD_B,0.5054466426372528
2020-10-20,2020-10-21,TCS,0.0,0.4956059157848358,SEARCH_FOLD_B,0.5043940842151642
2020-10-21,2020-10-22,TCS,0.0,0.4970836043357849,SEARCH_FOLD_B,0.5029163956642151
2020-10-22,2020-10-23,TCS,1.0,0.4985827505588531,SEARCH_FOLD_B,0.5014172494411469
2020-10-23,2020-10-26,TCS,1.0,0.5003412365913391,SEARCH_FOLD_B,0.5003412365913391
2020-10-26,2020-10-27,TCS,0.0,0.5025583505630493,SEARCH_FOLD_B,0.5025583505630493
2020-10-27,2020-10-28,TCS,0.0,0.5053238272666931,SEARCH_FOLD_B,0.5053238272666931
2020-10-28,2020-10-29,TCS,1.0,0.5082545280456543,SEARCH_FOLD_B,0.5082545280456543
2020-10-29,2020-10-30,TCS,1.0,0.5114921927452087,SEARCH_FOLD_B,0.5114921927452087
2020-10-30,2020-11-02,TCS,0.0,0.5142829418182373,SEARCH_FOLD_B,0.5142829418182373
2020-11-02,2020-11-03,TCS,1.0,0.516856849193573,SEARCH_FOLD_B,0.516856849193573
2020-11-03,2020-11-04,TCS,1.0,0.5194087624549866,SEARCH_FOLD_B,0.5194087624549866
2020-11-04,2020-11-05,TCS,1.0,0.5221864581108093,SEARCH_FOLD_B,0.5221864581108093
2020-11-05,2020-11-06,TCS,1.0,0.5240438580513,SEARCH_FOLD_B,0.5240438580513
2020-11-06,2020-11-09,TCS,1.0,0.5237980484962463,SEARCH_FOLD_B,0.5237980484962463
2020-11-09,2020-11-10,TCS,0.0,0.5239794850349426,SEARCH_FOLD_B,0.5239794850349426
2020-11-10,2020-11-11,TCS,1.0,0.5237918496131897,SEARCH_FOLD_B,0.5237918496131897
2020-11-11,2020-11-12,TCS,0.0,0.524000346660614,SEARCH_FOLD_B,0.524000346660614
2020-11-12,2020-11-13,TCS,0.0,0.5241135954856873,SEARCH_FOLD_B,0.5241135954856873
2020-11-13,2020-11-14,TCS,1.0,0.5245026350021362,SEARCH_FOLD_B,0.5245026350021362
2020-11-14,2020-11-17,TCS,0.0,0.5256184339523315,SEARCH_FOLD_B,0.5256184339523315
2020-11-17,2020-11-18,TCS,0.0,0.5269815325737,SEARCH_FOLD_B,0.5269815325737
2020-11-18,2020-11-19,TCS,1.0,0.5285212993621826,SEARCH_FOLD_B,0.5285212993621826
2020-11-19,2020-11-20,TCS,1.0,0.530199408531189,SEARCH_FOLD_B,0.530199408531189
2020-11-20,2020-11-23,TCS,1.0,0.5318058133125305,SEARCH_FOLD_B,0.5318058133125305
2020-11-23,2020-11-24,TCS,0.0,0.5331805944442749,SEARCH_FOLD_B,0.5331805944442749
2020-11-24,2020-11-25,TCS,0.0,0.5343248844146729,SEARCH_FOLD_B,0.5343248844146729
2020-11-25,2020-11-26,TCS,1.0,0.5351197123527527,SEARCH_FOLD_B,0.5351197123527527
2020-11-26,2020-11-27,TCS,0.0,0.5350441336631775,SEARCH_FOLD_B,0.5350441336631775
2020-11-27,2020-12-01,TCS,1.0,0.5348541736602783,SEARCH_FOLD_B,0.5348541736602783
2020-12-01,2020-12-02,TCS,1.0,0.5339134335517883,SEARCH_FOLD_B,0.5339134335517883
2020-12-02,2020-12-03,TCS,0.0,0.5328879952430725,SEARCH_FOLD_B,0.5328879952430725
2020-12-03,2020-12-04,TCS,1.0,0.5311668515205383,SEARCH_FOLD_B,0.5311668515205383
2020-12-04,2020-12-07,TCS,1.0,0.5292486548423767,SEARCH_FOLD_B,0.5292486548423767
2020-12-07,2020-12-08,TCS,1.0,0.5275223255157471,SEARCH_FOLD_B,0.5275223255157471
2020-12-08,2020-12-09,TCS,1.0,0.5257529020309448,SEARCH_FOLD_B,0.5257529020309448
2020-12-09,2020-12-10,TCS,0.0,0.5233226418495178,SEARCH_FOLD_B,0.5233226418495178
2020-12-10,2020-12-11,TCS,0.0,0.5207335352897644,SEARCH_FOLD_B,0.5207335352897644
2020-12-11,2020-12-14,TCS,1.0,0.5181662440299988,SEARCH_FOLD_B,0.5181662440299988
2020-12-14,2020-12-15,TCS,0.0,0.5158800482749939,SEARCH_FOLD_B,0.5158800482749939
2020-12-15,2020-12-16,TCS,1.0,0.5134407877922058,SEARCH_FOLD_B,0.5134407877922058
2020-12-16,2020-12-17,TCS,1.0,0.5114254951477051,SEARCH_FOLD_B,0.5114254951477051
2020-12-17,2020-12-18,TCS,1.0,0.509678304195404,SEARCH_FOLD_B,0.509678304195404
2020-12-18,2020-12-21,TCS,0.0,0.5084320306777954,SEARCH_FOLD_B,0.5084320306777954
2020-12-21,2020-12-22,TCS,1.0,0.507587730884552,SEARCH_FOLD_B,0.507587730884552
2020-12-22,2020-12-23,TCS,1.0,0.5071105360984802,SEARCH_FOLD_B,0.5071105360984802
2020-12-23,2020-12-24,TCS,1.0,0.505756676197052,SEARCH_FOLD_B,0.505756676197052
2020-12-24,2020-12-28,TCS,1.0,0.5049139261245728,SEARCH_FOLD_B,0.5049139261245728
2020-12-28,2020-12-29,TCS,1.0,0.5038481950759888,SEARCH_FOLD_B,0.5038481950759888
2020-12-29,2020-12-30,TCS,0.0,0.5026346445083618,SEARCH_FOLD_B,0.5026346445083618
2020-12-30,2020-12-31,TCS,0.0,0.5016640424728394,SEARCH_FOLD_B,0.5016640424728394
2020-01-01,2020-01-02,INFY,0.0,0.5204023718833923,SEARCH_FOLD_B,0.5204023718833923
2020-01-02,2020-01-03,INFY,1.0,0.5188654661178589,SEARCH_FOLD_B,0.5188654661178589
2020-01-03,2020-01-06,INFY,0.0,0.5173780918121338,SEARCH_FOLD_B,0.5173780918121338
2020-01-06,2020-01-07,INFY,0.0,0.5152987241744995,SEARCH_FOLD_B,0.5152987241744995
2020-01-07,2020-01-08,INFY,0.0,0.5134010910987854,SEARCH_FOLD_B,0.5134010910987854
2020-01-08,2020-01-09,INFY,1.0,0.5114250779151917,SEARCH_FOLD_B,0.5114250779151917
2020-01-09,2020-01-10,INFY,1.0,0.509739100933075,SEARCH_FOLD_B,0.509739100933075
2020-01-10,2020-01-13,INFY,1.0,0.5083360075950623,SEARCH_FOLD_B,0.5083360075950623
2020-01-13,2020-01-14,INFY,1.0,0.5069485902786255,SEARCH_FOLD_B,0.5069485902786255
2020-01-14,2020-01-15,INFY,0.0,0.5053688883781433,SEARCH_FOLD_B,0.5053688883781433
2020-01-15,2020-01-16,INFY,0.0,0.5040993690490723,SEARCH_FOLD_B,0.5040993690490723
2020-01-16,2020-01-17,INFY,1.0,0.503144383430481,SEARCH_FOLD_B,0.503144383430481
2020-01-17,2020-01-20,INFY,1.0,0.5024875998497009,SEARCH_FOLD_B,0.5024875998497009
2020-01-20,2020-01-21,INFY,0.0,0.5019269585609436,SEARCH_FOLD_B,0.5019269585609436
2020-01-21,2020-01-22,INFY,1.0,0.5015519261360168,SEARCH_FOLD_B,0.5015519261360168
2020-01-22,2020-01-23,INFY,1.0,0.5011444091796875,SEARCH_FOLD_B,0.5011444091796875
2020-01-23,2020-01-24,INFY,0.0,0.500972330570221,SEARCH_FOLD_B,0.500972330570221
2020-01-24,2020-01-27,INFY,0.0,0.5000438690185547,SEARCH_FOLD_B,0.5000438690185547
2020-01-27,2020-01-28,INFY,0.0,0.4993460476398468,SEARCH_FOLD_B,0.5006539523601532
2020-01-28,2020-01-29,INFY,1.0,0.4987668395042419,SEARCH_FOLD_B,0.5012331604957581
2020-01-29,2020-01-30,INFY,0.0,0.4984881281852722,SEARCH_FOLD_B,0.5015118718147278
2020-01-30,2020-01-31,INFY,0.0,0.498306542634964,SEARCH_FOLD_B,0.501693457365036
2020-01-31,2020-02-03,INFY,0.0,0.4982019662857055,SEARCH_FOLD_B,0.5017980337142944
2020-02-03,2020-02-04,INFY,1.0,0.4984154999256134,SEARCH_FOLD_B,0.5015845000743866
2020-02-04,2020-02-05,INFY,0.0,0.4988355338573456,SEARCH_FOLD_B,0.5011644661426544
2020-02-05,2020-02-06,INFY,0.0,0.4992728233337402,SEARCH_FOLD_B,0.5007271766662598
2020-02-06,2020-02-07,INFY,1.0,0.4996893405914306,SEARCH_FOLD_B,0.5003106594085693
2020-02-07,2020-02-10,INFY,0.0,0.5003682374954224,SEARCH_FOLD_B,0.5003682374954224
2020-02-10,2020-02-11,INFY,1.0,0.500953733921051,SEARCH_FOLD_B,0.500953733921051
2020-02-11,2020-02-12,INFY,1.0,0.5014758706092834,SEARCH_FOLD_B,0.5014758706092834
2020-02-12,2020-02-13,INFY,1.0,0.5021392107009888,SEARCH_FOLD_B,0.5021392107009888
2020-02-13,2020-02-14,INFY,0.0,0.5026358366012573,SEARCH_FOLD_B,0.5026358366012573
2020-02-14,2020-02-17,INFY,1.0,0.5032957196235657,SEARCH_FOLD_B,0.5032957196235657
2020-02-17,2020-02-18,INFY,1.0,0.5036104917526245,SEARCH_FOLD_B,0.5036104917526245
2020-02-18,2020-02-19,INFY,1.0,0.5033937692642212,SEARCH_FOLD_B,0.5033937692642212
2020-02-19,2020-02-20,INFY,0.0,0.5026518106460571,SEARCH_FOLD_B,0.5026518106460571
2020-02-20,2020-02-24,INFY,0.0,0.5020411014556885,SEARCH_FOLD_B,0.5020411014556885
2020-02-24,2020-02-25,INFY,1.0,0.50182044506073,SEARCH_FOLD_B,0.50182044506073
2020-02-25,2020-02-26,INFY,0.0,0.50184166431427,SEARCH_FOLD_B,0.50184166431427
2020-02-26,2020-02-27,INFY,0.0,0.5021980404853821,SEARCH_FOLD_B,0.5021980404853821
2020-02-27,2020-02-28,INFY,0.0,0.5025838017463684,SEARCH_FOLD_B,0.5025838017463684
2020-02-28,2020-03-02,INFY,1.0,0.5034130215644836,SEARCH_FOLD_B,0.5034130215644836
2020-03-02,2020-03-03,INFY,1.0,0.5047323107719421,SEARCH_FOLD_B,0.5047323107719421
2020-03-03,2020-03-04,INFY,1.0,0.5064185261726379,SEARCH_FOLD_B,0.5064185261726379
2020-03-04,2020-03-05,INFY,0.0,0.5081724524497986,SEARCH_FOLD_B,0.5081724524497986
2020-03-05,2020-03-06,INFY,0.0,0.5101997256278992,SEARCH_FOLD_B,0.5101997256278992
2020-03-06,2020-03-09,INFY,0.0,0.5126075148582458,SEARCH_FOLD_B,0.5126075148582458
2020-03-09,2020-03-11,INFY,0.0,0.5152040719985962,SEARCH_FOLD_B,0.5152040719985962
2020-03-11,2020-03-12,INFY,0.0,0.5179562568664551,SEARCH_FOLD_B,0.5179562568664551
2020-03-12,2020-03-13,INFY,1.0,0.5209252834320068,SEARCH_FOLD_B,0.5209252834320068
2020-03-13,2020-03-16,INFY,0.0,0.5243538618087769,SEARCH_FOLD_B,0.5243538618087769
2020-03-16,2020-03-17,INFY,0.0,0.5276741981506348,SEARCH_FOLD_B,0.5276741981506348
2020-03-17,2020-03-18,INFY,0.0,0.5309734344482422,SEARCH_FOLD_B,0.5309734344482422
2020-03-18,2020-03-19,INFY,1.0,0.5340149402618408,SEARCH_FOLD_B,0.5340149402618408
2020-03-19,2020-03-20,INFY,1.0,0.5374587774276733,SEARCH_FOLD_B,0.5374587774276733
2020-03-20,2020-03-23,INFY,0.0,0.5409025549888611,SEARCH_FOLD_B,0.5409025549888611
2020-03-23,2020-03-24,INFY,1.0,0.543931782245636,SEARCH_FOLD_B,0.543931782245636
2020-03-24,2020-03-25,INFY,1.0,0.5471563935279846,SEARCH_FOLD_B,0.5471563935279846
2020-03-25,2020-03-26,INFY,1.0,0.5506125092506409,SEARCH_FOLD_B,0.5506125092506409
2020-03-26,2020-03-27,INFY,1.0,0.554154634475708,SEARCH_FOLD_B,0.554154634475708
2020-03-27,2020-03-30,INFY,0.0,0.5580053925514221,SEARCH_FOLD_B,0.5580053925514221
2020-03-30,2020-03-31,INFY,1.0,0.5621870160102844,SEARCH_FOLD_B,0.5621870160102844
2020-03-31,2020-04-01,INFY,0.0,0.5661543011665344,SEARCH_FOLD_B,0.5661543011665344
2020-04-01,2020-04-03,INFY,0.0,0.5702223777770996,SEARCH_FOLD_B,0.5702223777770996
2020-04-03,2020-04-07,INFY,1.0,0.5744625926017761,SEARCH_FOLD_B,0.5744625926017761
2020-04-07,2020-04-08,INFY,0.0,0.578778088092804,SEARCH_FOLD_B,0.578778088092804
2020-04-08,2020-04-09,INFY,1.0,0.5829824805259705,SEARCH_FOLD_B,0.5829824805259705
2020-04-09,2020-04-13,INFY,1.0,0.5870200395584106,SEARCH_FOLD_B,0.5870200395584106
2020-04-13,2020-04-15,INFY,1.0,0.5910230875015259,SEARCH_FOLD_B,0.5910230875015259
2020-04-15,2020-04-16,INFY,0.0,0.5942409038543701,SEARCH_FOLD_B,0.5942409038543701
2020-04-16,2020-04-17,INFY,1.0,0.597204327583313,SEARCH_FOLD_B,0.597204327583313
2020-04-17,2020-04-20,INFY,1.0,0.5984402894973755,SEARCH_FOLD_B,0.5984402894973755
2020-04-20,2020-04-21,INFY,0.0,0.5995189547538757,SEARCH_FOLD_B,0.5995189547538757
2020-04-21,2020-04-22,INFY,1.0,0.6006260514259338,SEARCH_FOLD_B,0.6006260514259338
2020-04-22,2020-04-23,INFY,1.0,0.6020007133483887,SEARCH_FOLD_B,0.6020007133483887
2020-04-23,2020-04-24,INFY,0.0,0.6033153533935547,SEARCH_FOLD_B,0.6033153533935547
2020-04-24,2020-04-27,INFY,1.0,0.6043832302093506,SEARCH_FOLD_B,0.6043832302093506
2020-04-27,2020-04-28,INFY,0.0,0.6049084067344666,SEARCH_FOLD_B,0.6049084067344666
2020-04-28,2020-04-29,INFY,1.0,0.6052272319793701,SEARCH_FOLD_B,0.6052272319793701
2020-04-29,2020-04-30,INFY,1.0,0.6049438714981079,SEARCH_FOLD_B,0.6049438714981079
2020-04-30,2020-05-04,INFY,0.0,0.6044803857803345,SEARCH_FOLD_B,0.6044803857803345
2020-05-04,2020-05-05,INFY,0.0,0.6036332845687866,SEARCH_FOLD_B,0.6036332845687866
2020-05-05,2020-05-06,INFY,0.0,0.6025406122207642,SEARCH_FOLD_B,0.6025406122207642
2020-05-06,2020-05-07,INFY,0.0,0.6012316942214966,SEARCH_FOLD_B,0.6012316942214966
2020-05-07,2020-05-08,INFY,1.0,0.599963903427124,SEARCH_FOLD_B,0.599963903427124
2020-05-08,2020-05-11,INFY,1.0,0.5988281965255737,SEARCH_FOLD_B,0.5988281965255737
2020-05-11,2020-05-12,INFY,1.0,0.5969823002815247,SEARCH_FOLD_B,0.5969823002815247
2020-05-12,2020-05-13,INFY,1.0,0.5956698656082153,SEARCH_FOLD_B,0.5956698656082153
2020-05-13,2020-05-14,INFY,0.0,0.5937721729278564,SEARCH_FOLD_B,0.5937721729278564
2020-05-14,2020-05-15,INFY,0.0,0.5922218561172485,SEARCH_FOLD_B,0.5922218561172485
2020-05-15,2020-05-18,INFY,1.0,0.5908803939819336,SEARCH_FOLD_B,0.5908803939819336
2020-05-18,2020-05-19,INFY,1.0,0.5895201563835144,SEARCH_FOLD_B,0.5895201563835144
2020-05-19,2020-05-20,INFY,1.0,0.5884652137756348,SEARCH_FOLD_B,0.5884652137756348
2020-05-20,2020-05-21,INFY,1.0,0.5871496200561523,SEARCH_FOLD_B,0.5871496200561523
2020-05-21,2020-05-22,INFY,1.0,0.5857449769973755,SEARCH_FOLD_B,0.5857449769973755
2020-05-22,2020-05-26,INFY,0.0,0.5845370888710022,SEARCH_FOLD_B,0.5845370888710022
2020-05-26,2020-05-27,INFY,1.0,0.5830654501914978,SEARCH_FOLD_B,0.5830654501914978
2020-05-27,2020-05-28,INFY,1.0,0.5815919041633606,SEARCH_FOLD_B,0.5815919041633606
2020-05-28,2020-05-29,INFY,0.0,0.5799717307090759,SEARCH_FOLD_B,0.5799717307090759
2020-05-29,2020-06-01,INFY,1.0,0.5783789157867432,SEARCH_FOLD_B,0.5783789157867432
2020-06-01,2020-06-02,INFY,1.0,0.5764296650886536,SEARCH_FOLD_B,0.5764296650886536
2020-06-02,2020-06-03,INFY,0.0,0.574323832988739,SEARCH_FOLD_B,0.574323832988739
2020-06-03,2020-06-04,INFY,1.0,0.5722829103469849,SEARCH_FOLD_B,0.5722829103469849
2020-06-04,2020-06-05,INFY,0.0,0.5697246193885803,SEARCH_FOLD_B,0.5697246193885803
2020-06-05,2020-06-08,INFY,1.0,0.566922128200531,SEARCH_FOLD_B,0.566922128200531
2020-06-08,2020-06-09,INFY,0.0,0.5643354654312134,SEARCH_FOLD_B,0.5643354654312134
2020-06-09,2020-06-10,INFY,0.0,0.561642587184906,SEARCH_FOLD_B,0.561642587184906
2020-06-10,2020-06-11,INFY,0.0,0.5594601631164551,SEARCH_FOLD_B,0.5594601631164551
2020-06-11,2020-06-12,INFY,0.0,0.5571720004081726,SEARCH_FOLD_B,0.5571720004081726
2020-06-12,2020-06-15,INFY,0.0,0.5554413199424744,SEARCH_FOLD_B,0.5554413199424744
2020-06-15,2020-06-16,INFY,1.0,0.5543972253799438,SEARCH_FOLD_B,0.5543972253799438
2020-06-16,2020-06-17,INFY,1.0,0.5526758432388306,SEARCH_FOLD_B,0.5526758432388306
2020-06-17,2020-06-18,INFY,1.0,0.5509188175201416,SEARCH_FOLD_B,0.5509188175201416
2020-06-18,2020-06-19,INFY,0.0,0.5491653084754944,SEARCH_FOLD_B,0.5491653084754944
2020-06-19,2020-06-22,INFY,0.0,0.547394335269928,SEARCH_FOLD_B,0.547394335269928
2020-06-22,2020-06-23,INFY,1.0,0.5462015867233276,SEARCH_FOLD_B,0.5462015867233276
2020-06-23,2020-06-24,INFY,0.0,0.5451003313064575,SEARCH_FOLD_B,0.5451003313064575
2020-06-24,2020-06-25,INFY,0.0,0.5440704226493835,SEARCH_FOLD_B,0.5440704226493835
2020-06-25,2020-06-26,INFY,1.0,0.5432511568069458,SEARCH_FOLD_B,0.5432511568069458
2020-06-26,2020-06-29,INFY,0.0,0.5415361523628235,SEARCH_FOLD_B,0.5415361523628235
2020-06-29,2020-06-30,INFY,1.0,0.5395033359527588,SEARCH_FOLD_B,0.5395033359527588
2020-06-30,2020-07-01,INFY,0.0,0.5374761819839478,SEARCH_FOLD_B,0.5374761819839478
2020-07-01,2020-07-02,INFY,1.0,0.5355367660522461,SEARCH_FOLD_B,0.5355367660522461
2020-07-02,2020-07-03,INFY,1.0,0.5336279273033142,SEARCH_FOLD_B,0.5336279273033142
2020-07-03,2020-07-06,INFY,1.0,0.5316776037216187,SEARCH_FOLD_B,0.5316776037216187
2020-07-06,2020-07-07,INFY,1.0,0.5302872061729431,SEARCH_FOLD_B,0.5302872061729431
2020-07-07,2020-07-08,INFY,0.0,0.5285929441452026,SEARCH_FOLD_B,0.5285929441452026
2020-07-08,2020-07-09,INFY,1.0,0.5272763967514038,SEARCH_FOLD_B,0.5272763967514038
2020-07-09,2020-07-10,INFY,1.0,0.5260376930236816,SEARCH_FOLD_B,0.5260376930236816
2020-07-10,2020-07-13,INFY,1.0,0.5243531465530396,SEARCH_FOLD_B,0.5243531465530396
2020-07-13,2020-07-14,INFY,0.0,0.5231224298477173,SEARCH_FOLD_B,0.5231224298477173
2020-07-14,2020-07-15,INFY,1.0,0.5224758386611938,SEARCH_FOLD_B,0.5224758386611938
2020-07-15,2020-07-16,INFY,1.0,0.5216982960700989,SEARCH_FOLD_B,0.5216982960700989
2020-07-16,2020-07-17,INFY,0.0,0.5211431980133057,SEARCH_FOLD_B,0.5211431980133057
2020-07-17,2020-07-20,INFY,1.0,0.520490288734436,SEARCH_FOLD_B,0.520490288734436
2020-07-20,2020-07-21,INFY,1.0,0.5200310349464417,SEARCH_FOLD_B,0.5200310349464417
2020-07-21,2020-07-22,INFY,0.0,0.5193986892700195,SEARCH_FOLD_B,0.5193986892700195
2020-07-22,2020-07-23,INFY,0.0,0.5186792016029358,SEARCH_FOLD_B,0.5186792016029358
2020-07-23,2020-07-24,INFY,1.0,0.5176036953926086,SEARCH_FOLD_B,0.5176036953926086
2020-07-24,2020-07-27,INFY,1.0,0.5163048505783081,SEARCH_FOLD_B,0.5163048505783081
2020-07-27,2020-07-28,INFY,1.0,0.5147470235824585,SEARCH_FOLD_B,0.5147470235824585
2020-07-28,2020-07-29,INFY,0.0,0.5133330821990967,SEARCH_FOLD_B,0.5133330821990967
2020-07-29,2020-07-30,INFY,1.0,0.5119280815124512,SEARCH_FOLD_B,0.5119280815124512
2020-07-30,2020-07-31,INFY,1.0,0.5107706189155579,SEARCH_FOLD_B,0.5107706189155579
2020-07-31,2020-08-03,INFY,0.0,0.5092860460281372,SEARCH_FOLD_B,0.5092860460281372
2020-08-03,2020-08-04,INFY,0.0,0.5079782009124756,SEARCH_FOLD_B,0.5079782009124756
2020-08-04,2020-08-05,INFY,0.0,0.5071065425872803,SEARCH_FOLD_B,0.5071065425872803
2020-08-05,2020-08-06,INFY,1.0,0.50629061460495,SEARCH_FOLD_B,0.50629061460495
2020-08-06,2020-08-07,INFY,0.0,0.5050171613693237,SEARCH_FOLD_B,0.5050171613693237
2020-08-07,2020-08-10,INFY,1.0,0.5044896602630615,SEARCH_FOLD_B,0.5044896602630615
2020-08-10,2020-08-11,INFY,0.0,0.5036692023277283,SEARCH_FOLD_B,0.5036692023277283
2020-08-11,2020-08-12,INFY,1.0,0.5031230449676514,SEARCH_FOLD_B,0.5031230449676514
2020-08-12,2020-08-13,INFY,0.0,0.5026098489761353,SEARCH_FOLD_B,0.5026098489761353
2020-08-13,2020-08-14,INFY,1.0,0.5023794174194336,SEARCH_FOLD_B,0.5023794174194336
2020-08-14,2020-08-17,INFY,1.0,0.5023935437202454,SEARCH_FOLD_B,0.5023935437202454
2020-08-17,2020-08-18,INFY,1.0,0.5025186538696289,SEARCH_FOLD_B,0.5025186538696289
2020-08-18,2020-08-19,INFY,0.0,0.502794623374939,SEARCH_FOLD_B,0.502794623374939
2020-08-19,2020-08-20,INFY,0.0,0.502707302570343,SEARCH_FOLD_B,0.502707302570343
2020-08-20,2020-08-21,INFY,0.0,0.5027669072151184,SEARCH_FOLD_B,0.5027669072151184
2020-08-21,2020-08-24,INFY,0.0,0.5029193758964539,SEARCH_FOLD_B,0.5029193758964539
2020-08-24,2020-08-25,INFY,0.0,0.5033075213432312,SEARCH_FOLD_B,0.5033075213432312
2020-08-25,2020-08-26,INFY,1.0,0.5034071803092957,SEARCH_FOLD_B,0.5034071803092957
2020-08-26,2020-08-27,INFY,0.0,0.503524899482727,SEARCH_FOLD_B,0.503524899482727
2020-08-27,2020-08-28,INFY,0.0,0.50314861536026,SEARCH_FOLD_B,0.50314861536026
2020-08-28,2020-08-31,INFY,0.0,0.5037704110145569,SEARCH_FOLD_B,0.5037704110145569
2020-08-31,2020-09-01,INFY,0.0,0.5048586130142212,SEARCH_FOLD_B,0.5048586130142212
2020-09-01,2020-09-02,INFY,1.0,0.5063618421554565,SEARCH_FOLD_B,0.5063618421554565
2020-09-02,2020-09-03,INFY,1.0,0.5077597498893738,SEARCH_FOLD_B,0.5077597498893738
2020-09-03,2020-09-04,INFY,0.0,0.5091114044189453,SEARCH_FOLD_B,0.5091114044189453
2020-09-04,2020-09-07,INFY,1.0,0.5107029676437378,SEARCH_FOLD_B,0.5107029676437378
2020-09-07,2020-09-08,INFY,1.0,0.5125270485877991,SEARCH_FOLD_B,0.5125270485877991
2020-09-08,2020-09-09,INFY,0.0,0.5144569277763367,SEARCH_FOLD_B,0.5144569277763367
2020-09-09,2020-09-10,INFY,1.0,0.5163110494613647,SEARCH_FOLD_B,0.5163110494613647
2020-09-10,2020-09-11,INFY,1.0,0.5181900262832642,SEARCH_FOLD_B,0.5181900262832642
2020-09-11,2020-09-14,INFY,1.0,0.519953191280365,SEARCH_FOLD_B,0.519953191280365
2020-09-14,2020-09-15,INFY,1.0,0.5214350819587708,SEARCH_FOLD_B,0.5214350819587708
2020-09-15,2020-09-16,INFY,1.0,0.5225677490234375,SEARCH_FOLD_B,0.5225677490234375
2020-09-16,2020-09-17,INFY,1.0,0.5233381986618042,SEARCH_FOLD_B,0.5233381986618042
2020-09-17,2020-09-18,INFY,0.0,0.5239001512527466,SEARCH_FOLD_B,0.5239001512527466
2020-09-18,2020-09-21,INFY,1.0,0.523901104927063,SEARCH_FOLD_B,0.523901104927063
2020-09-21,2020-09-22,INFY,0.0,0.5236189961433411,SEARCH_FOLD_B,0.5236189961433411
2020-09-22,2020-09-23,INFY,1.0,0.523064136505127,SEARCH_FOLD_B,0.523064136505127
2020-09-23,2020-09-24,INFY,0.0,0.5224816203117371,SEARCH_FOLD_B,0.5224816203117371
2020-09-24,2020-09-25,INFY,1.0,0.5223588347434998,SEARCH_FOLD_B,0.5223588347434998
2020-09-25,2020-09-28,INFY,0.0,0.5223127603530884,SEARCH_FOLD_B,0.5223127603530884
2020-09-28,2020-09-29,INFY,0.0,0.5224138498306274,SEARCH_FOLD_B,0.5224138498306274
2020-09-29,2020-09-30,INFY,0.0,0.5226768255233765,SEARCH_FOLD_B,0.5226768255233765
2020-09-30,2020-10-01,INFY,1.0,0.5228423476219177,SEARCH_FOLD_B,0.5228423476219177
2020-10-01,2020-10-05,INFY,1.0,0.5228937864303589,SEARCH_FOLD_B,0.5228937864303589
2020-10-05,2020-10-06,INFY,1.0,0.5226748585700989,SEARCH_FOLD_B,0.5226748585700989
2020-10-06,2020-10-07,INFY,1.0,0.5223555564880371,SEARCH_FOLD_B,0.5223555564880371
2020-10-07,2020-10-08,INFY,1.0,0.5216879844665527,SEARCH_FOLD_B,0.5216879844665527
2020-10-08,2020-10-09,INFY,1.0,0.5211594104766846,SEARCH_FOLD_B,0.5211594104766846
2020-10-09,2020-10-12,INFY,1.0,0.520422101020813,SEARCH_FOLD_B,0.520422101020813
2020-10-12,2020-10-13,INFY,1.0,0.5191762447357178,SEARCH_FOLD_B,0.5191762447357178
2020-10-13,2020-10-14,INFY,0.0,0.5175136923789978,SEARCH_FOLD_B,0.5175136923789978
2020-10-14,2020-10-15,INFY,0.0,0.5152913928031921,SEARCH_FOLD_B,0.5152913928031921
2020-10-15,2020-10-16,INFY,1.0,0.5133049488067627,SEARCH_FOLD_B,0.5133049488067627
2020-10-16,2020-10-19,INFY,0.0,0.5118207335472107,SEARCH_FOLD_B,0.5118207335472107
2020-10-19,2020-10-20,INFY,1.0,0.5099349617958069,SEARCH_FOLD_B,0.5099349617958069
2020-10-20,2020-10-21,INFY,1.0,0.5082763433456421,SEARCH_FOLD_B,0.5082763433456421
2020-10-21,2020-10-22,INFY,0.0,0.5070393681526184,SEARCH_FOLD_B,0.5070393681526184
2020-10-22,2020-10-23,INFY,0.0,0.505521297454834,SEARCH_FOLD_B,0.505521297454834
2020-10-23,2020-10-26,INFY,0.0,0.5044146776199341,SEARCH_FOLD_B,0.5044146776199341
2020-10-26,2020-10-27,INFY,0.0,0.5035730004310608,SEARCH_FOLD_B,0.5035730004310608
2020-10-27,2020-10-28,INFY,0.0,0.5034562945365906,SEARCH_FOLD_B,0.5034562945365906
2020-10-28,2020-10-29,INFY,0.0,0.5036817789077759,SEARCH_FOLD_B,0.5036817789077759
2020-10-29,2020-10-30,INFY,0.0,0.5044490098953247,SEARCH_FOLD_B,0.5044490098953247
2020-10-30,2020-11-02,INFY,1.0,0.5056591629981995,SEARCH_FOLD_B,0.5056591629981995
2020-11-02,2020-11-03,INFY,0.0,0.5070238709449768,SEARCH_FOLD_B,0.5070238709449768
2020-11-03,2020-11-04,INFY,1.0,0.508725643157959,SEARCH_FOLD_B,0.508725643157959
2020-11-04,2020-11-05,INFY,1.0,0.5105986595153809,SEARCH_FOLD_B,0.5105986595153809
2020-11-05,2020-11-06,INFY,1.0,0.5128098130226135,SEARCH_FOLD_B,0.5128098130226135
2020-11-06,2020-11-09,INFY,1.0,0.51368248462677,SEARCH_FOLD_B,0.51368248462677
2020-11-09,2020-11-10,INFY,0.0,0.514828622341156,SEARCH_FOLD_B,0.514828622341156
2020-11-10,2020-11-11,INFY,1.0,0.5159799456596375,SEARCH_FOLD_B,0.5159799456596375
2020-11-11,2020-11-12,INFY,0.0,0.5171265006065369,SEARCH_FOLD_B,0.5171265006065369
2020-11-12,2020-11-13,INFY,1.0,0.5181832909584045,SEARCH_FOLD_B,0.5181832909584045
2020-11-13,2020-11-14,INFY,1.0,0.519321620464325,SEARCH_FOLD_B,0.519321620464325
2020-11-14,2020-11-17,INFY,0.0,0.5207184553146362,SEARCH_FOLD_B,0.5207184553146362
2020-11-17,2020-11-18,INFY,0.0,0.5221377015113831,SEARCH_FOLD_B,0.5221377015113831
2020-11-18,2020-11-19,INFY,0.0,0.52362060546875,SEARCH_FOLD_B,0.52362060546875
2020-11-19,2020-11-20,INFY,1.0,0.5254175662994385,SEARCH_FOLD_B,0.5254175662994385
2020-11-20,2020-11-23,INFY,1.0,0.5273895859718323,SEARCH_FOLD_B,0.5273895859718323
2020-11-23,2020-11-24,INFY,1.0,0.5295584201812744,SEARCH_FOLD_B,0.5295584201812744
2020-11-24,2020-11-25,INFY,0.0,0.5319350957870483,SEARCH_FOLD_B,0.5319350957870483
2020-11-25,2020-11-26,INFY,0.0,0.5340536236763,SEARCH_FOLD_B,0.5340536236763
2020-11-26,2020-11-27,INFY,0.0,0.535733163356781,SEARCH_FOLD_B,0.535733163356781
2020-11-27,2020-12-01,INFY,1.0,0.5375783443450928,SEARCH_FOLD_B,0.5375783443450928
2020-12-01,2020-12-02,INFY,1.0,0.5393934845924377,SEARCH_FOLD_B,0.5393934845924377
2020-12-02,2020-12-03,INFY,0.0,0.5412169098854065,SEARCH_FOLD_B,0.5412169098854065
2020-12-03,2020-12-04,INFY,1.0,0.5431821942329407,SEARCH_FOLD_B,0.5431821942329407
2020-12-04,2020-12-07,INFY,1.0,0.5447671413421631,SEARCH_FOLD_B,0.5447671413421631
2020-12-07,2020-12-08,INFY,1.0,0.5463678240776062,SEARCH_FOLD_B,0.5463678240776062
2020-12-08,2020-12-09,INFY,1.0,0.5476258993148804,SEARCH_FOLD_B,0.5476258993148804
2020-12-09,2020-12-10,INFY,0.0,0.5480825901031494,SEARCH_FOLD_B,0.5480825901031494
2020-12-10,2020-12-11,INFY,0.0,0.5478087663650513,SEARCH_FOLD_B,0.5478087663650513
2020-12-11,2020-12-14,INFY,1.0,0.5470280051231384,SEARCH_FOLD_B,0.5470280051231384
2020-12-14,2020-12-15,INFY,0.0,0.5454995632171631,SEARCH_FOLD_B,0.5454995632171631
2020-12-15,2020-12-16,INFY,1.0,0.5439145565032959,SEARCH_FOLD_B,0.5439145565032959
2020-12-16,2020-12-17,INFY,0.0,0.5417442321777344,SEARCH_FOLD_B,0.5417442321777344
2020-12-17,2020-12-18,INFY,1.0,0.5403439998626709,SEARCH_FOLD_B,0.5403439998626709
2020-12-18,2020-12-21,INFY,0.0,0.539080798625946,SEARCH_FOLD_B,0.539080798625946
2020-12-21,2020-12-22,INFY,1.0,0.5380958914756775,SEARCH_FOLD_B,0.5380958914756775
2020-12-22,2020-12-23,INFY,1.0,0.537800669670105,SEARCH_FOLD_B,0.537800669670105
2020-12-23,2020-12-24,INFY,0.0,0.5359135270118713,SEARCH_FOLD_B,0.5359135270118713
2020-12-24,2020-12-28,INFY,1.0,0.5347369313240051,SEARCH_FOLD_B,0.5347369313240051
2020-12-28,2020-12-29,INFY,1.0,0.5333178639411926,SEARCH_FOLD_B,0.5333178639411926
2020-12-29,2020-12-30,INFY,0.0,0.5320694446563721,SEARCH_FOLD_B,0.5320694446563721
2020-12-30,2020-12-31,INFY,1.0,0.5310006737709045,SEARCH_FOLD_B,0.5310006737709045
2020-01-01,2020-01-02,HDFCBANK,1.0,0.5064014792442322,SEARCH_FOLD_B,0.5064014792442322
2020-01-02,2020-01-03,HDFCBANK,0.0,0.5063575506210327,SEARCH_FOLD_B,0.5063575506210327
2020-01-03,2020-01-06,HDFCBANK,0.0,0.5062881708145142,SEARCH_FOLD_B,0.5062881708145142
2020-01-06,2020-01-07,HDFCBANK,1.0,0.5061559677124023,SEARCH_FOLD_B,0.5061559677124023
2020-01-07,2020-01-08,HDFCBANK,0.0,0.5061133503913879,SEARCH_FOLD_B,0.5061133503913879
2020-01-08,2020-01-09,HDFCBANK,1.0,0.5060580372810364,SEARCH_FOLD_B,0.5060580372810364
2020-01-09,2020-01-10,HDFCBANK,1.0,0.5059904456138611,SEARCH_FOLD_B,0.5059904456138611
2020-01-10,2020-01-13,HDFCBANK,1.0,0.5059639811515808,SEARCH_FOLD_B,0.5059639811515808
2020-01-13,2020-01-14,HDFCBANK,1.0,0.5060026049613953,SEARCH_FOLD_B,0.5060026049613953
2020-01-14,2020-01-15,HDFCBANK,0.0,0.5060270428657532,SEARCH_FOLD_B,0.5060270428657532
2020-01-15,2020-01-16,HDFCBANK,1.0,0.5061241388320923,SEARCH_FOLD_B,0.5061241388320923
2020-01-16,2020-01-17,HDFCBANK,0.0,0.5062863230705261,SEARCH_FOLD_B,0.5062863230705261
2020-01-17,2020-01-20,HDFCBANK,0.0,0.5065308809280396,SEARCH_FOLD_B,0.5065308809280396
2020-01-20,2020-01-21,HDFCBANK,0.0,0.5068060755729675,SEARCH_FOLD_B,0.5068060755729675
2020-01-21,2020-01-22,HDFCBANK,0.0,0.5070880055427551,SEARCH_FOLD_B,0.5070880055427551
2020-01-22,2020-01-23,HDFCBANK,1.0,0.5073404908180237,SEARCH_FOLD_B,0.5073404908180237
2020-01-23,2020-01-24,HDFCBANK,0.0,0.5075855255126953,SEARCH_FOLD_B,0.5075855255126953
2020-01-24,2020-01-27,HDFCBANK,0.0,0.5077502727508545,SEARCH_FOLD_B,0.5077502727508545
2020-01-27,2020-01-28,HDFCBANK,1.0,0.5078197717666626,SEARCH_FOLD_B,0.5078197717666626
2020-01-28,2020-01-29,HDFCBANK,1.0,0.5079466104507446,SEARCH_FOLD_B,0.5079466104507446
2020-01-29,2020-01-30,HDFCBANK,0.0,0.5080761313438416,SEARCH_FOLD_B,0.5080761313438416
2020-01-30,2020-01-31,HDFCBANK,1.0,0.5080961585044861,SEARCH_FOLD_B,0.5080961585044861
2020-01-31,2020-02-03,HDFCBANK,0.0,0.5080551505088806,SEARCH_FOLD_B,0.5080551505088806
2020-02-03,2020-02-04,HDFCBANK,1.0,0.508021354675293,SEARCH_FOLD_B,0.508021354675293
2020-02-04,2020-02-05,HDFCBANK,1.0,0.5079630017280579,SEARCH_FOLD_B,0.5079630017280579
2020-02-05,2020-02-06,HDFCBANK,0.0,0.5079110264778137,SEARCH_FOLD_B,0.5079110264778137
2020-02-06,2020-02-07,HDFCBANK,1.0,0.5079872608184814,SEARCH_FOLD_B,0.5079872608184814
2020-02-07,2020-02-10,HDFCBANK,0.0,0.5081766247749329,SEARCH_FOLD_B,0.5081766247749329
2020-02-10,2020-02-11,HDFCBANK,1.0,0.5084130167961121,SEARCH_FOLD_B,0.5084130167961121
2020-02-11,2020-02-12,HDFCBANK,1.0,0.5087100863456726,SEARCH_FOLD_B,0.5087100863456726
2020-02-12,2020-02-13,HDFCBANK,0.0,0.5090551376342773,SEARCH_FOLD_B,0.5090551376342773
2020-02-13,2020-02-14,HDFCBANK,0.0,0.5093581676483154,SEARCH_FOLD_B,0.5093581676483154
2020-02-14,2020-02-17,HDFCBANK,0.0,0.5096578001976013,SEARCH_FOLD_B,0.5096578001976013
2020-02-17,2020-02-18,HDFCBANK,0.0,0.5100009441375732,SEARCH_FOLD_B,0.5100009441375732
2020-02-18,2020-02-19,HDFCBANK,1.0,0.5103053450584412,SEARCH_FOLD_B,0.5103053450584412
2020-02-19,2020-02-20,HDFCBANK,0.0,0.5106101632118225,SEARCH_FOLD_B,0.5106101632118225
2020-02-20,2020-02-24,HDFCBANK,0.0,0.5108849406242371,SEARCH_FOLD_B,0.5108849406242371
2020-02-24,2020-02-25,HDFCBANK,0.0,0.5111103653907776,SEARCH_FOLD_B,0.5111103653907776
2020-02-25,2020-02-26,HDFCBANK,0.0,0.5112216472625732,SEARCH_FOLD_B,0.5112216472625732
2020-02-26,2020-02-27,HDFCBANK,1.0,0.5112481713294983,SEARCH_FOLD_B,0.5112481713294983
2020-02-27,2020-02-28,HDFCBANK,0.0,0.5112377405166626,SEARCH_FOLD_B,0.5112377405166626
2020-02-28,2020-03-02,HDFCBANK,1.0,0.5111413598060608,SEARCH_FOLD_B,0.5111413598060608
2020-03-02,2020-03-03,HDFCBANK,1.0,0.5110242366790771,SEARCH_FOLD_B,0.5110242366790771
2020-03-03,2020-03-04,HDFCBANK,0.0,0.5109665393829346,SEARCH_FOLD_B,0.5109665393829346
2020-03-04,2020-03-05,HDFCBANK,1.0,0.5108771920204163,SEARCH_FOLD_B,0.5108771920204163
2020-03-05,2020-03-06,HDFCBANK,0.0,0.5107952952384949,SEARCH_FOLD_B,0.5107952952384949
2020-03-06,2020-03-09,HDFCBANK,0.0,0.5106353163719177,SEARCH_FOLD_B,0.5106353163719177
2020-03-09,2020-03-11,HDFCBANK,1.0,0.5104368329048157,SEARCH_FOLD_B,0.5104368329048157
2020-03-11,2020-03-12,HDFCBANK,0.0,0.5103186964988708,SEARCH_FOLD_B,0.5103186964988708
2020-03-12,2020-03-13,HDFCBANK,1.0,0.51011723279953,SEARCH_FOLD_B,0.51011723279953
2020-03-13,2020-03-16,HDFCBANK,0.0,0.5099246501922607,SEARCH_FOLD_B,0.5099246501922607
2020-03-16,2020-03-17,HDFCBANK,0.0,0.5098252892494202,SEARCH_FOLD_B,0.5098252892494202
2020-03-17,2020-03-18,HDFCBANK,0.0,0.509759783744812,SEARCH_FOLD_B,0.509759783744812
2020-03-18,2020-03-19,HDFCBANK,1.0,0.5097726583480835,SEARCH_FOLD_B,0.5097726583480835
2020-03-19,2020-03-20,HDFCBANK,0.0,0.5095881819725037,SEARCH_FOLD_B,0.5095881819725037
2020-03-20,2020-03-23,HDFCBANK,0.0,0.5093753933906555,SEARCH_FOLD_B,0.5093753933906555
2020-03-23,2020-03-24,HDFCBANK,0.0,0.5091420412063599,SEARCH_FOLD_B,0.5091420412063599
2020-03-24,2020-03-25,HDFCBANK,1.0,0.5087942481040955,SEARCH_FOLD_B,0.5087942481040955
2020-03-25,2020-03-26,HDFCBANK,1.0,0.5084387063980103,SEARCH_FOLD_B,0.5084387063980103
2020-03-26,2020-03-27,HDFCBANK,1.0,0.5081548690795898,SEARCH_FOLD_B,0.5081548690795898
2020-03-27,2020-03-30,HDFCBANK,0.0,0.5078438520431519,SEARCH_FOLD_B,0.5078438520431519
2020-03-30,2020-03-31,HDFCBANK,1.0,0.5075926780700684,SEARCH_FOLD_B,0.5075926780700684
2020-03-31,2020-04-01,HDFCBANK,0.0,0.5075136423110962,SEARCH_FOLD_B,0.5075136423110962
2020-04-01,2020-04-03,HDFCBANK,0.0,0.5075428485870361,SEARCH_FOLD_B,0.5075428485870361
2020-04-03,2020-04-07,HDFCBANK,1.0,0.5076632499694824,SEARCH_FOLD_B,0.5076632499694824
2020-04-07,2020-04-08,HDFCBANK,0.0,0.5078005790710449,SEARCH_FOLD_B,0.5078005790710449
2020-04-08,2020-04-09,HDFCBANK,1.0,0.5081340670585632,SEARCH_FOLD_B,0.5081340670585632
2020-04-09,2020-04-13,HDFCBANK,0.0,0.5086430311203003,SEARCH_FOLD_B,0.5086430311203003
2020-04-13,2020-04-15,HDFCBANK,0.0,0.5093909502029419,SEARCH_FOLD_B,0.5093909502029419
2020-04-15,2020-04-16,HDFCBANK,1.0,0.5102324485778809,SEARCH_FOLD_B,0.5102324485778809
2020-04-16,2020-04-17,HDFCBANK,1.0,0.5111743807792664,SEARCH_FOLD_B,0.5111743807792664
2020-04-17,2020-04-20,HDFCBANK,1.0,0.5123066902160645,SEARCH_FOLD_B,0.5123066902160645
2020-04-20,2020-04-21,HDFCBANK,0.0,0.5134538412094116,SEARCH_FOLD_B,0.5134538412094116
2020-04-21,2020-04-22,HDFCBANK,1.0,0.5147761106491089,SEARCH_FOLD_B,0.5147761106491089
2020-04-22,2020-04-23,HDFCBANK,1.0,0.5163959860801697,SEARCH_FOLD_B,0.5163959860801697
2020-04-23,2020-04-24,HDFCBANK,0.0,0.5180417895317078,SEARCH_FOLD_B,0.5180417895317078
2020-04-24,2020-04-27,HDFCBANK,0.0,0.519793689250946,SEARCH_FOLD_B,0.519793689250946
2020-04-27,2020-04-28,HDFCBANK,1.0,0.5216569304466248,SEARCH_FOLD_B,0.5216569304466248
2020-04-28,2020-04-29,HDFCBANK,1.0,0.5234858989715576,SEARCH_FOLD_B,0.5234858989715576
2020-04-29,2020-04-30,HDFCBANK,1.0,0.5252443552017212,SEARCH_FOLD_B,0.5252443552017212
2020-04-30,2020-05-04,HDFCBANK,0.0,0.5265522599220276,SEARCH_FOLD_B,0.5265522599220276
2020-05-04,2020-05-05,HDFCBANK,0.0,0.5280963182449341,SEARCH_FOLD_B,0.5280963182449341
2020-05-05,2020-05-06,HDFCBANK,1.0,0.5295255184173584,SEARCH_FOLD_B,0.5295255184173584
2020-05-06,2020-05-07,HDFCBANK,0.0,0.531260073184967,SEARCH_FOLD_B,0.531260073184967
2020-05-07,2020-05-08,HDFCBANK,1.0,0.5326589941978455,SEARCH_FOLD_B,0.5326589941978455
2020-05-08,2020-05-11,HDFCBANK,0.0,0.5341567397117615,SEARCH_FOLD_B,0.5341567397117615
2020-05-11,2020-05-12,HDFCBANK,0.0,0.5360705852508545,SEARCH_FOLD_B,0.5360705852508545
2020-05-12,2020-05-13,HDFCBANK,1.0,0.5377928018569946,SEARCH_FOLD_B,0.5377928018569946
2020-05-13,2020-05-14,HDFCBANK,0.0,0.5390247106552124,SEARCH_FOLD_B,0.5390247106552124
2020-05-14,2020-05-15,HDFCBANK,0.0,0.5402408838272095,SEARCH_FOLD_B,0.5402408838272095
2020-05-15,2020-05-18,HDFCBANK,0.0,0.5414121747016907,SEARCH_FOLD_B,0.5414121747016907
2020-05-18,2020-05-19,HDFCBANK,0.0,0.5428641438484192,SEARCH_FOLD_B,0.5428641438484192
2020-05-19,2020-05-20,HDFCBANK,1.0,0.5433398485183716,SEARCH_FOLD_B,0.5433398485183716
2020-05-20,2020-05-21,HDFCBANK,1.0,0.5443238615989685,SEARCH_FOLD_B,0.5443238615989685
2020-05-21,2020-05-22,HDFCBANK,0.0,0.5453925132751465,SEARCH_FOLD_B,0.5453925132751465
2020-05-22,2020-05-26,HDFCBANK,1.0,0.5446547269821167,SEARCH_FOLD_B,0.5446547269821167
2020-05-26,2020-05-27,HDFCBANK,1.0,0.5447967648506165,SEARCH_FOLD_B,0.5447967648506165
2020-05-27,2020-05-28,HDFCBANK,1.0,0.5440256595611572,SEARCH_FOLD_B,0.5440256595611572
2020-05-28,2020-05-29,HDFCBANK,1.0,0.5438437461853027,SEARCH_FOLD_B,0.5438437461853027
2020-05-29,2020-06-01,HDFCBANK,1.0,0.5438929200172424,SEARCH_FOLD_B,0.5438929200172424
2020-06-01,2020-06-02,HDFCBANK,1.0,0.5436223149299622,SEARCH_FOLD_B,0.5436223149299622
2020-06-02,2020-06-03,HDFCBANK,1.0,0.5433518886566162,SEARCH_FOLD_B,0.5433518886566162
2020-06-03,2020-06-04,HDFCBANK,0.0,0.5431477427482605,SEARCH_FOLD_B,0.5431477427482605
2020-06-04,2020-06-05,HDFCBANK,1.0,0.5434058308601379,SEARCH_FOLD_B,0.5434058308601379
2020-06-05,2020-06-08,HDFCBANK,0.0,0.5433430671691895,SEARCH_FOLD_B,0.5433430671691895
2020-06-08,2020-06-09,HDFCBANK,0.0,0.5429471135139465,SEARCH_FOLD_B,0.5429471135139465
2020-06-09,2020-06-10,HDFCBANK,1.0,0.542990505695343,SEARCH_FOLD_B,0.542990505695343
2020-06-10,2020-06-11,HDFCBANK,0.0,0.5428768992424011,SEARCH_FOLD_B,0.5428768992424011
2020-06-11,2020-06-12,HDFCBANK,1.0,0.5428404808044434,SEARCH_FOLD_B,0.5428404808044434
2020-06-12,2020-06-15,HDFCBANK,0.0,0.5424982309341431,SEARCH_FOLD_B,0.5424982309341431
2020-06-15,2020-06-16,HDFCBANK,1.0,0.5419389009475708,SEARCH_FOLD_B,0.5419389009475708
2020-06-16,2020-06-17,HDFCBANK,0.0,0.5423305034637451,SEARCH_FOLD_B,0.5423305034637451
2020-06-17,2020-06-18,HDFCBANK,1.0,0.5421062111854553,SEARCH_FOLD_B,0.5421062111854553
2020-06-18,2020-06-19,HDFCBANK,1.0,0.5415557622909546,SEARCH_FOLD_B,0.5415557622909546
2020-06-19,2020-06-22,HDFCBANK,0.0,0.5415521860122681,SEARCH_FOLD_B,0.5415521860122681
2020-06-22,2020-06-23,HDFCBANK,1.0,0.5417764782905579,SEARCH_FOLD_B,0.5417764782905579
2020-06-23,2020-06-24,HDFCBANK,0.0,0.5422772169113159,SEARCH_FOLD_B,0.5422772169113159
2020-06-24,2020-06-25,HDFCBANK,0.0,0.5429449677467346,SEARCH_FOLD_B,0.5429449677467346
2020-06-25,2020-06-26,HDFCBANK,1.0,0.5433498024940491,SEARCH_FOLD_B,0.5433498024940491
2020-06-26,2020-06-29,HDFCBANK,1.0,0.5442858338356018,SEARCH_FOLD_B,0.5442858338356018
2020-06-29,2020-06-30,HDFCBANK,0.0,0.5450642704963684,SEARCH_FOLD_B,0.5450642704963684
2020-06-30,2020-07-01,HDFCBANK,1.0,0.5463947057723999,SEARCH_FOLD_B,0.5463947057723999
2020-07-01,2020-07-02,HDFCBANK,1.0,0.5475062727928162,SEARCH_FOLD_B,0.5475062727928162
2020-07-02,2020-07-03,HDFCBANK,0.0,0.5483232736587524,SEARCH_FOLD_B,0.5483232736587524
2020-07-03,2020-07-06,HDFCBANK,1.0,0.5493465662002563,SEARCH_FOLD_B,0.5493465662002563
2020-07-06,2020-07-07,HDFCBANK,1.0,0.5506134629249573,SEARCH_FOLD_B,0.5506134629249573
2020-07-07,2020-07-08,HDFCBANK,1.0,0.5513775944709778,SEARCH_FOLD_B,0.5513775944709778
2020-07-08,2020-07-09,HDFCBANK,1.0,0.551453173160553,SEARCH_FOLD_B,0.551453173160553
2020-07-09,2020-07-10,HDFCBANK,0.0,0.5513761639595032,SEARCH_FOLD_B,0.5513761639595032
2020-07-10,2020-07-13,HDFCBANK,0.0,0.5512243509292603,SEARCH_FOLD_B,0.5512243509292603
2020-07-13,2020-07-14,HDFCBANK,0.0,0.550564706325531,SEARCH_FOLD_B,0.550564706325531
2020-07-14,2020-07-15,HDFCBANK,0.0,0.5500137805938721,SEARCH_FOLD_B,0.5500137805938721
2020-07-15,2020-07-16,HDFCBANK,1.0,0.5493262410163879,SEARCH_FOLD_B,0.5493262410163879
2020-07-16,2020-07-17,HDFCBANK,1.0,0.5485634207725525,SEARCH_FOLD_B,0.5485634207725525
2020-07-17,2020-07-20,HDFCBANK,1.0,0.5475674867630005,SEARCH_FOLD_B,0.5475674867630005
2020-07-20,2020-07-21,HDFCBANK,1.0,0.546669602394104,SEARCH_FOLD_B,0.546669602394104
2020-07-21,2020-07-22,HDFCBANK,0.0,0.5458511710166931,SEARCH_FOLD_B,0.5458511710166931
2020-07-22,2020-07-23,HDFCBANK,1.0,0.5448020696640015,SEARCH_FOLD_B,0.5448020696640015
2020-07-23,2020-07-24,HDFCBANK,0.0,0.5438541769981384,SEARCH_FOLD_B,0.5438541769981384
2020-07-24,2020-07-27,HDFCBANK,0.0,0.5429244041442871,SEARCH_FOLD_B,0.5429244041442871
2020-07-27,2020-07-28,HDFCBANK,1.0,0.5421998500823975,SEARCH_FOLD_B,0.5421998500823975
2020-07-28,2020-07-29,HDFCBANK,0.0,0.541317880153656,SEARCH_FOLD_B,0.541317880153656
2020-07-29,2020-07-30,HDFCBANK,0.0,0.5405471920967102,SEARCH_FOLD_B,0.5405471920967102
2020-07-30,2020-07-31,HDFCBANK,0.0,0.5393919348716736,SEARCH_FOLD_B,0.5393919348716736
2020-07-31,2020-08-03,HDFCBANK,0.0,0.538241446018219,SEARCH_FOLD_B,0.538241446018219
2020-08-03,2020-08-04,HDFCBANK,1.0,0.5369595885276794,SEARCH_FOLD_B,0.5369595885276794
2020-08-04,2020-08-05,HDFCBANK,0.0,0.5355570316314697,SEARCH_FOLD_B,0.5355570316314697
2020-08-05,2020-08-06,HDFCBANK,1.0,0.5344057679176331,SEARCH_FOLD_B,0.5344057679176331
2020-08-06,2020-08-07,HDFCBANK,1.0,0.5335264205932617,SEARCH_FOLD_B,0.5335264205932617
2020-08-07,2020-08-10,HDFCBANK,1.0,0.5324622988700867,SEARCH_FOLD_B,0.5324622988700867
2020-08-10,2020-08-11,HDFCBANK,1.0,0.531587541103363,SEARCH_FOLD_B,0.531587541103363
2020-08-11,2020-08-12,HDFCBANK,0.0,0.5308047533035278,SEARCH_FOLD_B,0.5308047533035278
2020-08-12,2020-08-13,HDFCBANK,0.0,0.5300318002700806,SEARCH_FOLD_B,0.5300318002700806
2020-08-13,2020-08-14,HDFCBANK,0.0,0.5293672680854797,SEARCH_FOLD_B,0.5293672680854797
2020-08-14,2020-08-17,HDFCBANK,0.0,0.5287010073661804,SEARCH_FOLD_B,0.5287010073661804
2020-08-17,2020-08-18,HDFCBANK,1.0,0.5280557870864868,SEARCH_FOLD_B,0.5280557870864868
2020-08-18,2020-08-19,HDFCBANK,1.0,0.5274515748023987,SEARCH_FOLD_B,0.5274515748023987
2020-08-19,2020-08-20,HDFCBANK,0.0,0.5269259214401245,SEARCH_FOLD_B,0.5269259214401245
2020-08-20,2020-08-21,HDFCBANK,1.0,0.5264793634414673,SEARCH_FOLD_B,0.5264793634414673
2020-08-21,2020-08-24,HDFCBANK,1.0,0.5260593295097351,SEARCH_FOLD_B,0.5260593295097351
2020-08-24,2020-08-25,HDFCBANK,1.0,0.5259840488433838,SEARCH_FOLD_B,0.5259840488433838
2020-08-25,2020-08-26,HDFCBANK,0.0,0.5261756181716919,SEARCH_FOLD_B,0.5261756181716919
2020-08-26,2020-08-27,HDFCBANK,0.0,0.526488184928894,SEARCH_FOLD_B,0.526488184928894
2020-08-27,2020-08-28,HDFCBANK,1.0,0.5269464254379272,SEARCH_FOLD_B,0.5269464254379272
2020-08-28,2020-08-31,HDFCBANK,1.0,0.5272648334503174,SEARCH_FOLD_B,0.5272648334503174
2020-08-31,2020-09-01,HDFCBANK,1.0,0.5276182293891907,SEARCH_FOLD_B,0.5276182293891907
2020-09-01,2020-09-02,HDFCBANK,1.0,0.5277578234672546,SEARCH_FOLD_B,0.5277578234672546
2020-09-02,2020-09-03,HDFCBANK,0.0,0.5277115106582642,SEARCH_FOLD_B,0.5277115106582642
2020-09-03,2020-09-04,HDFCBANK,0.0,0.5275270342826843,SEARCH_FOLD_B,0.5275270342826843
2020-09-04,2020-09-07,HDFCBANK,0.0,0.5273320078849792,SEARCH_FOLD_B,0.5273320078849792
2020-09-07,2020-09-08,HDFCBANK,1.0,0.5273909568786621,SEARCH_FOLD_B,0.5273909568786621
2020-09-08,2020-09-09,HDFCBANK,0.0,0.5273169875144958,SEARCH_FOLD_B,0.5273169875144958
2020-09-09,2020-09-10,HDFCBANK,0.0,0.52745521068573,SEARCH_FOLD_B,0.52745521068573
2020-09-10,2020-09-11,HDFCBANK,0.0,0.5276214480400085,SEARCH_FOLD_B,0.5276214480400085
2020-09-11,2020-09-14,HDFCBANK,0.0,0.5279144644737244,SEARCH_FOLD_B,0.5279144644737244
2020-09-14,2020-09-15,HDFCBANK,1.0,0.5282394886016846,SEARCH_FOLD_B,0.5282394886016846
2020-09-15,2020-09-16,HDFCBANK,1.0,0.5281060934066772,SEARCH_FOLD_B,0.5281060934066772
2020-09-16,2020-09-17,HDFCBANK,0.0,0.5280848145484924,SEARCH_FOLD_B,0.5280848145484924
2020-09-17,2020-09-18,HDFCBANK,0.0,0.5278509855270386,SEARCH_FOLD_B,0.5278509855270386
2020-09-18,2020-09-21,HDFCBANK,0.0,0.5275141000747681,SEARCH_FOLD_B,0.5275141000747681
2020-09-21,2020-09-22,HDFCBANK,0.0,0.5270214676856995,SEARCH_FOLD_B,0.5270214676856995
2020-09-22,2020-09-23,HDFCBANK,1.0,0.526347815990448,SEARCH_FOLD_B,0.526347815990448
2020-09-23,2020-09-24,HDFCBANK,0.0,0.5256916880607605,SEARCH_FOLD_B,0.5256916880607605
2020-09-24,2020-09-25,HDFCBANK,1.0,0.5249910354614258,SEARCH_FOLD_B,0.5249910354614258
2020-09-25,2020-09-28,HDFCBANK,1.0,0.5244550108909607,SEARCH_FOLD_B,0.5244550108909607
2020-09-28,2020-09-29,HDFCBANK,1.0,0.5239302515983582,SEARCH_FOLD_B,0.5239302515983582
2020-09-29,2020-09-30,HDFCBANK,1.0,0.5232648253440857,SEARCH_FOLD_B,0.5232648253440857
2020-09-30,2020-10-01,HDFCBANK,1.0,0.5226336121559143,SEARCH_FOLD_B,0.5226336121559143
2020-10-01,2020-10-05,HDFCBANK,1.0,0.5221312642097473,SEARCH_FOLD_B,0.5221312642097473
2020-10-05,2020-10-06,HDFCBANK,1.0,0.5215545892715454,SEARCH_FOLD_B,0.5215545892715454
2020-10-06,2020-10-07,HDFCBANK,1.0,0.5211552977561951,SEARCH_FOLD_B,0.5211552977561951
2020-10-07,2020-10-08,HDFCBANK,1.0,0.5207314491271973,SEARCH_FOLD_B,0.5207314491271973
2020-10-08,2020-10-09,HDFCBANK,1.0,0.5203733444213867,SEARCH_FOLD_B,0.5203733444213867
2020-10-09,2020-10-12,HDFCBANK,0.0,0.5200109481811523,SEARCH_FOLD_B,0.5200109481811523
2020-10-12,2020-10-13,HDFCBANK,0.0,0.5197914838790894,SEARCH_FOLD_B,0.5197914838790894
2020-10-13,2020-10-14,HDFCBANK,1.0,0.5198317170143127,SEARCH_FOLD_B,0.5198317170143127
2020-10-14,2020-10-15,HDFCBANK,0.0,0.5200541019439697,SEARCH_FOLD_B,0.5200541019439697
2020-10-15,2020-10-16,HDFCBANK,1.0,0.5203063488006592,SEARCH_FOLD_B,0.5203063488006592
2020-10-16,2020-10-19,HDFCBANK,1.0,0.5205426216125488,SEARCH_FOLD_B,0.5205426216125488
2020-10-19,2020-10-20,HDFCBANK,1.0,0.5207801461219788,SEARCH_FOLD_B,0.5207801461219788
2020-10-20,2020-10-21,HDFCBANK,1.0,0.5210250616073608,SEARCH_FOLD_B,0.5210250616073608
2020-10-21,2020-10-22,HDFCBANK,0.0,0.5212686061859131,SEARCH_FOLD_B,0.5212686061859131
2020-10-22,2020-10-23,HDFCBANK,1.0,0.5216072797775269,SEARCH_FOLD_B,0.5216072797775269
2020-10-23,2020-10-26,HDFCBANK,0.0,0.5220094323158264,SEARCH_FOLD_B,0.5220094323158264
2020-10-26,2020-10-27,HDFCBANK,1.0,0.5226203799247742,SEARCH_FOLD_B,0.5226203799247742
2020-10-27,2020-10-28,HDFCBANK,0.0,0.5233756303787231,SEARCH_FOLD_B,0.5233756303787231
2020-10-28,2020-10-29,HDFCBANK,0.0,0.5240488648414612,SEARCH_FOLD_B,0.5240488648414612
2020-10-29,2020-10-30,HDFCBANK,0.0,0.5245479941368103,SEARCH_FOLD_B,0.5245479941368103
2020-10-30,2020-11-02,HDFCBANK,1.0,0.5251262187957764,SEARCH_FOLD_B,0.5251262187957764
2020-11-02,2020-11-03,HDFCBANK,1.0,0.525920033454895,SEARCH_FOLD_B,0.525920033454895
2020-11-03,2020-11-04,HDFCBANK,1.0,0.5268073081970215,SEARCH_FOLD_B,0.5268073081970215
2020-11-04,2020-11-05,HDFCBANK,1.0,0.527771532535553,SEARCH_FOLD_B,0.527771532535553
2020-11-05,2020-11-06,HDFCBANK,1.0,0.5286413431167603,SEARCH_FOLD_B,0.5286413431167603
2020-11-06,2020-11-09,HDFCBANK,1.0,0.5296115875244141,SEARCH_FOLD_B,0.5296115875244141
2020-11-09,2020-11-10,HDFCBANK,1.0,0.5304588675498962,SEARCH_FOLD_B,0.5304588675498962
2020-11-10,2020-11-11,HDFCBANK,0.0,0.5312044620513916,SEARCH_FOLD_B,0.5312044620513916
2020-11-11,2020-11-12,HDFCBANK,0.0,0.5318793058395386,SEARCH_FOLD_B,0.5318793058395386
2020-11-12,2020-11-13,HDFCBANK,0.0,0.5324921607971191,SEARCH_FOLD_B,0.5324921607971191
2020-11-13,2020-11-14,HDFCBANK,1.0,0.5329221487045288,SEARCH_FOLD_B,0.5329221487045288
2020-11-14,2020-11-17,HDFCBANK,1.0,0.5332064628601074,SEARCH_FOLD_B,0.5332064628601074
2020-11-17,2020-11-18,HDFCBANK,1.0,0.5333477258682251,SEARCH_FOLD_B,0.5333477258682251
2020-11-18,2020-11-19,HDFCBANK,0.0,0.5332770943641663,SEARCH_FOLD_B,0.5332770943641663
2020-11-19,2020-11-20,HDFCBANK,1.0,0.5332304835319519,SEARCH_FOLD_B,0.5332304835319519
2020-11-20,2020-11-23,HDFCBANK,0.0,0.5330277681350708,SEARCH_FOLD_B,0.5330277681350708
2020-11-23,2020-11-24,HDFCBANK,1.0,0.5325865745544434,SEARCH_FOLD_B,0.5325865745544434
2020-11-24,2020-11-25,HDFCBANK,0.0,0.5320843458175659,SEARCH_FOLD_B,0.5320843458175659
2020-11-25,2020-11-26,HDFCBANK,1.0,0.531615138053894,SEARCH_FOLD_B,0.531615138053894
2020-11-26,2020-11-27,HDFCBANK,1.0,0.5310203433036804,SEARCH_FOLD_B,0.5310203433036804
2020-11-27,2020-12-01,HDFCBANK,0.0,0.5304185152053833,SEARCH_FOLD_B,0.5304185152053833
2020-12-01,2020-12-02,HDFCBANK,0.0,0.5300445556640625,SEARCH_FOLD_B,0.5300445556640625
2020-12-02,2020-12-03,HDFCBANK,0.0,0.5297104716300964,SEARCH_FOLD_B,0.5297104716300964
2020-12-03,2020-12-04,HDFCBANK,1.0,0.5295416116714478,SEARCH_FOLD_B,0.5295416116714478
2020-12-04,2020-12-07,HDFCBANK,0.0,0.5292322635650635,SEARCH_FOLD_B,0.5292322635650635
2020-12-07,2020-12-08,HDFCBANK,1.0,0.5289862751960754,SEARCH_FOLD_B,0.5289862751960754
2020-12-08,2020-12-09,HDFCBANK,1.0,0.528622031211853,SEARCH_FOLD_B,0.528622031211853
2020-12-09,2020-12-10,HDFCBANK,0.0,0.5282753109931946,SEARCH_FOLD_B,0.5282753109931946
2020-12-10,2020-12-11,HDFCBANK,0.0,0.5278339385986328,SEARCH_FOLD_B,0.5278339385986328
2020-12-11,2020-12-14,HDFCBANK,0.0,0.527428388595581,SEARCH_FOLD_B,0.527428388595581
2020-12-14,2020-12-15,HDFCBANK,1.0,0.5269938111305237,SEARCH_FOLD_B,0.5269938111305237
2020-12-15,2020-12-16,HDFCBANK,1.0,0.5265203714370728,SEARCH_FOLD_B,0.5265203714370728
2020-12-16,2020-12-17,HDFCBANK,1.0,0.526158332824707,SEARCH_FOLD_B,0.526158332824707
2020-12-17,2020-12-18,HDFCBANK,0.0,0.5258015394210815,SEARCH_FOLD_B,0.5258015394210815
2020-12-18,2020-12-21,HDFCBANK,0.0,0.525486171245575,SEARCH_FOLD_B,0.525486171245575
2020-12-21,2020-12-22,HDFCBANK,1.0,0.525305449962616,SEARCH_FOLD_B,0.525305449962616
2020-12-22,2020-12-23,HDFCBANK,1.0,0.5250754356384277,SEARCH_FOLD_B,0.5250754356384277
2020-12-23,2020-12-24,HDFCBANK,1.0,0.5248376727104187,SEARCH_FOLD_B,0.5248376727104187
2020-12-24,2020-12-28,HDFCBANK,1.0,0.5243555903434753,SEARCH_FOLD_B,0.5243555903434753
2020-12-28,2020-12-29,HDFCBANK,1.0,0.5240010619163513,SEARCH_FOLD_B,0.5240010619163513
2020-12-29,2020-12-30,HDFCBANK,1.0,0.5237264633178711,SEARCH_FOLD_B,0.5237264633178711
2020-12-30,2020-12-31,HDFCBANK,1.0,0.5235529541969299,SEARCH_FOLD_B,0.5235529541969299
2020-01-01,2020-01-02,ITC,1.0,0.5038479566574097,SEARCH_FOLD_B,0.5038479566574097
2020-01-02,2020-01-03,ITC,0.0,0.5041719675064087,SEARCH_FOLD_B,0.5041719675064087
2020-01-03,2020-01-06,ITC,0.0,0.5041455030441284,SEARCH_FOLD_B,0.5041455030441284
2020-01-06,2020-01-07,ITC,1.0,0.5044683218002319,SEARCH_FOLD_B,0.5044683218002319
2020-01-07,2020-01-08,ITC,0.0,0.5046435594558716,SEARCH_FOLD_B,0.5046435594558716
2020-01-08,2020-01-09,ITC,1.0,0.5051326751708984,SEARCH_FOLD_B,0.5051326751708984
2020-01-09,2020-01-10,ITC,1.0,0.5052604675292969,SEARCH_FOLD_B,0.5052604675292969
2020-01-10,2020-01-13,ITC,1.0,0.5054417252540588,SEARCH_FOLD_B,0.5054417252540588
2020-01-13,2020-01-14,ITC,1.0,0.5055084228515625,SEARCH_FOLD_B,0.5055084228515625
2020-01-14,2020-01-15,ITC,0.0,0.5053892731666565,SEARCH_FOLD_B,0.5053892731666565
2020-01-15,2020-01-16,ITC,0.0,0.5051146745681763,SEARCH_FOLD_B,0.5051146745681763
2020-01-16,2020-01-17,ITC,0.0,0.5048139095306396,SEARCH_FOLD_B,0.5048139095306396
2020-01-17,2020-01-20,ITC,1.0,0.5047439932823181,SEARCH_FOLD_B,0.5047439932823181
2020-01-20,2020-01-21,ITC,0.0,0.5043917298316956,SEARCH_FOLD_B,0.5043917298316956
2020-01-21,2020-01-22,ITC,0.0,0.5039599537849426,SEARCH_FOLD_B,0.5039599537849426
2020-01-22,2020-01-23,ITC,0.0,0.5033806562423706,SEARCH_FOLD_B,0.5033806562423706
2020-01-23,2020-01-24,ITC,1.0,0.5029844641685486,SEARCH_FOLD_B,0.5029844641685486
2020-01-24,2020-01-27,ITC,0.0,0.5025797486305237,SEARCH_FOLD_B,0.5025797486305237
2020-01-27,2020-01-28,ITC,0.0,0.5024002194404602,SEARCH_FOLD_B,0.5024002194404602
2020-01-28,2020-01-29,ITC,1.0,0.5020300149917603,SEARCH_FOLD_B,0.5020300149917603
2020-01-29,2020-01-30,ITC,0.0,0.5019814372062683,SEARCH_FOLD_B,0.5019814372062683
2020-01-30,2020-01-31,ITC,1.0,0.502246618270874,SEARCH_FOLD_B,0.502246618270874
2020-01-31,2020-02-03,ITC,0.0,0.5023439526557922,SEARCH_FOLD_B,0.5023439526557922
2020-02-03,2020-02-04,ITC,1.0,0.5024290084838867,SEARCH_FOLD_B,0.5024290084838867
2020-02-04,2020-02-05,ITC,1.0,0.5026459693908691,SEARCH_FOLD_B,0.5026459693908691
2020-02-05,2020-02-06,ITC,0.0,0.50282883644104,SEARCH_FOLD_B,0.50282883644104
2020-02-06,2020-02-07,ITC,0.0,0.5031262636184692,SEARCH_FOLD_B,0.5031262636184692
2020-02-07,2020-02-10,ITC,0.0,0.5034307837486267,SEARCH_FOLD_B,0.5034307837486267
2020-02-10,2020-02-11,ITC,1.0,0.5039854049682617,SEARCH_FOLD_B,0.5039854049682617
2020-02-11,2020-02-12,ITC,1.0,0.5044234395027161,SEARCH_FOLD_B,0.5044234395027161
2020-02-12,2020-02-13,ITC,0.0,0.504878580570221,SEARCH_FOLD_B,0.504878580570221
2020-02-13,2020-02-14,ITC,0.0,0.5055868029594421,SEARCH_FOLD_B,0.5055868029594421
2020-02-14,2020-02-17,ITC,0.0,0.506291389465332,SEARCH_FOLD_B,0.506291389465332
2020-02-17,2020-02-18,ITC,0.0,0.5068047642707825,SEARCH_FOLD_B,0.5068047642707825
2020-02-18,2020-02-19,ITC,1.0,0.5073928833007812,SEARCH_FOLD_B,0.5073928833007812
2020-02-19,2020-02-20,ITC,1.0,0.5079128742218018,SEARCH_FOLD_B,0.5079128742218018
2020-02-20,2020-02-24,ITC,0.0,0.5086036920547485,SEARCH_FOLD_B,0.5086036920547485
2020-02-24,2020-02-25,ITC,0.0,0.5094674229621887,SEARCH_FOLD_B,0.5094674229621887
2020-02-25,2020-02-26,ITC,0.0,0.5104867219924927,SEARCH_FOLD_B,0.5104867219924927
2020-02-26,2020-02-27,ITC,0.0,0.5118638277053833,SEARCH_FOLD_B,0.5118638277053833
2020-02-27,2020-02-28,ITC,0.0,0.5130626559257507,SEARCH_FOLD_B,0.5130626559257507
2020-02-28,2020-03-02,ITC,0.0,0.5142725706100464,SEARCH_FOLD_B,0.5142725706100464
2020-03-02,2020-03-03,ITC,0.0,0.5154102444648743,SEARCH_FOLD_B,0.5154102444648743
2020-03-03,2020-03-04,ITC,0.0,0.5167672038078308,SEARCH_FOLD_B,0.5167672038078308
2020-03-04,2020-03-05,ITC,1.0,0.5177872180938721,SEARCH_FOLD_B,0.5177872180938721
2020-03-05,2020-03-06,ITC,0.0,0.5187364220619202,SEARCH_FOLD_B,0.5187364220619202
2020-03-06,2020-03-09,ITC,0.0,0.5196171998977661,SEARCH_FOLD_B,0.5196171998977661
2020-03-09,2020-03-11,ITC,0.0,0.5205216407775879,SEARCH_FOLD_B,0.5205216407775879
2020-03-11,2020-03-12,ITC,0.0,0.5211354494094849,SEARCH_FOLD_B,0.5211354494094849
2020-03-12,2020-03-13,ITC,1.0,0.5215581059455872,SEARCH_FOLD_B,0.5215581059455872
2020-03-13,2020-03-16,ITC,0.0,0.5223719477653503,SEARCH_FOLD_B,0.5223719477653503
2020-03-16,2020-03-17,ITC,1.0,0.5227464437484741,SEARCH_FOLD_B,0.5227464437484741
2020-03-17,2020-03-18,ITC,1.0,0.5232987403869629,SEARCH_FOLD_B,0.5232987403869629
2020-03-18,2020-03-19,ITC,1.0,0.523524284362793,SEARCH_FOLD_B,0.523524284362793
2020-03-19,2020-03-20,ITC,1.0,0.5233879685401917,SEARCH_FOLD_B,0.5233879685401917
2020-03-20,2020-03-23,ITC,0.0,0.5229995846748352,SEARCH_FOLD_B,0.5229995846748352
2020-03-23,2020-03-24,ITC,0.0,0.522718071937561,SEARCH_FOLD_B,0.522718071937561
2020-03-24,2020-03-25,ITC,0.0,0.5224274396896362,SEARCH_FOLD_B,0.5224274396896362
2020-03-25,2020-03-26,ITC,1.0,0.5220280289649963,SEARCH_FOLD_B,0.5220280289649963
2020-03-26,2020-03-27,ITC,1.0,0.5218802690505981,SEARCH_FOLD_B,0.5218802690505981
2020-03-27,2020-03-30,ITC,0.0,0.5216070413589478,SEARCH_FOLD_B,0.5216070413589478
2020-03-30,2020-03-31,ITC,1.0,0.5213725566864014,SEARCH_FOLD_B,0.5213725566864014
2020-03-31,2020-04-01,ITC,0.0,0.5211557149887085,SEARCH_FOLD_B,0.5211557149887085
2020-04-01,2020-04-03,ITC,1.0,0.5210186839103699,SEARCH_FOLD_B,0.5210186839103699
2020-04-03,2020-04-07,ITC,1.0,0.5209295749664307,SEARCH_FOLD_B,0.5209295749664307
2020-04-07,2020-04-08,ITC,0.0,0.5208981037139893,SEARCH_FOLD_B,0.5208981037139893
2020-04-08,2020-04-09,ITC,1.0,0.5210099220275879,SEARCH_FOLD_B,0.5210099220275879
2020-04-09,2020-04-13,ITC,0.0,0.5211070775985718,SEARCH_FOLD_B,0.5211070775985718
2020-04-13,2020-04-15,ITC,1.0,0.5212731957435608,SEARCH_FOLD_B,0.5212731957435608
2020-04-15,2020-04-16,ITC,0.0,0.5214047431945801,SEARCH_FOLD_B,0.5214047431945801
2020-04-16,2020-04-17,ITC,1.0,0.5215485692024231,SEARCH_FOLD_B,0.5215485692024231
2020-04-17,2020-04-20,ITC,0.0,0.5218201279640198,SEARCH_FOLD_B,0.5218201279640198
2020-04-20,2020-04-21,ITC,0.0,0.5219587087631226,SEARCH_FOLD_B,0.5219587087631226
2020-04-21,2020-04-22,ITC,1.0,0.5224152207374573,SEARCH_FOLD_B,0.5224152207374573
2020-04-22,2020-04-23,ITC,0.0,0.5229406356811523,SEARCH_FOLD_B,0.5229406356811523
2020-04-23,2020-04-24,ITC,0.0,0.5234851837158203,SEARCH_FOLD_B,0.5234851837158203
2020-04-24,2020-04-27,ITC,0.0,0.523976743221283,SEARCH_FOLD_B,0.523976743221283
2020-04-27,2020-04-28,ITC,0.0,0.524391233921051,SEARCH_FOLD_B,0.524391233921051
2020-04-28,2020-04-29,ITC,1.0,0.5248355865478516,SEARCH_FOLD_B,0.5248355865478516
2020-04-29,2020-04-30,ITC,0.0,0.5253261923789978,SEARCH_FOLD_B,0.5253261923789978
2020-04-30,2020-05-04,ITC,0.0,0.5259509682655334,SEARCH_FOLD_B,0.5259509682655334
2020-05-04,2020-05-05,ITC,0.0,0.5263118743896484,SEARCH_FOLD_B,0.5263118743896484
2020-05-05,2020-05-06,ITC,0.0,0.5267601013183594,SEARCH_FOLD_B,0.5267601013183594
2020-05-06,2020-05-07,ITC,0.0,0.5270769596099854,SEARCH_FOLD_B,0.5270769596099854
2020-05-07,2020-05-08,ITC,0.0,0.5278285145759583,SEARCH_FOLD_B,0.5278285145759583
2020-05-08,2020-05-11,ITC,1.0,0.5284542441368103,SEARCH_FOLD_B,0.5284542441368103
2020-05-11,2020-05-12,ITC,1.0,0.5288608074188232,SEARCH_FOLD_B,0.5288608074188232
2020-05-12,2020-05-13,ITC,1.0,0.5291383862495422,SEARCH_FOLD_B,0.5291383862495422
2020-05-13,2020-05-14,ITC,0.0,0.5293906927108765,SEARCH_FOLD_B,0.5293906927108765
2020-05-14,2020-05-15,ITC,1.0,0.529691755771637,SEARCH_FOLD_B,0.529691755771637
2020-05-15,2020-05-18,ITC,1.0,0.5298447608947754,SEARCH_FOLD_B,0.5298447608947754
2020-05-18,2020-05-19,ITC,1.0,0.529869019985199,SEARCH_FOLD_B,0.529869019985199
2020-05-19,2020-05-20,ITC,1.0,0.5298835039138794,SEARCH_FOLD_B,0.5298835039138794
2020-05-20,2020-05-21,ITC,1.0,0.5295142531394958,SEARCH_FOLD_B,0.5295142531394958
2020-05-21,2020-05-22,ITC,0.0,0.529371440410614,SEARCH_FOLD_B,0.529371440410614
2020-05-22,2020-05-26,ITC,1.0,0.5288876295089722,SEARCH_FOLD_B,0.5288876295089722
2020-05-26,2020-05-27,ITC,1.0,0.5282570123672485,SEARCH_FOLD_B,0.5282570123672485
2020-05-27,2020-05-28,ITC,0.0,0.5277665257453918,SEARCH_FOLD_B,0.5277665257453918
2020-05-28,2020-05-29,ITC,1.0,0.5269730687141418,SEARCH_FOLD_B,0.5269730687141418
2020-05-29,2020-06-01,ITC,1.0,0.5266963243484497,SEARCH_FOLD_B,0.5266963243484497
2020-06-01,2020-06-02,ITC,0.0,0.5261317491531372,SEARCH_FOLD_B,0.5261317491531372
2020-06-02,2020-06-03,ITC,0.0,0.525748610496521,SEARCH_FOLD_B,0.525748610496521
2020-06-03,2020-06-04,ITC,1.0,0.5254570245742798,SEARCH_FOLD_B,0.5254570245742798
2020-06-04,2020-06-05,ITC,0.0,0.5250259637832642,SEARCH_FOLD_B,0.5250259637832642
2020-06-05,2020-06-08,ITC,0.0,0.5246875882148743,SEARCH_FOLD_B,0.5246875882148743
2020-06-08,2020-06-09,ITC,1.0,0.5244329571723938,SEARCH_FOLD_B,0.5244329571723938
2020-06-09,2020-06-10,ITC,1.0,0.5242112874984741,SEARCH_FOLD_B,0.5242112874984741
2020-06-10,2020-06-11,ITC,0.0,0.5239149928092957,SEARCH_FOLD_B,0.5239149928092957
2020-06-11,2020-06-12,ITC,0.0,0.5236347913742065,SEARCH_FOLD_B,0.5236347913742065
2020-06-12,2020-06-15,ITC,0.0,0.5235242247581482,SEARCH_FOLD_B,0.5235242247581482
2020-06-15,2020-06-16,ITC,0.0,0.5235534906387329,SEARCH_FOLD_B,0.5235534906387329
2020-06-16,2020-06-17,ITC,0.0,0.5234847068786621,SEARCH_FOLD_B,0.5234847068786621
2020-06-17,2020-06-18,ITC,1.0,0.5234345197677612,SEARCH_FOLD_B,0.5234345197677612
2020-06-18,2020-06-19,ITC,0.0,0.5236839056015015,SEARCH_FOLD_B,0.5236839056015015
2020-06-19,2020-06-22,ITC,1.0,0.5235978364944458,SEARCH_FOLD_B,0.5235978364944458
2020-06-22,2020-06-23,ITC,1.0,0.5234532952308655,SEARCH_FOLD_B,0.5234532952308655
2020-06-23,2020-06-24,ITC,1.0,0.5232270359992981,SEARCH_FOLD_B,0.5232270359992981
2020-06-24,2020-06-25,ITC,1.0,0.5230253338813782,SEARCH_FOLD_B,0.5230253338813782
2020-06-25,2020-06-26,ITC,0.0,0.5225483179092407,SEARCH_FOLD_B,0.5225483179092407
2020-06-26,2020-06-29,ITC,1.0,0.5219007730484009,SEARCH_FOLD_B,0.5219007730484009
2020-06-29,2020-06-30,ITC,0.0,0.521052896976471,SEARCH_FOLD_B,0.521052896976471
2020-06-30,2020-07-01,ITC,1.0,0.5201994180679321,SEARCH_FOLD_B,0.5201994180679321
2020-07-01,2020-07-02,ITC,1.0,0.5194745063781738,SEARCH_FOLD_B,0.5194745063781738
2020-07-02,2020-07-03,ITC,1.0,0.5188188552856445,SEARCH_FOLD_B,0.5188188552856445
2020-07-03,2020-07-06,ITC,0.0,0.5186993479728699,SEARCH_FOLD_B,0.5186993479728699
2020-07-06,2020-07-07,ITC,0.0,0.5181815028190613,SEARCH_FOLD_B,0.5181815028190613
2020-07-07,2020-07-08,ITC,1.0,0.5180671811103821,SEARCH_FOLD_B,0.5180671811103821
2020-07-08,2020-07-09,ITC,0.0,0.5176554322242737,SEARCH_FOLD_B,0.5176554322242737
2020-07-09,2020-07-10,ITC,0.0,0.5172163844108582,SEARCH_FOLD_B,0.5172163844108582
2020-07-10,2020-07-13,ITC,1.0,0.5171655416488647,SEARCH_FOLD_B,0.5171655416488647
2020-07-13,2020-07-14,ITC,0.0,0.5170903205871582,SEARCH_FOLD_B,0.5170903205871582
2020-07-14,2020-07-15,ITC,1.0,0.5168530941009521,SEARCH_FOLD_B,0.5168530941009521
2020-07-15,2020-07-16,ITC,0.0,0.516546368598938,SEARCH_FOLD_B,0.516546368598938
2020-07-16,2020-07-17,ITC,1.0,0.5165327191352844,SEARCH_FOLD_B,0.5165327191352844
2020-07-17,2020-07-20,ITC,0.0,0.5164740681648254,SEARCH_FOLD_B,0.5164740681648254
2020-07-20,2020-07-21,ITC,0.0,0.5164547562599182,SEARCH_FOLD_B,0.5164547562599182
2020-07-21,2020-07-22,ITC,1.0,0.5167971253395081,SEARCH_FOLD_B,0.5167971253395081
2020-07-22,2020-07-23,ITC,1.0,0.5170503258705139,SEARCH_FOLD_B,0.5170503258705139
2020-07-23,2020-07-24,ITC,0.0,0.5169958472251892,SEARCH_FOLD_B,0.5169958472251892
2020-07-24,2020-07-27,ITC,0.0,0.5169134140014648,SEARCH_FOLD_B,0.5169134140014648
2020-07-27,2020-07-28,ITC,0.0,0.5166545510292053,SEARCH_FOLD_B,0.5166545510292053
2020-07-28,2020-07-29,ITC,1.0,0.5164276957511902,SEARCH_FOLD_B,0.5164276957511902
2020-07-29,2020-07-30,ITC,0.0,0.516075074672699,SEARCH_FOLD_B,0.516075074672699
2020-07-30,2020-07-31,ITC,1.0,0.5159551501274109,SEARCH_FOLD_B,0.5159551501274109
2020-07-31,2020-08-03,ITC,0.0,0.5158306956291199,SEARCH_FOLD_B,0.5158306956291199
2020-08-03,2020-08-04,ITC,1.0,0.515751302242279,SEARCH_FOLD_B,0.515751302242279
2020-08-04,2020-08-05,ITC,0.0,0.5156088471412659,SEARCH_FOLD_B,0.5156088471412659
2020-08-05,2020-08-06,ITC,1.0,0.5159114599227905,SEARCH_FOLD_B,0.5159114599227905
2020-08-06,2020-08-07,ITC,1.0,0.5167329907417297,SEARCH_FOLD_B,0.5167329907417297
2020-08-07,2020-08-10,ITC,1.0,0.5170665383338928,SEARCH_FOLD_B,0.5170665383338928
2020-08-10,2020-08-11,ITC,1.0,0.5177411437034607,SEARCH_FOLD_B,0.5177411437034607
2020-08-11,2020-08-12,ITC,1.0,0.5174189209938049,SEARCH_FOLD_B,0.5174189209938049
2020-08-12,2020-08-13,ITC,0.0,0.5173718929290771,SEARCH_FOLD_B,0.5173718929290771
2020-08-13,2020-08-14,ITC,0.0,0.5173246264457703,SEARCH_FOLD_B,0.5173246264457703
2020-08-14,2020-08-17,ITC,1.0,0.517377495765686,SEARCH_FOLD_B,0.517377495765686
2020-08-17,2020-08-18,ITC,0.0,0.5170979499816895,SEARCH_FOLD_B,0.5170979499816895
2020-08-18,2020-08-19,ITC,0.0,0.5166704058647156,SEARCH_FOLD_B,0.5166704058647156
2020-08-19,2020-08-20,ITC,0.0,0.5162790417671204,SEARCH_FOLD_B,0.5162790417671204
2020-08-20,2020-08-21,ITC,1.0,0.515854001045227,SEARCH_FOLD_B,0.515854001045227
2020-08-21,2020-08-24,ITC,0.0,0.5153779983520508,SEARCH_FOLD_B,0.5153779983520508
2020-08-24,2020-08-25,ITC,0.0,0.5151180624961853,SEARCH_FOLD_B,0.5151180624961853
2020-08-25,2020-08-26,ITC,0.0,0.5147396326065063,SEARCH_FOLD_B,0.5147396326065063
2020-08-26,2020-08-27,ITC,0.0,0.514578104019165,SEARCH_FOLD_B,0.514578104019165
2020-08-27,2020-08-28,ITC,1.0,0.5141340494155884,SEARCH_FOLD_B,0.5141340494155884
2020-08-28,2020-08-31,ITC,0.0,0.5136419534683228,SEARCH_FOLD_B,0.5136419534683228
2020-08-31,2020-09-01,ITC,0.0,0.5129268169403076,SEARCH_FOLD_B,0.5129268169403076
2020-09-01,2020-09-02,ITC,1.0,0.5122448205947876,SEARCH_FOLD_B,0.5122448205947876
2020-09-02,2020-09-03,ITC,1.0,0.511913537979126,SEARCH_FOLD_B,0.511913537979126
2020-09-03,2020-09-04,ITC,0.0,0.5119612216949463,SEARCH_FOLD_B,0.5119612216949463
2020-09-04,2020-09-07,ITC,1.0,0.5122312903404236,SEARCH_FOLD_B,0.5122312903404236
2020-09-07,2020-09-08,ITC,0.0,0.5120405554771423,SEARCH_FOLD_B,0.5120405554771423
2020-09-08,2020-09-09,ITC,0.0,0.5118425488471985,SEARCH_FOLD_B,0.5118425488471985
2020-09-09,2020-09-10,ITC,1.0,0.5118216276168823,SEARCH_FOLD_B,0.5118216276168823
2020-09-10,2020-09-11,ITC,0.0,0.511669397354126,SEARCH_FOLD_B,0.511669397354126
2020-09-11,2020-09-14,ITC,0.0,0.5116351246833801,SEARCH_FOLD_B,0.5116351246833801
2020-09-14,2020-09-15,ITC,0.0,0.5115324258804321,SEARCH_FOLD_B,0.5115324258804321
2020-09-15,2020-09-16,ITC,0.0,0.5115856528282166,SEARCH_FOLD_B,0.5115856528282166
2020-09-16,2020-09-17,ITC,0.0,0.5117378234863281,SEARCH_FOLD_B,0.5117378234863281
2020-09-17,2020-09-18,ITC,1.0,0.5118163824081421,SEARCH_FOLD_B,0.5118163824081421
2020-09-18,2020-09-21,ITC,0.0,0.5119419097900391,SEARCH_FOLD_B,0.5119419097900391
2020-09-21,2020-09-22,ITC,0.0,0.512253999710083,SEARCH_FOLD_B,0.512253999710083
2020-09-22,2020-09-23,ITC,0.0,0.5131433010101318,SEARCH_FOLD_B,0.5131433010101318
2020-09-23,2020-09-24,ITC,0.0,0.5137410163879395,SEARCH_FOLD_B,0.5137410163879395
2020-09-24,2020-09-25,ITC,1.0,0.5141888856887817,SEARCH_FOLD_B,0.5141888856887817
2020-09-25,2020-09-28,ITC,1.0,0.5143962502479553,SEARCH_FOLD_B,0.5143962502479553
2020-09-28,2020-09-29,ITC,0.0,0.5146788358688354,SEARCH_FOLD_B,0.5146788358688354
2020-09-29,2020-09-30,ITC,1.0,0.5149536728858948,SEARCH_FOLD_B,0.5149536728858948
2020-09-30,2020-10-01,ITC,0.0,0.5153257846832275,SEARCH_FOLD_B,0.5153257846832275
2020-10-01,2020-10-05,ITC,0.0,0.5155903100967407,SEARCH_FOLD_B,0.5155903100967407
2020-10-05,2020-10-06,ITC,1.0,0.5159722566604614,SEARCH_FOLD_B,0.5159722566604614
2020-10-06,2020-10-07,ITC,0.0,0.5163438320159912,SEARCH_FOLD_B,0.5163438320159912
2020-10-07,2020-10-08,ITC,0.0,0.5166504979133606,SEARCH_FOLD_B,0.5166504979133606
2020-10-08,2020-10-09,ITC,1.0,0.5170042514801025,SEARCH_FOLD_B,0.5170042514801025
2020-10-09,2020-10-12,ITC,1.0,0.5175925493240356,SEARCH_FOLD_B,0.5175925493240356
2020-10-12,2020-10-13,ITC,0.0,0.5180701613426208,SEARCH_FOLD_B,0.5180701613426208
2020-10-13,2020-10-14,ITC,0.0,0.5188562870025635,SEARCH_FOLD_B,0.5188562870025635
2020-10-14,2020-10-15,ITC,0.0,0.519025981426239,SEARCH_FOLD_B,0.519025981426239
2020-10-15,2020-10-16,ITC,1.0,0.5191464424133301,SEARCH_FOLD_B,0.5191464424133301
2020-10-16,2020-10-19,ITC,1.0,0.5193140506744385,SEARCH_FOLD_B,0.5193140506744385
2020-10-19,2020-10-20,ITC,0.0,0.5195040106773376,SEARCH_FOLD_B,0.5195040106773376
2020-10-20,2020-10-21,ITC,1.0,0.5197756290435791,SEARCH_FOLD_B,0.5197756290435791
2020-10-21,2020-10-22,ITC,1.0,0.5199939608573914,SEARCH_FOLD_B,0.5199939608573914
2020-10-22,2020-10-23,ITC,1.0,0.5200805068016052,SEARCH_FOLD_B,0.5200805068016052
2020-10-23,2020-10-26,ITC,0.0,0.5201714634895325,SEARCH_FOLD_B,0.5201714634895325
2020-10-26,2020-10-27,ITC,0.0,0.5202577114105225,SEARCH_FOLD_B,0.5202577114105225
2020-10-27,2020-10-28,ITC,0.0,0.520389974117279,SEARCH_FOLD_B,0.520389974117279
2020-10-28,2020-10-29,ITC,0.0,0.5204853415489197,SEARCH_FOLD_B,0.5204853415489197
2020-10-29,2020-10-30,ITC,1.0,0.5207515358924866,SEARCH_FOLD_B,0.5207515358924866
2020-10-30,2020-11-02,ITC,1.0,0.5208441019058228,SEARCH_FOLD_B,0.5208441019058228
2020-11-02,2020-11-03,ITC,1.0,0.5209885239601135,SEARCH_FOLD_B,0.5209885239601135
2020-11-03,2020-11-04,ITC,0.0,0.5209896564483643,SEARCH_FOLD_B,0.5209896564483643
2020-11-04,2020-11-05,ITC,1.0,0.5209221839904785,SEARCH_FOLD_B,0.5209221839904785
2020-11-05,2020-11-06,ITC,0.0,0.5211324691772461,SEARCH_FOLD_B,0.5211324691772461
2020-11-06,2020-11-09,ITC,0.0,0.5208973288536072,SEARCH_FOLD_B,0.5208973288536072
2020-11-09,2020-11-10,ITC,1.0,0.5207151174545288,SEARCH_FOLD_B,0.5207151174545288
2020-11-10,2020-11-11,ITC,1.0,0.5204929113388062,SEARCH_FOLD_B,0.5204929113388062
2020-11-11,2020-11-12,ITC,1.0,0.5200564861297607,SEARCH_FOLD_B,0.5200564861297607
2020-11-12,2020-11-13,ITC,0.0,0.519618570804596,SEARCH_FOLD_B,0.519618570804596
2020-11-13,2020-11-14,ITC,1.0,0.5191868543624878,SEARCH_FOLD_B,0.5191868543624878
2020-11-14,2020-11-17,ITC,0.0,0.5188761949539185,SEARCH_FOLD_B,0.5188761949539185
2020-11-17,2020-11-18,ITC,0.0,0.5186824202537537,SEARCH_FOLD_B,0.5186824202537537
2020-11-18,2020-11-19,ITC,1.0,0.518511176109314,SEARCH_FOLD_B,0.518511176109314
2020-11-19,2020-11-20,ITC,1.0,0.5182981491088867,SEARCH_FOLD_B,0.5182981491088867
2020-11-20,2020-11-23,ITC,0.0,0.5180243253707886,SEARCH_FOLD_B,0.5180243253707886
2020-11-23,2020-11-24,ITC,1.0,0.5182780027389526,SEARCH_FOLD_B,0.5182780027389526
2020-11-24,2020-11-25,ITC,0.0,0.5181447863578796,SEARCH_FOLD_B,0.5181447863578796
2020-11-25,2020-11-26,ITC,1.0,0.5179539322853088,SEARCH_FOLD_B,0.5179539322853088
2020-11-26,2020-11-27,ITC,0.0,0.5176336765289307,SEARCH_FOLD_B,0.5176336765289307
2020-11-27,2020-12-01,ITC,1.0,0.5172849893569946,SEARCH_FOLD_B,0.5172849893569946
2020-12-01,2020-12-02,ITC,1.0,0.5170544385910034,SEARCH_FOLD_B,0.5170544385910034
2020-12-02,2020-12-03,ITC,1.0,0.516777753829956,SEARCH_FOLD_B,0.516777753829956
2020-12-03,2020-12-04,ITC,1.0,0.5164831280708313,SEARCH_FOLD_B,0.5164831280708313
2020-12-04,2020-12-07,ITC,1.0,0.5162304043769836,SEARCH_FOLD_B,0.5162304043769836
2020-12-07,2020-12-08,ITC,0.0,0.5160623788833618,SEARCH_FOLD_B,0.5160623788833618
2020-12-08,2020-12-09,ITC,1.0,0.5157614350318909,SEARCH_FOLD_B,0.5157614350318909
2020-12-09,2020-12-10,ITC,1.0,0.5155429244041443,SEARCH_FOLD_B,0.5155429244041443
2020-12-10,2020-12-11,ITC,1.0,0.5149217247962952,SEARCH_FOLD_B,0.5149217247962952
2020-12-11,2020-12-14,ITC,0.0,0.5140928626060486,SEARCH_FOLD_B,0.5140928626060486
2020-12-14,2020-12-15,ITC,0.0,0.513226330280304,SEARCH_FOLD_B,0.513226330280304
2020-12-15,2020-12-16,ITC,1.0,0.5123974680900574,SEARCH_FOLD_B,0.5123974680900574
2020-12-16,2020-12-17,ITC,0.0,0.5117880702018738,SEARCH_FOLD_B,0.5117880702018738
2020-12-17,2020-12-18,ITC,1.0,0.5110856294631958,SEARCH_FOLD_B,0.5110856294631958
2020-12-18,2020-12-21,ITC,0.0,0.510671854019165,SEARCH_FOLD_B,0.510671854019165
2020-12-21,2020-12-22,ITC,1.0,0.5101912617683411,SEARCH_FOLD_B,0.5101912617683411
2020-12-22,2020-12-23,ITC,1.0,0.5096613168716431,SEARCH_FOLD_B,0.5096613168716431
2020-12-23,2020-12-24,ITC,1.0,0.5095753073692322,SEARCH_FOLD_B,0.5095753073692322
2020-12-24,2020-12-28,ITC,1.0,0.5096919536590576,SEARCH_FOLD_B,0.5096919536590576
2020-12-28,2020-12-29,ITC,1.0,0.509733259677887,SEARCH_FOLD_B,0.509733259677887
2020-12-29,2020-12-30,ITC,0.0,0.5095081925392151,SEARCH_FOLD_B,0.5095081925392151
2020-12-30,2020-12-31,ITC,0.0,0.5092103481292725,SEARCH_FOLD_B,0.5092103481292725
2020-01-01,2020-01-02,LT,1.0,0.4906484186649322,SEARCH_FOLD_B,0.5093515813350677
2020-01-02,2020-01-03,LT,0.0,0.4907342791557312,SEARCH_FOLD_B,0.5092657208442688
2020-01-03,2020-01-06,LT,0.0,0.4909319877624511,SEARCH_FOLD_B,0.5090680122375488
2020-01-06,2020-01-07,LT,1.0,0.4909068346023559,SEARCH_FOLD_B,0.509093165397644
2020-01-07,2020-01-08,LT,0.0,0.4909169375896454,SEARCH_FOLD_B,0.5090830624103546
2020-01-08,2020-01-09,LT,1.0,0.4908994138240814,SEARCH_FOLD_B,0.5091005861759186
2020-01-09,2020-01-10,LT,1.0,0.4908079504966736,SEARCH_FOLD_B,0.5091920495033264
2020-01-10,2020-01-13,LT,1.0,0.4907011091709137,SEARCH_FOLD_B,0.5092988908290863
2020-01-13,2020-01-14,LT,0.0,0.4903750121593475,SEARCH_FOLD_B,0.5096249878406525
2020-01-14,2020-01-15,LT,0.0,0.4900809526443481,SEARCH_FOLD_B,0.5099190473556519
2020-01-15,2020-01-16,LT,0.0,0.4896618127822876,SEARCH_FOLD_B,0.5103381872177124
2020-01-16,2020-01-17,LT,0.0,0.4893499910831451,SEARCH_FOLD_B,0.5106500089168549
2020-01-17,2020-01-20,LT,1.0,0.489086776971817,SEARCH_FOLD_B,0.510913223028183
2020-01-20,2020-01-21,LT,0.0,0.4886084794998169,SEARCH_FOLD_B,0.5113915205001831
2020-01-21,2020-01-22,LT,0.0,0.4880674183368683,SEARCH_FOLD_B,0.5119325816631317
2020-01-22,2020-01-23,LT,1.0,0.4875571429729461,SEARCH_FOLD_B,0.5124428570270538
2020-01-23,2020-01-24,LT,1.0,0.4869952499866485,SEARCH_FOLD_B,0.5130047500133514
2020-01-24,2020-01-27,LT,0.0,0.4864230751991272,SEARCH_FOLD_B,0.5135769248008728
2020-01-27,2020-01-28,LT,0.0,0.4859993755817413,SEARCH_FOLD_B,0.5140006244182587
2020-01-28,2020-01-29,LT,1.0,0.4855758249759674,SEARCH_FOLD_B,0.5144241750240326
2020-01-29,2020-01-30,LT,1.0,0.4852177798748016,SEARCH_FOLD_B,0.5147822201251984
2020-01-30,2020-01-31,LT,0.0,0.4848270714282989,SEARCH_FOLD_B,0.515172928571701
2020-01-31,2020-02-03,LT,0.0,0.4843477308750152,SEARCH_FOLD_B,0.5156522691249847
2020-02-03,2020-02-04,LT,1.0,0.4840347170829773,SEARCH_FOLD_B,0.5159652829170227
2020-02-04,2020-02-05,LT,1.0,0.483756959438324,SEARCH_FOLD_B,0.516243040561676
2020-02-05,2020-02-06,LT,1.0,0.4833768010139465,SEARCH_FOLD_B,0.5166231989860535
2020-02-06,2020-02-07,LT,0.0,0.4830102026462555,SEARCH_FOLD_B,0.5169897973537445
2020-02-07,2020-02-10,LT,0.0,0.4827584624290466,SEARCH_FOLD_B,0.5172415375709534
2020-02-10,2020-02-11,LT,1.0,0.4825506806373596,SEARCH_FOLD_B,0.5174493193626404
2020-02-11,2020-02-12,LT,1.0,0.4824303984642029,SEARCH_FOLD_B,0.5175696015357971
2020-02-12,2020-02-13,LT,0.0,0.4824519455432892,SEARCH_FOLD_B,0.5175480544567108
2020-02-13,2020-02-14,LT,1.0,0.4827790260314941,SEARCH_FOLD_B,0.5172209739685059
2020-02-14,2020-02-17,LT,0.0,0.4829458892345428,SEARCH_FOLD_B,0.5170541107654572
2020-02-17,2020-02-18,LT,1.0,0.4831217527389526,SEARCH_FOLD_B,0.5168782472610474
2020-02-18,2020-02-19,LT,0.0,0.4833597540855407,SEARCH_FOLD_B,0.5166402459144592
2020-02-19,2020-02-20,LT,0.0,0.4835402369499206,SEARCH_FOLD_B,0.5164597630500793
2020-02-20,2020-02-24,LT,0.0,0.4838008880615234,SEARCH_FOLD_B,0.5161991119384766
2020-02-24,2020-02-25,LT,0.0,0.484119176864624,SEARCH_FOLD_B,0.515880823135376
2020-02-25,2020-02-26,LT,0.0,0.4844917953014374,SEARCH_FOLD_B,0.5155082046985626
2020-02-26,2020-02-27,LT,0.0,0.4848710298538208,SEARCH_FOLD_B,0.5151289701461792
2020-02-27,2020-02-28,LT,0.0,0.4853207468986511,SEARCH_FOLD_B,0.5146792531013489
2020-02-28,2020-03-02,LT,0.0,0.4858028292655945,SEARCH_FOLD_B,0.5141971707344055
2020-03-02,2020-03-03,LT,1.0,0.4863143861293793,SEARCH_FOLD_B,0.5136856138706207
2020-03-03,2020-03-04,LT,0.0,0.4869036674499511,SEARCH_FOLD_B,0.5130963325500488
2020-03-04,2020-03-05,LT,1.0,0.487447440624237,SEARCH_FOLD_B,0.5125525593757629
2020-03-05,2020-03-06,LT,0.0,0.4880496859550476,SEARCH_FOLD_B,0.5119503140449524
2020-03-06,2020-03-09,LT,0.0,0.489202469587326,SEARCH_FOLD_B,0.510797530412674
2020-03-09,2020-03-11,LT,1.0,0.4903958141803741,SEARCH_FOLD_B,0.5096041858196259
2020-03-11,2020-03-12,LT,0.0,0.4913716912269592,SEARCH_FOLD_B,0.5086283087730408
2020-03-12,2020-03-13,LT,1.0,0.4924032390117645,SEARCH_FOLD_B,0.5075967609882355
2020-03-13,2020-03-16,LT,0.0,0.4935813248157501,SEARCH_FOLD_B,0.5064186751842499
2020-03-16,2020-03-17,LT,0.0,0.4947478473186493,SEARCH_FOLD_B,0.5052521526813507
2020-03-17,2020-03-18,LT,0.0,0.4959636926651001,SEARCH_FOLD_B,0.5040363073348999
2020-03-18,2020-03-19,LT,0.0,0.4968018233776092,SEARCH_FOLD_B,0.5031981766223907
2020-03-19,2020-03-20,LT,1.0,0.4977406859397888,SEARCH_FOLD_B,0.5022593140602112
2020-03-20,2020-03-23,LT,0.0,0.4987218976020813,SEARCH_FOLD_B,0.5012781023979187
2020-03-23,2020-03-24,LT,0.0,0.4996753633022308,SEARCH_FOLD_B,0.5003246366977692
2020-03-24,2020-03-25,LT,1.0,0.5004565119743347,SEARCH_FOLD_B,0.5004565119743347
2020-03-25,2020-03-26,LT,1.0,0.5011141300201416,SEARCH_FOLD_B,0.5011141300201416
2020-03-26,2020-03-27,LT,0.0,0.5017037987709045,SEARCH_FOLD_B,0.5017037987709045
2020-03-27,2020-03-30,LT,0.0,0.5023683309555054,SEARCH_FOLD_B,0.5023683309555054
2020-03-30,2020-03-31,LT,1.0,0.5029918551445007,SEARCH_FOLD_B,0.5029918551445007
2020-03-31,2020-04-01,LT,0.0,0.5036500692367554,SEARCH_FOLD_B,0.5036500692367554
2020-04-01,2020-04-03,LT,1.0,0.5042846202850342,SEARCH_FOLD_B,0.5042846202850342
2020-04-03,2020-04-07,LT,1.0,0.5049545168876648,SEARCH_FOLD_B,0.5049545168876648
2020-04-07,2020-04-08,LT,1.0,0.5055801272392273,SEARCH_FOLD_B,0.5055801272392273
2020-04-08,2020-04-09,LT,1.0,0.506264865398407,SEARCH_FOLD_B,0.506264865398407
2020-04-09,2020-04-13,LT,1.0,0.5068404078483582,SEARCH_FOLD_B,0.5068404078483582
2020-04-13,2020-04-15,LT,1.0,0.5072875022888184,SEARCH_FOLD_B,0.5072875022888184
2020-04-15,2020-04-16,LT,1.0,0.5076361894607544,SEARCH_FOLD_B,0.5076361894607544
2020-04-16,2020-04-17,LT,1.0,0.5078458189964294,SEARCH_FOLD_B,0.5078458189964294
2020-04-17,2020-04-20,LT,0.0,0.5079666972160339,SEARCH_FOLD_B,0.5079666972160339
2020-04-20,2020-04-21,LT,0.0,0.5078439116477966,SEARCH_FOLD_B,0.5078439116477966
2020-04-21,2020-04-22,LT,0.0,0.5077827572822571,SEARCH_FOLD_B,0.5077827572822571
2020-04-22,2020-04-23,LT,0.0,0.5076506733894348,SEARCH_FOLD_B,0.5076506733894348
2020-04-23,2020-04-24,LT,1.0,0.5075531005859375,SEARCH_FOLD_B,0.5075531005859375
2020-04-24,2020-04-27,LT,1.0,0.5073990821838379,SEARCH_FOLD_B,0.5073990821838379
2020-04-27,2020-04-28,LT,1.0,0.5073136687278748,SEARCH_FOLD_B,0.5073136687278748
2020-04-28,2020-04-29,LT,1.0,0.5072991847991943,SEARCH_FOLD_B,0.5072991847991943
2020-04-29,2020-04-30,LT,1.0,0.5071510672569275,SEARCH_FOLD_B,0.5071510672569275
2020-04-30,2020-05-04,LT,0.0,0.5072152614593506,SEARCH_FOLD_B,0.5072152614593506
2020-05-04,2020-05-05,LT,0.0,0.5070452094078064,SEARCH_FOLD_B,0.5070452094078064
2020-05-05,2020-05-06,LT,1.0,0.5068964958190918,SEARCH_FOLD_B,0.5068964958190918
2020-05-06,2020-05-07,LT,0.0,0.5067042708396912,SEARCH_FOLD_B,0.5067042708396912
2020-05-07,2020-05-08,LT,0.0,0.5065066814422607,SEARCH_FOLD_B,0.5065066814422607
2020-05-08,2020-05-11,LT,1.0,0.506437361240387,SEARCH_FOLD_B,0.506437361240387
2020-05-11,2020-05-12,LT,0.0,0.5062556266784668,SEARCH_FOLD_B,0.5062556266784668
2020-05-12,2020-05-13,LT,1.0,0.5061123371124268,SEARCH_FOLD_B,0.5061123371124268
2020-05-13,2020-05-14,LT,1.0,0.5065070986747742,SEARCH_FOLD_B,0.5065070986747742
2020-05-14,2020-05-15,LT,0.0,0.506671667098999,SEARCH_FOLD_B,0.506671667098999
2020-05-15,2020-05-18,LT,0.0,0.5066888928413391,SEARCH_FOLD_B,0.5066888928413391
2020-05-18,2020-05-19,LT,0.0,0.5065820813179016,SEARCH_FOLD_B,0.5065820813179016
2020-05-19,2020-05-20,LT,1.0,0.5066158175468445,SEARCH_FOLD_B,0.5066158175468445
2020-05-20,2020-05-21,LT,0.0,0.5064764618873596,SEARCH_FOLD_B,0.5064764618873596
2020-05-21,2020-05-22,LT,0.0,0.5063508749008179,SEARCH_FOLD_B,0.5063508749008179
2020-05-22,2020-05-26,LT,1.0,0.5063377022743225,SEARCH_FOLD_B,0.5063377022743225
2020-05-26,2020-05-27,LT,1.0,0.5063942074775696,SEARCH_FOLD_B,0.5063942074775696
2020-05-27,2020-05-28,LT,1.0,0.5064740180969238,SEARCH_FOLD_B,0.5064740180969238
2020-05-28,2020-05-29,LT,1.0,0.506633996963501,SEARCH_FOLD_B,0.506633996963501
2020-05-29,2020-06-01,LT,0.0,0.5069079995155334,SEARCH_FOLD_B,0.5069079995155334
2020-06-01,2020-06-02,LT,1.0,0.5069504976272583,SEARCH_FOLD_B,0.5069504976272583
2020-06-02,2020-06-03,LT,1.0,0.5069888234138489,SEARCH_FOLD_B,0.5069888234138489
2020-06-03,2020-06-04,LT,0.0,0.5069704055786133,SEARCH_FOLD_B,0.5069704055786133
2020-06-04,2020-06-05,LT,1.0,0.5068836212158203,SEARCH_FOLD_B,0.5068836212158203
2020-06-05,2020-06-08,LT,1.0,0.5067083835601807,SEARCH_FOLD_B,0.5067083835601807
2020-06-08,2020-06-09,LT,0.0,0.5064375400543213,SEARCH_FOLD_B,0.5064375400543213
2020-06-09,2020-06-10,LT,0.0,0.5063044428825378,SEARCH_FOLD_B,0.5063044428825378
2020-06-10,2020-06-11,LT,0.0,0.5060004591941833,SEARCH_FOLD_B,0.5060004591941833
2020-06-11,2020-06-12,LT,0.0,0.5057141780853271,SEARCH_FOLD_B,0.5057141780853271
2020-06-12,2020-06-15,LT,0.0,0.5055893063545227,SEARCH_FOLD_B,0.5055893063545227
2020-06-15,2020-06-16,LT,0.0,0.5056850910186768,SEARCH_FOLD_B,0.5056850910186768
2020-06-16,2020-06-17,LT,0.0,0.5056251287460327,SEARCH_FOLD_B,0.5056251287460327
2020-06-17,2020-06-18,LT,1.0,0.5055468082427979,SEARCH_FOLD_B,0.5055468082427979
2020-06-18,2020-06-19,LT,1.0,0.5055130124092102,SEARCH_FOLD_B,0.5055130124092102
2020-06-19,2020-06-22,LT,1.0,0.505378007888794,SEARCH_FOLD_B,0.505378007888794
2020-06-22,2020-06-23,LT,1.0,0.5052419304847717,SEARCH_FOLD_B,0.5052419304847717
2020-06-23,2020-06-24,LT,0.0,0.5049551129341125,SEARCH_FOLD_B,0.5049551129341125
2020-06-24,2020-06-25,LT,0.0,0.5045604109764099,SEARCH_FOLD_B,0.5045604109764099
2020-06-25,2020-06-26,LT,1.0,0.5045902729034424,SEARCH_FOLD_B,0.5045902729034424
2020-06-26,2020-06-29,LT,0.0,0.5044978260993958,SEARCH_FOLD_B,0.5044978260993958
2020-06-29,2020-06-30,LT,1.0,0.5043551921844482,SEARCH_FOLD_B,0.5043551921844482
2020-06-30,2020-07-01,LT,0.0,0.504149854183197,SEARCH_FOLD_B,0.504149854183197
2020-07-01,2020-07-02,LT,1.0,0.503870964050293,SEARCH_FOLD_B,0.503870964050293
2020-07-02,2020-07-03,LT,1.0,0.5037055015563965,SEARCH_FOLD_B,0.5037055015563965
2020-07-03,2020-07-06,LT,1.0,0.5034294128417969,SEARCH_FOLD_B,0.5034294128417969
2020-07-06,2020-07-07,LT,0.0,0.5031135678291321,SEARCH_FOLD_B,0.5031135678291321
2020-07-07,2020-07-08,LT,0.0,0.5028060674667358,SEARCH_FOLD_B,0.5028060674667358
2020-07-08,2020-07-09,LT,1.0,0.5025888681411743,SEARCH_FOLD_B,0.5025888681411743
2020-07-09,2020-07-10,LT,0.0,0.5028477907180786,SEARCH_FOLD_B,0.5028477907180786
2020-07-10,2020-07-13,LT,0.0,0.5031384229660034,SEARCH_FOLD_B,0.5031384229660034
2020-07-13,2020-07-14,LT,0.0,0.503341555595398,SEARCH_FOLD_B,0.503341555595398
2020-07-14,2020-07-15,LT,0.0,0.5036568641662598,SEARCH_FOLD_B,0.5036568641662598
2020-07-15,2020-07-16,LT,1.0,0.5039775371551514,SEARCH_FOLD_B,0.5039775371551514
2020-07-16,2020-07-17,LT,1.0,0.504177451133728,SEARCH_FOLD_B,0.504177451133728
2020-07-17,2020-07-20,LT,0.0,0.5045970678329468,SEARCH_FOLD_B,0.5045970678329468
2020-07-20,2020-07-21,LT,1.0,0.5051352381706238,SEARCH_FOLD_B,0.5051352381706238
2020-07-21,2020-07-22,LT,0.0,0.5054452419281006,SEARCH_FOLD_B,0.5054452419281006
2020-07-22,2020-07-23,LT,0.0,0.5057252645492554,SEARCH_FOLD_B,0.5057252645492554
2020-07-23,2020-07-24,LT,0.0,0.505845308303833,SEARCH_FOLD_B,0.505845308303833
2020-07-24,2020-07-27,LT,0.0,0.5059810876846313,SEARCH_FOLD_B,0.5059810876846313
2020-07-27,2020-07-28,LT,1.0,0.5060191750526428,SEARCH_FOLD_B,0.5060191750526428
2020-07-28,2020-07-29,LT,1.0,0.5060485601425171,SEARCH_FOLD_B,0.5060485601425171
2020-07-29,2020-07-30,LT,0.0,0.5059817433357239,SEARCH_FOLD_B,0.5059817433357239
2020-07-30,2020-07-31,LT,1.0,0.506003201007843,SEARCH_FOLD_B,0.506003201007843
2020-07-31,2020-08-03,LT,1.0,0.5059919953346252,SEARCH_FOLD_B,0.5059919953346252
2020-08-03,2020-08-04,LT,1.0,0.5060641765594482,SEARCH_FOLD_B,0.5060641765594482
2020-08-04,2020-08-05,LT,1.0,0.5066277384757996,SEARCH_FOLD_B,0.5066277384757996
2020-08-05,2020-08-06,LT,0.0,0.5070144534111023,SEARCH_FOLD_B,0.5070144534111023
2020-08-06,2020-08-07,LT,0.0,0.5072575211524963,SEARCH_FOLD_B,0.5072575211524963
2020-08-07,2020-08-10,LT,1.0,0.5076169371604919,SEARCH_FOLD_B,0.5076169371604919
2020-08-10,2020-08-11,LT,1.0,0.5076609253883362,SEARCH_FOLD_B,0.5076609253883362
2020-08-11,2020-08-12,LT,0.0,0.5076858401298523,SEARCH_FOLD_B,0.5076858401298523
2020-08-12,2020-08-13,LT,1.0,0.5076584815979004,SEARCH_FOLD_B,0.5076584815979004
2020-08-13,2020-08-14,LT,0.0,0.5076642632484436,SEARCH_FOLD_B,0.5076642632484436
2020-08-14,2020-08-17,LT,1.0,0.5075070858001709,SEARCH_FOLD_B,0.5075070858001709
2020-08-17,2020-08-18,LT,1.0,0.5073302984237671,SEARCH_FOLD_B,0.5073302984237671
2020-08-18,2020-08-19,LT,1.0,0.5070831179618835,SEARCH_FOLD_B,0.5070831179618835
2020-08-19,2020-08-20,LT,0.0,0.506865918636322,SEARCH_FOLD_B,0.506865918636322
2020-08-20,2020-08-21,LT,0.0,0.5066272020339966,SEARCH_FOLD_B,0.5066272020339966
2020-08-21,2020-08-24,LT,0.0,0.5063679814338684,SEARCH_FOLD_B,0.5063679814338684
2020-08-24,2020-08-25,LT,0.0,0.5061060190200806,SEARCH_FOLD_B,0.5061060190200806
2020-08-25,2020-08-26,LT,0.0,0.5058150291442871,SEARCH_FOLD_B,0.5058150291442871
2020-08-26,2020-08-27,LT,1.0,0.5055537819862366,SEARCH_FOLD_B,0.5055537819862366
2020-08-27,2020-08-28,LT,1.0,0.5053368210792542,SEARCH_FOLD_B,0.5053368210792542
2020-08-28,2020-08-31,LT,0.0,0.5050923824310303,SEARCH_FOLD_B,0.5050923824310303
2020-08-31,2020-09-01,LT,1.0,0.5048525929450989,SEARCH_FOLD_B,0.5048525929450989
2020-09-01,2020-09-02,LT,1.0,0.5047851800918579,SEARCH_FOLD_B,0.5047851800918579
2020-09-02,2020-09-03,LT,1.0,0.504640519618988,SEARCH_FOLD_B,0.504640519618988
2020-09-03,2020-09-04,LT,0.0,0.5046993494033813,SEARCH_FOLD_B,0.5046993494033813
2020-09-04,2020-09-07,LT,0.0,0.5046208500862122,SEARCH_FOLD_B,0.5046208500862122
2020-09-07,2020-09-08,LT,0.0,0.5044860243797302,SEARCH_FOLD_B,0.5044860243797302
2020-09-08,2020-09-09,LT,0.0,0.5044474601745605,SEARCH_FOLD_B,0.5044474601745605
2020-09-09,2020-09-10,LT,1.0,0.5046180486679077,SEARCH_FOLD_B,0.5046180486679077
2020-09-10,2020-09-11,LT,0.0,0.5045952200889587,SEARCH_FOLD_B,0.5045952200889587
2020-09-11,2020-09-14,LT,0.0,0.5046325325965881,SEARCH_FOLD_B,0.5046325325965881
2020-09-14,2020-09-15,LT,1.0,0.504713237285614,SEARCH_FOLD_B,0.504713237285614
2020-09-15,2020-09-16,LT,1.0,0.5048519372940063,SEARCH_FOLD_B,0.5048519372940063
2020-09-16,2020-09-17,LT,0.0,0.5049437284469604,SEARCH_FOLD_B,0.5049437284469604
2020-09-17,2020-09-18,LT,0.0,0.5049741268157959,SEARCH_FOLD_B,0.5049741268157959
2020-09-18,2020-09-21,LT,0.0,0.5049586892127991,SEARCH_FOLD_B,0.5049586892127991
2020-09-21,2020-09-22,LT,0.0,0.5055152773857117,SEARCH_FOLD_B,0.5055152773857117
2020-09-22,2020-09-23,LT,1.0,0.5058093667030334,SEARCH_FOLD_B,0.5058093667030334
2020-09-23,2020-09-24,LT,0.0,0.506013810634613,SEARCH_FOLD_B,0.506013810634613
2020-09-24,2020-09-25,LT,1.0,0.5066460967063904,SEARCH_FOLD_B,0.5066460967063904
2020-09-25,2020-09-28,LT,1.0,0.5072075724601746,SEARCH_FOLD_B,0.5072075724601746
2020-09-28,2020-09-29,LT,0.0,0.5076682567596436,SEARCH_FOLD_B,0.5076682567596436
2020-09-29,2020-09-30,LT,1.0,0.5080815553665161,SEARCH_FOLD_B,0.5080815553665161
2020-09-30,2020-10-01,LT,1.0,0.5085238814353943,SEARCH_FOLD_B,0.5085238814353943
2020-10-01,2020-10-05,LT,0.0,0.5088564157485962,SEARCH_FOLD_B,0.5088564157485962
2020-10-05,2020-10-06,LT,0.0,0.5091605186462402,SEARCH_FOLD_B,0.5091605186462402
2020-10-06,2020-10-07,LT,0.0,0.5094132423400879,SEARCH_FOLD_B,0.5094132423400879
2020-10-07,2020-10-08,LT,0.0,0.509629487991333,SEARCH_FOLD_B,0.509629487991333
2020-10-08,2020-10-09,LT,1.0,0.5098491907119751,SEARCH_FOLD_B,0.5098491907119751
2020-10-09,2020-10-12,LT,0.0,0.5100559592247009,SEARCH_FOLD_B,0.5100559592247009
2020-10-12,2020-10-13,LT,0.0,0.5103611350059509,SEARCH_FOLD_B,0.5103611350059509
2020-10-13,2020-10-14,LT,1.0,0.5105050206184387,SEARCH_FOLD_B,0.5105050206184387
2020-10-14,2020-10-15,LT,0.0,0.5105779767036438,SEARCH_FOLD_B,0.5105779767036438
2020-10-15,2020-10-16,LT,1.0,0.5105345845222473,SEARCH_FOLD_B,0.5105345845222473
2020-10-16,2020-10-19,LT,1.0,0.5105749368667603,SEARCH_FOLD_B,0.5105749368667603
2020-10-19,2020-10-20,LT,1.0,0.5105207562446594,SEARCH_FOLD_B,0.5105207562446594
2020-10-20,2020-10-21,LT,1.0,0.5103732347488403,SEARCH_FOLD_B,0.5103732347488403
2020-10-21,2020-10-22,LT,1.0,0.5101420879364014,SEARCH_FOLD_B,0.5101420879364014
2020-10-22,2020-10-23,LT,1.0,0.5099278688430786,SEARCH_FOLD_B,0.5099278688430786
2020-10-23,2020-10-26,LT,1.0,0.5096471309661865,SEARCH_FOLD_B,0.5096471309661865
2020-10-26,2020-10-27,LT,1.0,0.5092788338661194,SEARCH_FOLD_B,0.5092788338661194
2020-10-27,2020-10-28,LT,1.0,0.5088905096054077,SEARCH_FOLD_B,0.5088905096054077
2020-10-28,2020-10-29,LT,0.0,0.508516252040863,SEARCH_FOLD_B,0.508516252040863
2020-10-29,2020-10-30,LT,0.0,0.5081315636634827,SEARCH_FOLD_B,0.5081315636634827
2020-10-30,2020-11-02,LT,0.0,0.5077138543128967,SEARCH_FOLD_B,0.5077138543128967
2020-11-02,2020-11-03,LT,1.0,0.507474422454834,SEARCH_FOLD_B,0.507474422454834
2020-11-03,2020-11-04,LT,0.0,0.5070672631263733,SEARCH_FOLD_B,0.5070672631263733
2020-11-04,2020-11-05,LT,1.0,0.5066522359848022,SEARCH_FOLD_B,0.5066522359848022
2020-11-05,2020-11-06,LT,1.0,0.5062075853347778,SEARCH_FOLD_B,0.5062075853347778
2020-11-06,2020-11-09,LT,1.0,0.5061163902282715,SEARCH_FOLD_B,0.5061163902282715
2020-11-09,2020-11-10,LT,1.0,0.5059123635292053,SEARCH_FOLD_B,0.5059123635292053
2020-11-10,2020-11-11,LT,1.0,0.5056247115135193,SEARCH_FOLD_B,0.5056247115135193
2020-11-11,2020-11-12,LT,1.0,0.5052029490470886,SEARCH_FOLD_B,0.5052029490470886
2020-11-12,2020-11-13,LT,0.0,0.5047408938407898,SEARCH_FOLD_B,0.5047408938407898
2020-11-13,2020-11-14,LT,1.0,0.5042003989219666,SEARCH_FOLD_B,0.5042003989219666
2020-11-14,2020-11-17,LT,1.0,0.5036141872406006,SEARCH_FOLD_B,0.5036141872406006
2020-11-17,2020-11-18,LT,1.0,0.5030081272125244,SEARCH_FOLD_B,0.5030081272125244
2020-11-18,2020-11-19,LT,0.0,0.5023542642593384,SEARCH_FOLD_B,0.5023542642593384
2020-11-19,2020-11-20,LT,0.0,0.5015559792518616,SEARCH_FOLD_B,0.5015559792518616
2020-11-20,2020-11-23,LT,0.0,0.5010613799095154,SEARCH_FOLD_B,0.5010613799095154
2020-11-23,2020-11-24,LT,1.0,0.5003079771995544,SEARCH_FOLD_B,0.5003079771995544
2020-11-24,2020-11-25,LT,0.0,0.4993997812271118,SEARCH_FOLD_B,0.5006002187728882
2020-11-25,2020-11-26,LT,1.0,0.4986088871955871,SEARCH_FOLD_B,0.5013911128044128
2020-11-26,2020-11-27,LT,1.0,0.4976882934570312,SEARCH_FOLD_B,0.5023117065429688
2020-11-27,2020-12-01,LT,0.0,0.4967261552810669,SEARCH_FOLD_B,0.5032738447189331
2020-12-01,2020-12-02,LT,0.0,0.4959272742271423,SEARCH_FOLD_B,0.5040727257728577
2020-12-02,2020-12-03,LT,1.0,0.4954459965229034,SEARCH_FOLD_B,0.5045540034770966
2020-12-03,2020-12-04,LT,1.0,0.4947541356086731,SEARCH_FOLD_B,0.5052458643913269
2020-12-04,2020-12-07,LT,1.0,0.4941121935844421,SEARCH_FOLD_B,0.5058878064155579
2020-12-07,2020-12-08,LT,1.0,0.4934312701225281,SEARCH_FOLD_B,0.5065687298774719
2020-12-08,2020-12-09,LT,1.0,0.4928490221500397,SEARCH_FOLD_B,0.5071509778499603
2020-12-09,2020-12-10,LT,1.0,0.4924778640270233,SEARCH_FOLD_B,0.5075221359729767
2020-12-10,2020-12-11,LT,1.0,0.4919736981391907,SEARCH_FOLD_B,0.5080263018608093
2020-12-11,2020-12-14,LT,1.0,0.491394430398941,SEARCH_FOLD_B,0.508605569601059
2020-12-14,2020-12-15,LT,0.0,0.4905630648136139,SEARCH_FOLD_B,0.5094369351863861
2020-12-15,2020-12-16,LT,1.0,0.489618718624115,SEARCH_FOLD_B,0.510381281375885
2020-12-16,2020-12-17,LT,1.0,0.4886869192123413,SEARCH_FOLD_B,0.5113130807876587
2020-12-17,2020-12-18,LT,1.0,0.4875927567481994,SEARCH_FOLD_B,0.5124072432518005
2020-12-18,2020-12-21,LT,0.0,0.486563116312027,SEARCH_FOLD_B,0.513436883687973
2020-12-21,2020-12-22,LT,1.0,0.4855416417121887,SEARCH_FOLD_B,0.5144583582878113
2020-12-22,2020-12-23,LT,1.0,0.4845123291015625,SEARCH_FOLD_B,0.5154876708984375
2020-12-23,2020-12-24,LT,0.0,0.4839965999126434,SEARCH_FOLD_B,0.5160034000873566
2020-12-24,2020-12-28,LT,1.0,0.4833894968032837,SEARCH_FOLD_B,0.5166105031967163
2020-12-28,2020-12-29,LT,0.0,0.4827276766300201,SEARCH_FOLD_B,0.5172723233699799
2020-12-29,2020-12-30,LT,1.0,0.4819035530090332,SEARCH_FOLD_B,0.5180964469909668
2020-12-30,2020-12-31,LT,0.0,0.4811000823974609,SEARCH_FOLD_B,0.5188999176025391
2020-01-01,2020-01-02,SUNPHARMA,1.0,0.491587370634079,SEARCH_FOLD_B,0.508412629365921
2020-01-02,2020-01-03,SUNPHARMA,1.0,0.4920068085193634,SEARCH_FOLD_B,0.5079931914806366
2020-01-03,2020-01-06,SUNPHARMA,0.0,0.4921970069408417,SEARCH_FOLD_B,0.5078029930591583
2020-01-06,2020-01-07,SUNPHARMA,1.0,0.4924710392951965,SEARCH_FOLD_B,0.5075289607048035
2020-01-07,2020-01-08,SUNPHARMA,0.0,0.4927760660648346,SEARCH_FOLD_B,0.5072239339351654
2020-01-08,2020-01-09,SUNPHARMA,0.0,0.4928026497364044,SEARCH_FOLD_B,0.5071973502635956
2020-01-09,2020-01-10,SUNPHARMA,1.0,0.4929966330528259,SEARCH_FOLD_B,0.5070033669471741
2020-01-10,2020-01-13,SUNPHARMA,1.0,0.4930663108825683,SEARCH_FOLD_B,0.5069336891174316
2020-01-13,2020-01-14,SUNPHARMA,1.0,0.4929243326187134,SEARCH_FOLD_B,0.5070756673812866
2020-01-14,2020-01-15,SUNPHARMA,1.0,0.492558091878891,SEARCH_FOLD_B,0.507441908121109
2020-01-15,2020-01-16,SUNPHARMA,0.0,0.4920406341552734,SEARCH_FOLD_B,0.5079593658447266
2020-01-16,2020-01-17,SUNPHARMA,1.0,0.4916703402996063,SEARCH_FOLD_B,0.5083296597003937
2020-01-17,2020-01-20,SUNPHARMA,0.0,0.4910407364368438,SEARCH_FOLD_B,0.5089592635631561
2020-01-20,2020-01-21,SUNPHARMA,0.0,0.490279346704483,SEARCH_FOLD_B,0.509720653295517
2020-01-21,2020-01-22,SUNPHARMA,0.0,0.4895434975624084,SEARCH_FOLD_B,0.5104565024375916
2020-01-22,2020-01-23,SUNPHARMA,1.0,0.4888649582862854,SEARCH_FOLD_B,0.5111350417137146
2020-01-23,2020-01-24,SUNPHARMA,0.0,0.4882534444332123,SEARCH_FOLD_B,0.5117465555667877
2020-01-24,2020-01-27,SUNPHARMA,1.0,0.48775514960289,SEARCH_FOLD_B,0.51224485039711
2020-01-27,2020-01-28,SUNPHARMA,1.0,0.4873610138893127,SEARCH_FOLD_B,0.5126389861106873
2020-01-28,2020-01-29,SUNPHARMA,0.0,0.4868442118167877,SEARCH_FOLD_B,0.5131557881832123
2020-01-29,2020-01-30,SUNPHARMA,0.0,0.4862295985221863,SEARCH_FOLD_B,0.5137704014778137
2020-01-30,2020-01-31,SUNPHARMA,0.0,0.4860074520111084,SEARCH_FOLD_B,0.5139925479888916
2020-01-31,2020-02-03,SUNPHARMA,0.0,0.485699862241745,SEARCH_FOLD_B,0.514300137758255
2020-02-03,2020-02-04,SUNPHARMA,1.0,0.4855163097381592,SEARCH_FOLD_B,0.5144836902618408
2020-02-04,2020-02-05,SUNPHARMA,1.0,0.485416054725647,SEARCH_FOLD_B,0.514583945274353
2020-02-05,2020-02-06,SUNPHARMA,1.0,0.4854492247104645,SEARCH_FOLD_B,0.5145507752895355
2020-02-06,2020-02-07,SUNPHARMA,1.0,0.4853428602218628,SEARCH_FOLD_B,0.5146571397781372
2020-02-07,2020-02-10,SUNPHARMA,0.0,0.4853712916374206,SEARCH_FOLD_B,0.5146287083625793
2020-02-10,2020-02-11,SUNPHARMA,0.0,0.4855468273162842,SEARCH_FOLD_B,0.5144531726837158
2020-02-11,2020-02-12,SUNPHARMA,0.0,0.485834002494812,SEARCH_FOLD_B,0.514165997505188
2020-02-12,2020-02-13,SUNPHARMA,1.0,0.4862211346626282,SEARCH_FOLD_B,0.5137788653373718
2020-02-13,2020-02-14,SUNPHARMA,0.0,0.4866783618927002,SEARCH_FOLD_B,0.5133216381072998
2020-02-14,2020-02-17,SUNPHARMA,0.0,0.4874031543731689,SEARCH_FOLD_B,0.512596845626831
2020-02-17,2020-02-18,SUNPHARMA,1.0,0.4879658818244934,SEARCH_FOLD_B,0.5120341181755066
2020-02-18,2020-02-19,SUNPHARMA,0.0,0.4887293875217438,SEARCH_FOLD_B,0.5112706124782562
2020-02-19,2020-02-20,SUNPHARMA,1.0,0.489308089017868,SEARCH_FOLD_B,0.510691910982132
2020-02-20,2020-02-24,SUNPHARMA,0.0,0.4899244606494903,SEARCH_FOLD_B,0.5100755393505096
2020-02-24,2020-02-25,SUNPHARMA,0.0,0.4906624257564544,SEARCH_FOLD_B,0.5093375742435455
2020-02-25,2020-02-26,SUNPHARMA,0.0,0.491457998752594,SEARCH_FOLD_B,0.508542001247406
2020-02-26,2020-02-27,SUNPHARMA,1.0,0.4923512041568756,SEARCH_FOLD_B,0.5076487958431244
2020-02-27,2020-02-28,SUNPHARMA,0.0,0.4933327138423919,SEARCH_FOLD_B,0.506667286157608
2020-02-28,2020-03-02,SUNPHARMA,0.0,0.4943524897098541,SEARCH_FOLD_B,0.5056475102901459
2020-03-02,2020-03-03,SUNPHARMA,1.0,0.495534598827362,SEARCH_FOLD_B,0.5044654011726379
2020-03-03,2020-03-04,SUNPHARMA,1.0,0.4964903593063354,SEARCH_FOLD_B,0.5035096406936646
2020-03-04,2020-03-05,SUNPHARMA,0.0,0.4973269701004028,SEARCH_FOLD_B,0.5026730298995972
2020-03-05,2020-03-06,SUNPHARMA,0.0,0.4980471432209015,SEARCH_FOLD_B,0.5019528567790985
2020-03-06,2020-03-09,SUNPHARMA,0.0,0.4987831115722656,SEARCH_FOLD_B,0.5012168884277344
2020-03-09,2020-03-11,SUNPHARMA,0.0,0.4993846714496612,SEARCH_FOLD_B,0.5006153285503387
2020-03-11,2020-03-12,SUNPHARMA,0.0,0.499998390674591,SEARCH_FOLD_B,0.5000016093254089
2020-03-12,2020-03-13,SUNPHARMA,1.0,0.5008097290992737,SEARCH_FOLD_B,0.5008097290992737
2020-03-13,2020-03-16,SUNPHARMA,0.0,0.5014962553977966,SEARCH_FOLD_B,0.5014962553977966
2020-03-16,2020-03-17,SUNPHARMA,1.0,0.5020192861557007,SEARCH_FOLD_B,0.5020192861557007
2020-03-17,2020-03-18,SUNPHARMA,0.0,0.502418577671051,SEARCH_FOLD_B,0.502418577671051
2020-03-18,2020-03-19,SUNPHARMA,0.0,0.5025685429573059,SEARCH_FOLD_B,0.5025685429573059
2020-03-19,2020-03-20,SUNPHARMA,1.0,0.5029628872871399,SEARCH_FOLD_B,0.5029628872871399
2020-03-20,2020-03-23,SUNPHARMA,0.0,0.5033719539642334,SEARCH_FOLD_B,0.5033719539642334
2020-03-23,2020-03-24,SUNPHARMA,1.0,0.5039702653884888,SEARCH_FOLD_B,0.5039702653884888
2020-03-24,2020-03-25,SUNPHARMA,1.0,0.50458824634552,SEARCH_FOLD_B,0.50458824634552
2020-03-25,2020-03-26,SUNPHARMA,0.0,0.5050313472747803,SEARCH_FOLD_B,0.5050313472747803
2020-03-26,2020-03-27,SUNPHARMA,0.0,0.5055319666862488,SEARCH_FOLD_B,0.5055319666862488
2020-03-27,2020-03-30,SUNPHARMA,0.0,0.5060001611709595,SEARCH_FOLD_B,0.5060001611709595
2020-03-30,2020-03-31,SUNPHARMA,1.0,0.5066151022911072,SEARCH_FOLD_B,0.5066151022911072
2020-03-31,2020-04-01,SUNPHARMA,0.0,0.5071923136711121,SEARCH_FOLD_B,0.5071923136711121
2020-04-01,2020-04-03,SUNPHARMA,1.0,0.5076198577880859,SEARCH_FOLD_B,0.5076198577880859
2020-04-03,2020-04-07,SUNPHARMA,1.0,0.5080114006996155,SEARCH_FOLD_B,0.5080114006996155
2020-04-07,2020-04-08,SUNPHARMA,1.0,0.508195698261261,SEARCH_FOLD_B,0.508195698261261
2020-04-08,2020-04-09,SUNPHARMA,1.0,0.5082870125770569,SEARCH_FOLD_B,0.5082870125770569
2020-04-09,2020-04-13,SUNPHARMA,1.0,0.5080913305282593,SEARCH_FOLD_B,0.5080913305282593
2020-04-13,2020-04-15,SUNPHARMA,0.0,0.5075727701187134,SEARCH_FOLD_B,0.5075727701187134
2020-04-15,2020-04-16,SUNPHARMA,1.0,0.5067859292030334,SEARCH_FOLD_B,0.5067859292030334
2020-04-16,2020-04-17,SUNPHARMA,0.0,0.5061975717544556,SEARCH_FOLD_B,0.5061975717544556
2020-04-17,2020-04-20,SUNPHARMA,1.0,0.5052710771560669,SEARCH_FOLD_B,0.5052710771560669
2020-04-20,2020-04-21,SUNPHARMA,0.0,0.504281759262085,SEARCH_FOLD_B,0.504281759262085
2020-04-21,2020-04-22,SUNPHARMA,1.0,0.5037923455238342,SEARCH_FOLD_B,0.5037923455238342
2020-04-22,2020-04-23,SUNPHARMA,1.0,0.5035382509231567,SEARCH_FOLD_B,0.5035382509231567
2020-04-23,2020-04-24,SUNPHARMA,1.0,0.5032256841659546,SEARCH_FOLD_B,0.5032256841659546
2020-04-24,2020-04-27,SUNPHARMA,1.0,0.5028409957885742,SEARCH_FOLD_B,0.5028409957885742
2020-04-27,2020-04-28,SUNPHARMA,0.0,0.5023531913757324,SEARCH_FOLD_B,0.5023531913757324
2020-04-28,2020-04-29,SUNPHARMA,1.0,0.5017532110214233,SEARCH_FOLD_B,0.5017532110214233
2020-04-29,2020-04-30,SUNPHARMA,0.0,0.5008017420768738,SEARCH_FOLD_B,0.5008017420768738
2020-04-30,2020-05-04,SUNPHARMA,1.0,0.5002128481864929,SEARCH_FOLD_B,0.5002128481864929
2020-05-04,2020-05-05,SUNPHARMA,0.0,0.4994376003742218,SEARCH_FOLD_B,0.5005623996257782
2020-05-05,2020-05-06,SUNPHARMA,0.0,0.4987980425357818,SEARCH_FOLD_B,0.5012019574642181
2020-05-06,2020-05-07,SUNPHARMA,0.0,0.4981592297554016,SEARCH_FOLD_B,0.5018407702445984
2020-05-07,2020-05-08,SUNPHARMA,1.0,0.4975623190402984,SEARCH_FOLD_B,0.5024376809597015
2020-05-08,2020-05-11,SUNPHARMA,0.0,0.4970898628234863,SEARCH_FOLD_B,0.5029101371765137
2020-05-11,2020-05-12,SUNPHARMA,1.0,0.4964239597320556,SEARCH_FOLD_B,0.5035760402679443
2020-05-12,2020-05-13,SUNPHARMA,0.0,0.4956714510917663,SEARCH_FOLD_B,0.5043285489082336
2020-05-13,2020-05-14,SUNPHARMA,1.0,0.4949999749660492,SEARCH_FOLD_B,0.5050000250339508
2020-05-14,2020-05-15,SUNPHARMA,0.0,0.4943360686302185,SEARCH_FOLD_B,0.5056639313697815
2020-05-15,2020-05-18,SUNPHARMA,0.0,0.4936346411705017,SEARCH_FOLD_B,0.5063653588294983
2020-05-18,2020-05-19,SUNPHARMA,1.0,0.4929407835006714,SEARCH_FOLD_B,0.5070592164993286
2020-05-19,2020-05-20,SUNPHARMA,1.0,0.4923529922962188,SEARCH_FOLD_B,0.5076470077037811
2020-05-20,2020-05-21,SUNPHARMA,1.0,0.4917018115520477,SEARCH_FOLD_B,0.5082981884479523
2020-05-21,2020-05-22,SUNPHARMA,1.0,0.491406112909317,SEARCH_FOLD_B,0.508593887090683
2020-05-22,2020-05-26,SUNPHARMA,0.0,0.4913251101970672,SEARCH_FOLD_B,0.5086748898029327
2020-05-26,2020-05-27,SUNPHARMA,0.0,0.4913981556892395,SEARCH_FOLD_B,0.5086018443107605
2020-05-27,2020-05-28,SUNPHARMA,1.0,0.4916792809963226,SEARCH_FOLD_B,0.5083207190036774
2020-05-28,2020-05-29,SUNPHARMA,1.0,0.4919944703578949,SEARCH_FOLD_B,0.5080055296421051
2020-05-29,2020-06-01,SUNPHARMA,0.0,0.4921382069587707,SEARCH_FOLD_B,0.5078617930412292
2020-06-01,2020-06-02,SUNPHARMA,1.0,0.4923626482486725,SEARCH_FOLD_B,0.5076373517513275
2020-06-02,2020-06-03,SUNPHARMA,1.0,0.4923801720142364,SEARCH_FOLD_B,0.5076198279857635
2020-06-03,2020-06-04,SUNPHARMA,1.0,0.4924645721912384,SEARCH_FOLD_B,0.5075354278087616
2020-06-04,2020-06-05,SUNPHARMA,0.0,0.4924092888832092,SEARCH_FOLD_B,0.5075907111167908
2020-06-05,2020-06-08,SUNPHARMA,0.0,0.4922079741954803,SEARCH_FOLD_B,0.5077920258045197
2020-06-08,2020-06-09,SUNPHARMA,1.0,0.4919599592685699,SEARCH_FOLD_B,0.50804004073143
2020-06-09,2020-06-10,SUNPHARMA,0.0,0.4919166266918182,SEARCH_FOLD_B,0.5080833733081818
2020-06-10,2020-06-11,SUNPHARMA,0.0,0.4918290078639984,SEARCH_FOLD_B,0.5081709921360016
2020-06-11,2020-06-12,SUNPHARMA,1.0,0.4915109872817993,SEARCH_FOLD_B,0.5084890127182007
2020-06-12,2020-06-15,SUNPHARMA,1.0,0.4912856519222259,SEARCH_FOLD_B,0.508714348077774
2020-06-15,2020-06-16,SUNPHARMA,0.0,0.4908531606197357,SEARCH_FOLD_B,0.5091468393802643
2020-06-16,2020-06-17,SUNPHARMA,1.0,0.4904788136482239,SEARCH_FOLD_B,0.5095211863517761
2020-06-17,2020-06-18,SUNPHARMA,0.0,0.489937961101532,SEARCH_FOLD_B,0.510062038898468
2020-06-18,2020-06-19,SUNPHARMA,1.0,0.4893392622470855,SEARCH_FOLD_B,0.5106607377529144
2020-06-19,2020-06-22,SUNPHARMA,1.0,0.4887215495109558,SEARCH_FOLD_B,0.5112784504890442
2020-06-22,2020-06-23,SUNPHARMA,1.0,0.4884815812110901,SEARCH_FOLD_B,0.5115184187889099
2020-06-23,2020-06-24,SUNPHARMA,0.0,0.4880576431751251,SEARCH_FOLD_B,0.5119423568248749
2020-06-24,2020-06-25,SUNPHARMA,1.0,0.4877252578735351,SEARCH_FOLD_B,0.5122747421264648
2020-06-25,2020-06-26,SUNPHARMA,0.0,0.4871801137924194,SEARCH_FOLD_B,0.5128198862075806
2020-06-26,2020-06-29,SUNPHARMA,1.0,0.4868151545524597,SEARCH_FOLD_B,0.5131848454475403
2020-06-29,2020-06-30,SUNPHARMA,0.0,0.4863486588001251,SEARCH_FOLD_B,0.5136513411998749
2020-06-30,2020-07-01,SUNPHARMA,0.0,0.4858309626579284,SEARCH_FOLD_B,0.5141690373420715
2020-07-01,2020-07-02,SUNPHARMA,1.0,0.485507607460022,SEARCH_FOLD_B,0.514492392539978
2020-07-02,2020-07-03,SUNPHARMA,1.0,0.4854588210582733,SEARCH_FOLD_B,0.5145411789417267
2020-07-03,2020-07-06,SUNPHARMA,1.0,0.4855638146400451,SEARCH_FOLD_B,0.5144361853599548
2020-07-06,2020-07-07,SUNPHARMA,0.0,0.4856935739517212,SEARCH_FOLD_B,0.5143064260482788
2020-07-07,2020-07-08,SUNPHARMA,1.0,0.4856233894824981,SEARCH_FOLD_B,0.5143766105175018
2020-07-08,2020-07-09,SUNPHARMA,0.0,0.4854015111923218,SEARCH_FOLD_B,0.5145984888076782
2020-07-09,2020-07-10,SUNPHARMA,1.0,0.4853577613830566,SEARCH_FOLD_B,0.5146422386169434
2020-07-10,2020-07-13,SUNPHARMA,1.0,0.4854727685451507,SEARCH_FOLD_B,0.5145272314548492
2020-07-13,2020-07-14,SUNPHARMA,0.0,0.4852631390094757,SEARCH_FOLD_B,0.5147368609905243
2020-07-14,2020-07-15,SUNPHARMA,1.0,0.4852255284786224,SEARCH_FOLD_B,0.5147744715213776
2020-07-15,2020-07-16,SUNPHARMA,1.0,0.4851850569248199,SEARCH_FOLD_B,0.51481494307518
2020-07-16,2020-07-17,SUNPHARMA,1.0,0.4853283762931824,SEARCH_FOLD_B,0.5146716237068176
2020-07-17,2020-07-20,SUNPHARMA,0.0,0.4853192865848541,SEARCH_FOLD_B,0.5146807134151459
2020-07-20,2020-07-21,SUNPHARMA,0.0,0.485285997390747,SEARCH_FOLD_B,0.5147140026092529
2020-07-21,2020-07-22,SUNPHARMA,0.0,0.4854704439640045,SEARCH_FOLD_B,0.5145295560359955
2020-07-22,2020-07-23,SUNPHARMA,1.0,0.4856363236904144,SEARCH_FOLD_B,0.5143636763095856
2020-07-23,2020-07-24,SUNPHARMA,1.0,0.4854288101196289,SEARCH_FOLD_B,0.5145711898803711
2020-07-24,2020-07-27,SUNPHARMA,0.0,0.4853671491146087,SEARCH_FOLD_B,0.5146328508853912
2020-07-27,2020-07-28,SUNPHARMA,1.0,0.4853876829147339,SEARCH_FOLD_B,0.5146123170852661
2020-07-28,2020-07-29,SUNPHARMA,1.0,0.4853344559669494,SEARCH_FOLD_B,0.5146655440330505
2020-07-29,2020-07-30,SUNPHARMA,1.0,0.4852946996688843,SEARCH_FOLD_B,0.5147053003311157
2020-07-30,2020-07-31,SUNPHARMA,1.0,0.4851570427417755,SEARCH_FOLD_B,0.5148429572582245
2020-07-31,2020-08-03,SUNPHARMA,0.0,0.4850266575813293,SEARCH_FOLD_B,0.5149733424186707
2020-08-03,2020-08-04,SUNPHARMA,1.0,0.4849148094654083,SEARCH_FOLD_B,0.5150851905345917
2020-08-04,2020-08-05,SUNPHARMA,0.0,0.4848425984382629,SEARCH_FOLD_B,0.5151574015617371
2020-08-05,2020-08-06,SUNPHARMA,1.0,0.484428733587265,SEARCH_FOLD_B,0.515571266412735
2020-08-06,2020-08-07,SUNPHARMA,0.0,0.4840774834156036,SEARCH_FOLD_B,0.5159225165843964
2020-08-07,2020-08-10,SUNPHARMA,1.0,0.4835782647132873,SEARCH_FOLD_B,0.5164217352867126
2020-08-10,2020-08-11,SUNPHARMA,0.0,0.4830997586250305,SEARCH_FOLD_B,0.5169002413749695
2020-08-11,2020-08-12,SUNPHARMA,0.0,0.4824545979499817,SEARCH_FOLD_B,0.5175454020500183
2020-08-12,2020-08-13,SUNPHARMA,0.0,0.4817703366279602,SEARCH_FOLD_B,0.5182296633720398
2020-08-13,2020-08-14,SUNPHARMA,1.0,0.4812626242637634,SEARCH_FOLD_B,0.5187373757362366
2020-08-14,2020-08-17,SUNPHARMA,0.0,0.4808488488197326,SEARCH_FOLD_B,0.5191511511802673
2020-08-17,2020-08-18,SUNPHARMA,0.0,0.4805406630039215,SEARCH_FOLD_B,0.5194593369960785
2020-08-18,2020-08-19,SUNPHARMA,0.0,0.4802749454975128,SEARCH_FOLD_B,0.5197250545024872
2020-08-19,2020-08-20,SUNPHARMA,0.0,0.4801225960254669,SEARCH_FOLD_B,0.5198774039745331
2020-08-20,2020-08-21,SUNPHARMA,1.0,0.4800509512424469,SEARCH_FOLD_B,0.5199490487575531
2020-08-21,2020-08-24,SUNPHARMA,1.0,0.4802002310752868,SEARCH_FOLD_B,0.5197997689247131
2020-08-24,2020-08-25,SUNPHARMA,0.0,0.4804019629955292,SEARCH_FOLD_B,0.5195980370044708
2020-08-25,2020-08-26,SUNPHARMA,1.0,0.4804819226264953,SEARCH_FOLD_B,0.5195180773735046
2020-08-26,2020-08-27,SUNPHARMA,1.0,0.4806573092937469,SEARCH_FOLD_B,0.519342690706253
2020-08-27,2020-08-28,SUNPHARMA,1.0,0.4808862209320068,SEARCH_FOLD_B,0.5191137790679932
2020-08-28,2020-08-31,SUNPHARMA,0.0,0.4811019897460937,SEARCH_FOLD_B,0.5188980102539062
2020-08-31,2020-09-01,SUNPHARMA,1.0,0.4810386002063751,SEARCH_FOLD_B,0.5189613997936249
2020-09-01,2020-09-02,SUNPHARMA,0.0,0.4809158742427826,SEARCH_FOLD_B,0.5190841257572174
2020-09-02,2020-09-03,SUNPHARMA,1.0,0.4808041453361511,SEARCH_FOLD_B,0.5191958546638489
2020-09-03,2020-09-04,SUNPHARMA,0.0,0.4807325005531311,SEARCH_FOLD_B,0.5192674994468689
2020-09-04,2020-09-07,SUNPHARMA,1.0,0.4808668494224548,SEARCH_FOLD_B,0.5191331505775452
2020-09-07,2020-09-08,SUNPHARMA,0.0,0.4808317422866821,SEARCH_FOLD_B,0.5191682577133179
2020-09-08,2020-09-09,SUNPHARMA,1.0,0.4809876382350921,SEARCH_FOLD_B,0.5190123617649078
2020-09-09,2020-09-10,SUNPHARMA,0.0,0.4812987148761749,SEARCH_FOLD_B,0.5187012851238251
2020-09-10,2020-09-11,SUNPHARMA,0.0,0.4817869365215301,SEARCH_FOLD_B,0.5182130634784698
2020-09-11,2020-09-14,SUNPHARMA,0.0,0.4823618233203888,SEARCH_FOLD_B,0.5176381766796112
2020-09-14,2020-09-15,SUNPHARMA,1.0,0.4828231930732727,SEARCH_FOLD_B,0.5171768069267273
2020-09-15,2020-09-16,SUNPHARMA,1.0,0.4834229350090027,SEARCH_FOLD_B,0.5165770649909973
2020-09-16,2020-09-17,SUNPHARMA,0.0,0.4839437305927276,SEARCH_FOLD_B,0.5160562694072723
2020-09-17,2020-09-18,SUNPHARMA,1.0,0.4844610691070556,SEARCH_FOLD_B,0.5155389308929443
2020-09-18,2020-09-21,SUNPHARMA,0.0,0.484829306602478,SEARCH_FOLD_B,0.515170693397522
2020-09-21,2020-09-22,SUNPHARMA,1.0,0.4853465855121612,SEARCH_FOLD_B,0.5146534144878387
2020-09-22,2020-09-23,SUNPHARMA,0.0,0.4857307970523834,SEARCH_FOLD_B,0.5142692029476166
2020-09-23,2020-09-24,SUNPHARMA,0.0,0.4860109388828277,SEARCH_FOLD_B,0.5139890611171722
2020-09-24,2020-09-25,SUNPHARMA,1.0,0.4861977994441986,SEARCH_FOLD_B,0.5138022005558014
2020-09-25,2020-09-28,SUNPHARMA,1.0,0.4865119755268097,SEARCH_FOLD_B,0.5134880244731903
2020-09-28,2020-09-29,SUNPHARMA,0.0,0.4867333471775055,SEARCH_FOLD_B,0.5132666528224945
2020-09-29,2020-09-30,SUNPHARMA,0.0,0.4869095385074615,SEARCH_FOLD_B,0.5130904614925385
2020-09-30,2020-10-01,SUNPHARMA,1.0,0.4870575666427612,SEARCH_FOLD_B,0.5129424333572388
2020-10-01,2020-10-05,SUNPHARMA,1.0,0.4871230721473694,SEARCH_FOLD_B,0.5128769278526306
2020-10-05,2020-10-06,SUNPHARMA,0.0,0.4872529506683349,SEARCH_FOLD_B,0.512747049331665
2020-10-06,2020-10-07,SUNPHARMA,0.0,0.4873271584510803,SEARCH_FOLD_B,0.5126728415489197
2020-10-07,2020-10-08,SUNPHARMA,1.0,0.4872620403766632,SEARCH_FOLD_B,0.5127379596233368
2020-10-08,2020-10-09,SUNPHARMA,0.0,0.487176239490509,SEARCH_FOLD_B,0.512823760509491
2020-10-09,2020-10-12,SUNPHARMA,1.0,0.4871985614299774,SEARCH_FOLD_B,0.5128014385700226
2020-10-12,2020-10-13,SUNPHARMA,0.0,0.487462967634201,SEARCH_FOLD_B,0.512537032365799
2020-10-13,2020-10-14,SUNPHARMA,0.0,0.4872859418392181,SEARCH_FOLD_B,0.5127140581607819
2020-10-14,2020-10-15,SUNPHARMA,0.0,0.4871599674224853,SEARCH_FOLD_B,0.5128400325775146
2020-10-15,2020-10-16,SUNPHARMA,0.0,0.4869838356971741,SEARCH_FOLD_B,0.5130161643028259
2020-10-16,2020-10-19,SUNPHARMA,0.0,0.4869616627693176,SEARCH_FOLD_B,0.5130383372306824
2020-10-19,2020-10-20,SUNPHARMA,1.0,0.4868620038032532,SEARCH_FOLD_B,0.5131379961967468
2020-10-20,2020-10-21,SUNPHARMA,1.0,0.4868175387382507,SEARCH_FOLD_B,0.5131824612617493
2020-10-21,2020-10-22,SUNPHARMA,0.0,0.4866875112056732,SEARCH_FOLD_B,0.5133124887943268
2020-10-22,2020-10-23,SUNPHARMA,0.0,0.4866711795330047,SEARCH_FOLD_B,0.5133288204669952
2020-10-23,2020-10-26,SUNPHARMA,0.0,0.4866406321525574,SEARCH_FOLD_B,0.5133593678474426
2020-10-26,2020-10-27,SUNPHARMA,0.0,0.4866121709346771,SEARCH_FOLD_B,0.5133878290653229
2020-10-27,2020-10-28,SUNPHARMA,0.0,0.4865333139896393,SEARCH_FOLD_B,0.5134666860103607
2020-10-28,2020-10-29,SUNPHARMA,0.0,0.4866215586662292,SEARCH_FOLD_B,0.5133784413337708
2020-10-29,2020-10-30,SUNPHARMA,1.0,0.4868531823158264,SEARCH_FOLD_B,0.5131468176841736
2020-10-30,2020-11-02,SUNPHARMA,1.0,0.487031489610672,SEARCH_FOLD_B,0.512968510389328
2020-11-02,2020-11-03,SUNPHARMA,1.0,0.4873752892017364,SEARCH_FOLD_B,0.5126247107982635
2020-11-03,2020-11-04,SUNPHARMA,1.0,0.4874300062656402,SEARCH_FOLD_B,0.5125699937343597
2020-11-04,2020-11-05,SUNPHARMA,1.0,0.4874550402164459,SEARCH_FOLD_B,0.5125449597835541
2020-11-05,2020-11-06,SUNPHARMA,0.0,0.4873357117176056,SEARCH_FOLD_B,0.5126642882823944
2020-11-06,2020-11-09,SUNPHARMA,1.0,0.4869843423366546,SEARCH_FOLD_B,0.5130156576633453
2020-11-09,2020-11-10,SUNPHARMA,0.0,0.4866155683994293,SEARCH_FOLD_B,0.5133844316005707
2020-11-10,2020-11-11,SUNPHARMA,1.0,0.4864580929279327,SEARCH_FOLD_B,0.5135419070720673
2020-11-11,2020-11-12,SUNPHARMA,1.0,0.4862152636051178,SEARCH_FOLD_B,0.5137847363948822
2020-11-12,2020-11-13,SUNPHARMA,0.0,0.48593869805336,SEARCH_FOLD_B,0.51406130194664
2020-11-13,2020-11-14,SUNPHARMA,1.0,0.4857116937637329,SEARCH_FOLD_B,0.5142883062362671
2020-11-14,2020-11-17,SUNPHARMA,1.0,0.4856408834457397,SEARCH_FOLD_B,0.5143591165542603
2020-11-17,2020-11-18,SUNPHARMA,0.0,0.4855409860610962,SEARCH_FOLD_B,0.5144590139389038
2020-11-18,2020-11-19,SUNPHARMA,0.0,0.4853799343109131,SEARCH_FOLD_B,0.5146200656890869
2020-11-19,2020-11-20,SUNPHARMA,0.0,0.4853644371032715,SEARCH_FOLD_B,0.5146355628967285
2020-11-20,2020-11-23,SUNPHARMA,1.0,0.4852591454982757,SEARCH_FOLD_B,0.5147408545017242
2020-11-23,2020-11-24,SUNPHARMA,1.0,0.4851637780666351,SEARCH_FOLD_B,0.5148362219333649
2020-11-24,2020-11-25,SUNPHARMA,0.0,0.4849656522274017,SEARCH_FOLD_B,0.5150343477725983
2020-11-25,2020-11-26,SUNPHARMA,1.0,0.4847701489925384,SEARCH_FOLD_B,0.5152298510074615
2020-11-26,2020-11-27,SUNPHARMA,0.0,0.4844654202461242,SEARCH_FOLD_B,0.5155345797538757
2020-11-27,2020-12-01,SUNPHARMA,1.0,0.4841409623622894,SEARCH_FOLD_B,0.5158590376377106
2020-12-01,2020-12-02,SUNPHARMA,1.0,0.4837285578250885,SEARCH_FOLD_B,0.5162714421749115
2020-12-02,2020-12-03,SUNPHARMA,1.0,0.4833482205867767,SEARCH_FOLD_B,0.5166517794132233
2020-12-03,2020-12-04,SUNPHARMA,1.0,0.4830059111118316,SEARCH_FOLD_B,0.5169940888881683
2020-12-04,2020-12-07,SUNPHARMA,1.0,0.4825749397277832,SEARCH_FOLD_B,0.5174250602722168
2020-12-07,2020-12-08,SUNPHARMA,0.0,0.4821260869503021,SEARCH_FOLD_B,0.5178739130496979
2020-12-08,2020-12-09,SUNPHARMA,1.0,0.4815812408924103,SEARCH_FOLD_B,0.5184187591075897
2020-12-09,2020-12-10,SUNPHARMA,0.0,0.4810446202754974,SEARCH_FOLD_B,0.5189553797245026
2020-12-10,2020-12-11,SUNPHARMA,1.0,0.4804573059082031,SEARCH_FOLD_B,0.5195426940917969
2020-12-11,2020-12-14,SUNPHARMA,1.0,0.4798199236392975,SEARCH_FOLD_B,0.5201800763607025
2020-12-14,2020-12-15,SUNPHARMA,0.0,0.4793192148208618,SEARCH_FOLD_B,0.5206807851791382
2020-12-15,2020-12-16,SUNPHARMA,1.0,0.4789173603057861,SEARCH_FOLD_B,0.5210826396942139
2020-12-16,2020-12-17,SUNPHARMA,0.0,0.4787313342094421,SEARCH_FOLD_B,0.5212686657905579
2020-12-17,2020-12-18,SUNPHARMA,1.0,0.4787099063396454,SEARCH_FOLD_B,0.5212900936603546
2020-12-18,2020-12-21,SUNPHARMA,0.0,0.4788010716438293,SEARCH_FOLD_B,0.5211989283561707
2020-12-21,2020-12-22,SUNPHARMA,1.0,0.4789218306541443,SEARCH_FOLD_B,0.5210781693458557
2020-12-22,2020-12-23,SUNPHARMA,1.0,0.4791010022163391,SEARCH_FOLD_B,0.5208989977836609
2020-12-23,2020-12-24,SUNPHARMA,1.0,0.4791649878025055,SEARCH_FOLD_B,0.5208350121974945
2020-12-24,2020-12-28,SUNPHARMA,0.0,0.4793100357055664,SEARCH_FOLD_B,0.5206899642944336
2020-12-28,2020-12-29,SUNPHARMA,1.0,0.4794524908065796,SEARCH_FOLD_B,0.5205475091934204
2020-12-29,2020-12-30,SUNPHARMA,0.0,0.4795655310153961,SEARCH_FOLD_B,0.5204344689846039
2020-12-30,2020-12-31,SUNPHARMA,1.0,0.4796952903270721,SEARCH_FOLD_B,0.5203047096729279
2020-01-01,2020-01-02,TATASTEEL,1.0,0.5429984331130981,SEARCH_FOLD_B,0.5429984331130981
2020-01-02,2020-01-03,TATASTEEL,0.0,0.5418699383735657,SEARCH_FOLD_B,0.5418699383735657
2020-01-03,2020-01-06,TATASTEEL,0.0,0.5406600832939148,SEARCH_FOLD_B,0.5406600832939148
2020-01-06,2020-01-07,TATASTEEL,1.0,0.5387647151947021,SEARCH_FOLD_B,0.5387647151947021
2020-01-07,2020-01-08,TATASTEEL,0.0,0.534304141998291,SEARCH_FOLD_B,0.534304141998291
2020-01-08,2020-01-09,TATASTEEL,1.0,0.5293897986412048,SEARCH_FOLD_B,0.5293897986412048
2020-01-09,2020-01-10,TATASTEEL,1.0,0.5289570093154907,SEARCH_FOLD_B,0.5289570093154907
2020-01-10,2020-01-13,TATASTEEL,1.0,0.5273945927619934,SEARCH_FOLD_B,0.5273945927619934
2020-01-13,2020-01-14,TATASTEEL,1.0,0.5253909826278687,SEARCH_FOLD_B,0.5253909826278687
2020-01-14,2020-01-15,TATASTEEL,1.0,0.5242301225662231,SEARCH_FOLD_B,0.5242301225662231
2020-01-15,2020-01-16,TATASTEEL,0.0,0.5200045704841614,SEARCH_FOLD_B,0.5200045704841614
2020-01-16,2020-01-17,TATASTEEL,1.0,0.5145831108093262,SEARCH_FOLD_B,0.5145831108093262
2020-01-17,2020-01-20,TATASTEEL,0.0,0.513927161693573,SEARCH_FOLD_B,0.513927161693573
2020-01-20,2020-01-21,TATASTEEL,0.0,0.5122557282447815,SEARCH_FOLD_B,0.5122557282447815
2020-01-21,2020-01-22,TATASTEEL,0.0,0.5122169852256775,SEARCH_FOLD_B,0.5122169852256775
2020-01-22,2020-01-23,TATASTEEL,1.0,0.5124030709266663,SEARCH_FOLD_B,0.5124030709266663
2020-01-23,2020-01-24,TATASTEEL,1.0,0.5128078460693359,SEARCH_FOLD_B,0.5128078460693359
2020-01-24,2020-01-27,TATASTEEL,0.0,0.5113438367843628,SEARCH_FOLD_B,0.5113438367843628
2020-01-27,2020-01-28,TATASTEEL,0.0,0.507860541343689,SEARCH_FOLD_B,0.507860541343689
2020-01-28,2020-01-29,TATASTEEL,1.0,0.5066139101982117,SEARCH_FOLD_B,0.5066139101982117
2020-01-29,2020-01-30,TATASTEEL,0.0,0.5008312463760376,SEARCH_FOLD_B,0.5008312463760376
2020-01-30,2020-01-31,TATASTEEL,0.0,0.4924550950527191,SEARCH_FOLD_B,0.5075449049472809
2020-01-31,2020-02-03,TATASTEEL,0.0,0.4886874258518219,SEARCH_FOLD_B,0.5113125741481781
2020-02-03,2020-02-04,TATASTEEL,1.0,0.4838796854019165,SEARCH_FOLD_B,0.5161203145980835
2020-02-04,2020-02-05,TATASTEEL,1.0,0.4801948368549347,SEARCH_FOLD_B,0.5198051631450653
2020-02-05,2020-02-06,TATASTEEL,1.0,0.4777233600616455,SEARCH_FOLD_B,0.5222766399383545
2020-02-06,2020-02-07,TATASTEEL,0.0,0.4741387069225311,SEARCH_FOLD_B,0.5258612930774689
2020-02-07,2020-02-10,TATASTEEL,0.0,0.4717120230197906,SEARCH_FOLD_B,0.5282879769802094
2020-02-10,2020-02-11,TATASTEEL,1.0,0.4696471393108368,SEARCH_FOLD_B,0.5303528606891632
2020-02-11,2020-02-12,TATASTEEL,1.0,0.4677500128746032,SEARCH_FOLD_B,0.5322499871253967
2020-02-12,2020-02-13,TATASTEEL,0.0,0.4653656184673309,SEARCH_FOLD_B,0.5346343815326691
2020-02-13,2020-02-14,TATASTEEL,0.0,0.4618150889873504,SEARCH_FOLD_B,0.5381849110126495
2020-02-14,2020-02-17,TATASTEEL,1.0,0.4589916169643402,SEARCH_FOLD_B,0.5410083830356598
2020-02-17,2020-02-18,TATASTEEL,0.0,0.4563959240913391,SEARCH_FOLD_B,0.5436040759086609
2020-02-18,2020-02-19,TATASTEEL,1.0,0.4535513818264007,SEARCH_FOLD_B,0.5464486181735992
2020-02-19,2020-02-20,TATASTEEL,1.0,0.4505418837070465,SEARCH_FOLD_B,0.5494581162929535
2020-02-20,2020-02-24,TATASTEEL,0.0,0.4483156502246856,SEARCH_FOLD_B,0.5516843497753143
2020-02-24,2020-02-25,TATASTEEL,1.0,0.4452114701271057,SEARCH_FOLD_B,0.5547885298728943
2020-02-25,2020-02-26,TATASTEEL,0.0,0.4430274665355682,SEARCH_FOLD_B,0.5569725334644318
2020-02-26,2020-02-27,TATASTEEL,0.0,0.4399178028106689,SEARCH_FOLD_B,0.560082197189331
2020-02-27,2020-02-28,TATASTEEL,0.0,0.4372084736824035,SEARCH_FOLD_B,0.5627915263175964
2020-02-28,2020-03-02,TATASTEEL,0.0,0.434614896774292,SEARCH_FOLD_B,0.565385103225708
2020-03-02,2020-03-03,TATASTEEL,1.0,0.4329735040664673,SEARCH_FOLD_B,0.5670264959335327
2020-03-03,2020-03-04,TATASTEEL,0.0,0.4310927987098694,SEARCH_FOLD_B,0.5689072012901306
2020-03-04,2020-03-05,TATASTEEL,0.0,0.4288488626480102,SEARCH_FOLD_B,0.5711511373519897
2020-03-05,2020-03-06,TATASTEEL,0.0,0.42766073346138,SEARCH_FOLD_B,0.57233926653862
2020-03-06,2020-03-09,TATASTEEL,0.0,0.4267946481704712,SEARCH_FOLD_B,0.5732053518295288
2020-03-09,2020-03-11,TATASTEEL,0.0,0.4259984493255615,SEARCH_FOLD_B,0.5740015506744385
2020-03-11,2020-03-12,TATASTEEL,0.0,0.4244897365570068,SEARCH_FOLD_B,0.5755102634429932
2020-03-12,2020-03-13,TATASTEEL,1.0,0.4229875206947326,SEARCH_FOLD_B,0.5770124793052673
2020-03-13,2020-03-16,TATASTEEL,0.0,0.4237107336521148,SEARCH_FOLD_B,0.5762892663478851
2020-03-16,2020-03-17,TATASTEEL,0.0,0.4236871004104614,SEARCH_FOLD_B,0.5763128995895386
2020-03-17,2020-03-18,TATASTEEL,0.0,0.4246478676795959,SEARCH_FOLD_B,0.575352132320404
2020-03-18,2020-03-19,TATASTEEL,0.0,0.4250009655952453,SEARCH_FOLD_B,0.5749990344047546
2020-03-19,2020-03-20,TATASTEEL,1.0,0.4262242317199707,SEARCH_FOLD_B,0.5737757682800293
2020-03-20,2020-03-23,TATASTEEL,0.0,0.4269814789295196,SEARCH_FOLD_B,0.5730185210704803
2020-03-23,2020-03-24,TATASTEEL,1.0,0.426802784204483,SEARCH_FOLD_B,0.573197215795517
2020-03-24,2020-03-25,TATASTEEL,1.0,0.427011638879776,SEARCH_FOLD_B,0.572988361120224
2020-03-25,2020-03-26,TATASTEEL,0.0,0.4241870641708374,SEARCH_FOLD_B,0.5758129358291626
2020-03-26,2020-03-27,TATASTEEL,0.0,0.4241557121276855,SEARCH_FOLD_B,0.5758442878723145
2020-03-27,2020-03-30,TATASTEEL,0.0,0.4253261089324951,SEARCH_FOLD_B,0.5746738910675049
2020-03-30,2020-03-31,TATASTEEL,1.0,0.4269502758979797,SEARCH_FOLD_B,0.5730497241020203
2020-03-31,2020-04-01,TATASTEEL,0.0,0.4290304780006408,SEARCH_FOLD_B,0.5709695219993591
2020-04-01,2020-04-03,TATASTEEL,0.0,0.4314086735248565,SEARCH_FOLD_B,0.5685913264751434
2020-04-03,2020-04-07,TATASTEEL,1.0,0.4335203170776367,SEARCH_FOLD_B,0.5664796829223633
2020-04-07,2020-04-08,TATASTEEL,0.0,0.4365757703781128,SEARCH_FOLD_B,0.5634242296218872
2020-04-08,2020-04-09,TATASTEEL,1.0,0.4391412436962127,SEARCH_FOLD_B,0.5608587563037872
2020-04-09,2020-04-13,TATASTEEL,0.0,0.440696656703949,SEARCH_FOLD_B,0.559303343296051
2020-04-13,2020-04-15,TATASTEEL,1.0,0.4438453614711761,SEARCH_FOLD_B,0.5561546385288239
2020-04-15,2020-04-16,TATASTEEL,1.0,0.4469769597053528,SEARCH_FOLD_B,0.5530230402946472
2020-04-16,2020-04-17,TATASTEEL,1.0,0.450851559638977,SEARCH_FOLD_B,0.549148440361023
2020-04-17,2020-04-20,TATASTEEL,0.0,0.4524629116058349,SEARCH_FOLD_B,0.547537088394165
2020-04-20,2020-04-21,TATASTEEL,0.0,0.4559959471225738,SEARCH_FOLD_B,0.5440040528774261
2020-04-21,2020-04-22,TATASTEEL,1.0,0.4613168239593506,SEARCH_FOLD_B,0.5386831760406494
2020-04-22,2020-04-23,TATASTEEL,1.0,0.4656770825386047,SEARCH_FOLD_B,0.5343229174613953
2020-04-23,2020-04-24,TATASTEEL,0.0,0.4718511700630188,SEARCH_FOLD_B,0.5281488299369812
2020-04-24,2020-04-27,TATASTEEL,1.0,0.4775159060955047,SEARCH_FOLD_B,0.5224840939044952
2020-04-27,2020-04-28,TATASTEEL,1.0,0.4823813736438751,SEARCH_FOLD_B,0.5176186263561249
2020-04-28,2020-04-29,TATASTEEL,1.0,0.4867687821388244,SEARCH_FOLD_B,0.5132312178611755
2020-04-29,2020-04-30,TATASTEEL,1.0,0.490082323551178,SEARCH_FOLD_B,0.509917676448822
2020-04-30,2020-05-04,TATASTEEL,0.0,0.4961223900318146,SEARCH_FOLD_B,0.5038776099681854
2020-05-04,2020-05-05,TATASTEEL,0.0,0.502494752407074,SEARCH_FOLD_B,0.502494752407074
2020-05-05,2020-05-06,TATASTEEL,1.0,0.51043301820755,SEARCH_FOLD_B,0.51043301820755
2020-05-06,2020-05-07,TATASTEEL,0.0,0.518968403339386,SEARCH_FOLD_B,0.518968403339386
2020-05-07,2020-05-08,TATASTEEL,0.0,0.5276583433151245,SEARCH_FOLD_B,0.5276583433151245
2020-05-08,2020-05-11,TATASTEEL,1.0,0.5363123416900635,SEARCH_FOLD_B,0.5363123416900635
2020-05-11,2020-05-12,TATASTEEL,0.0,0.5454775094985962,SEARCH_FOLD_B,0.5454775094985962
2020-05-12,2020-05-13,TATASTEEL,1.0,0.5555220246315002,SEARCH_FOLD_B,0.5555220246315002
2020-05-13,2020-05-14,TATASTEEL,0.0,0.5658971667289734,SEARCH_FOLD_B,0.5658971667289734
2020-05-14,2020-05-15,TATASTEEL,1.0,0.5755422115325928,SEARCH_FOLD_B,0.5755422115325928
2020-05-15,2020-05-18,TATASTEEL,0.0,0.5856290459632874,SEARCH_FOLD_B,0.5856290459632874
2020-05-18,2020-05-19,TATASTEEL,1.0,0.5955468416213989,SEARCH_FOLD_B,0.5955468416213989
2020-05-19,2020-05-20,TATASTEEL,1.0,0.6035831570625305,SEARCH_FOLD_B,0.6035831570625305
2020-05-20,2020-05-21,TATASTEEL,1.0,0.6122298240661621,SEARCH_FOLD_B,0.6122298240661621
2020-05-21,2020-05-22,TATASTEEL,0.0,0.6200326681137085,SEARCH_FOLD_B,0.6200326681137085
2020-05-22,2020-05-26,TATASTEEL,1.0,0.6243013143539429,SEARCH_FOLD_B,0.6243013143539429
2020-05-26,2020-05-27,TATASTEEL,1.0,0.6252596378326416,SEARCH_FOLD_B,0.6252596378326416
2020-05-27,2020-05-28,TATASTEEL,1.0,0.626480758190155,SEARCH_FOLD_B,0.626480758190155
2020-05-28,2020-05-29,TATASTEEL,0.0,0.6253141164779663,SEARCH_FOLD_B,0.6253141164779663
2020-05-29,2020-06-01,TATASTEEL,1.0,0.6206480264663696,SEARCH_FOLD_B,0.6206480264663696
2020-06-01,2020-06-02,TATASTEEL,1.0,0.6160514950752258,SEARCH_FOLD_B,0.6160514950752258
2020-06-02,2020-06-03,TATASTEEL,0.0,0.6095789074897766,SEARCH_FOLD_B,0.6095789074897766
2020-06-03,2020-06-04,TATASTEEL,1.0,0.6032366752624512,SEARCH_FOLD_B,0.6032366752624512
2020-06-04,2020-06-05,TATASTEEL,1.0,0.5953229665756226,SEARCH_FOLD_B,0.5953229665756226
2020-06-05,2020-06-08,TATASTEEL,0.0,0.5891773700714111,SEARCH_FOLD_B,0.5891773700714111
2020-06-08,2020-06-09,TATASTEEL,0.0,0.5837579965591431,SEARCH_FOLD_B,0.5837579965591431
2020-06-09,2020-06-10,TATASTEEL,0.0,0.5811843276023865,SEARCH_FOLD_B,0.5811843276023865
2020-06-10,2020-06-11,TATASTEEL,0.0,0.5789441466331482,SEARCH_FOLD_B,0.5789441466331482
2020-06-11,2020-06-12,TATASTEEL,1.0,0.5784083604812622,SEARCH_FOLD_B,0.5784083604812622
2020-06-12,2020-06-15,TATASTEEL,0.0,0.5714983940124512,SEARCH_FOLD_B,0.5714983940124512
2020-06-15,2020-06-16,TATASTEEL,1.0,0.5597518682479858,SEARCH_FOLD_B,0.5597518682479858
2020-06-16,2020-06-17,TATASTEEL,0.0,0.5560958981513977,SEARCH_FOLD_B,0.5560958981513977
2020-06-17,2020-06-18,TATASTEEL,1.0,0.5535153150558472,SEARCH_FOLD_B,0.5535153150558472
2020-06-18,2020-06-19,TATASTEEL,1.0,0.5525836944580078,SEARCH_FOLD_B,0.5525836944580078
2020-06-19,2020-06-22,TATASTEEL,1.0,0.5525792241096497,SEARCH_FOLD_B,0.5525792241096497
2020-06-22,2020-06-23,TATASTEEL,1.0,0.5531144142150879,SEARCH_FOLD_B,0.5531144142150879
2020-06-23,2020-06-24,TATASTEEL,0.0,0.5525596141815186,SEARCH_FOLD_B,0.5525596141815186
2020-06-24,2020-06-25,TATASTEEL,0.0,0.549160897731781,SEARCH_FOLD_B,0.549160897731781
2020-06-25,2020-06-26,TATASTEEL,1.0,0.5464214086532593,SEARCH_FOLD_B,0.5464214086532593
2020-06-26,2020-06-29,TATASTEEL,0.0,0.5451414585113525,SEARCH_FOLD_B,0.5451414585113525
2020-06-29,2020-06-30,TATASTEEL,1.0,0.5422374606132507,SEARCH_FOLD_B,0.5422374606132507
2020-06-30,2020-07-01,TATASTEEL,0.0,0.5406932830810547,SEARCH_FOLD_B,0.5406932830810547
2020-07-01,2020-07-02,TATASTEEL,1.0,0.5380470156669617,SEARCH_FOLD_B,0.5380470156669617
2020-07-02,2020-07-03,TATASTEEL,0.0,0.5379797220230103,SEARCH_FOLD_B,0.5379797220230103
2020-07-03,2020-07-06,TATASTEEL,1.0,0.5374940037727356,SEARCH_FOLD_B,0.5374940037727356
2020-07-06,2020-07-07,TATASTEEL,0.0,0.5361149907112122,SEARCH_FOLD_B,0.5361149907112122
2020-07-07,2020-07-08,TATASTEEL,1.0,0.5356966257095337,SEARCH_FOLD_B,0.5356966257095337
2020-07-08,2020-07-09,TATASTEEL,1.0,0.535498321056366,SEARCH_FOLD_B,0.535498321056366
2020-07-09,2020-07-10,TATASTEEL,0.0,0.53510981798172,SEARCH_FOLD_B,0.53510981798172
2020-07-10,2020-07-13,TATASTEEL,1.0,0.5353239178657532,SEARCH_FOLD_B,0.5353239178657532
2020-07-13,2020-07-14,TATASTEEL,0.0,0.5341541767120361,SEARCH_FOLD_B,0.5341541767120361
2020-07-14,2020-07-15,TATASTEEL,1.0,0.5349143147468567,SEARCH_FOLD_B,0.5349143147468567
2020-07-15,2020-07-16,TATASTEEL,1.0,0.5366372466087341,SEARCH_FOLD_B,0.5366372466087341
2020-07-16,2020-07-17,TATASTEEL,1.0,0.5386030673980713,SEARCH_FOLD_B,0.5386030673980713
2020-07-17,2020-07-20,TATASTEEL,1.0,0.5346218347549438,SEARCH_FOLD_B,0.5346218347549438
2020-07-20,2020-07-21,TATASTEEL,1.0,0.5330290198326111,SEARCH_FOLD_B,0.5330290198326111
2020-07-21,2020-07-22,TATASTEEL,0.0,0.5312680602073669,SEARCH_FOLD_B,0.5312680602073669
2020-07-22,2020-07-23,TATASTEEL,1.0,0.5269340872764587,SEARCH_FOLD_B,0.5269340872764587
2020-07-23,2020-07-24,TATASTEEL,0.0,0.5227189660072327,SEARCH_FOLD_B,0.5227189660072327
2020-07-24,2020-07-27,TATASTEEL,1.0,0.5180714726448059,SEARCH_FOLD_B,0.5180714726448059
2020-07-27,2020-07-28,TATASTEEL,1.0,0.5120596885681152,SEARCH_FOLD_B,0.5120596885681152
2020-07-28,2020-07-29,TATASTEEL,1.0,0.5059387683868408,SEARCH_FOLD_B,0.5059387683868408
2020-07-29,2020-07-30,TATASTEEL,0.0,0.5053756833076477,SEARCH_FOLD_B,0.5053756833076477
2020-07-30,2020-07-31,TATASTEEL,0.0,0.5057590007781982,SEARCH_FOLD_B,0.5057590007781982
2020-07-31,2020-08-03,TATASTEEL,1.0,0.5044702887535095,SEARCH_FOLD_B,0.5044702887535095
2020-08-03,2020-08-04,TATASTEEL,0.0,0.5049124360084534,SEARCH_FOLD_B,0.5049124360084534
2020-08-04,2020-08-05,TATASTEEL,1.0,0.5047748684883118,SEARCH_FOLD_B,0.5047748684883118
2020-08-05,2020-08-06,TATASTEEL,1.0,0.5005069971084595,SEARCH_FOLD_B,0.5005069971084595
2020-08-06,2020-08-07,TATASTEEL,1.0,0.5000889301300049,SEARCH_FOLD_B,0.5000889301300049
2020-08-07,2020-08-10,TATASTEEL,1.0,0.5006004571914673,SEARCH_FOLD_B,0.5006004571914673
2020-08-10,2020-08-11,TATASTEEL,1.0,0.5000155568122864,SEARCH_FOLD_B,0.5000155568122864
2020-08-11,2020-08-12,TATASTEEL,0.0,0.492485374212265,SEARCH_FOLD_B,0.507514625787735
2020-08-12,2020-08-13,TATASTEEL,0.0,0.4929623305797577,SEARCH_FOLD_B,0.5070376694202423
2020-08-13,2020-08-14,TATASTEEL,1.0,0.4938732385635376,SEARCH_FOLD_B,0.5061267614364624
2020-08-14,2020-08-17,TATASTEEL,1.0,0.4949471652507782,SEARCH_FOLD_B,0.5050528347492218
2020-08-17,2020-08-18,TATASTEEL,1.0,0.4960831999778747,SEARCH_FOLD_B,0.5039168000221252
2020-08-18,2020-08-19,TATASTEEL,0.0,0.4967855215072632,SEARCH_FOLD_B,0.5032144784927368
2020-08-19,2020-08-20,TATASTEEL,1.0,0.495054543018341,SEARCH_FOLD_B,0.5049454569816589
2020-08-20,2020-08-21,TATASTEEL,0.0,0.4930877387523651,SEARCH_FOLD_B,0.5069122612476349
2020-08-21,2020-08-24,TATASTEEL,1.0,0.4930762052536011,SEARCH_FOLD_B,0.5069237947463989
2020-08-24,2020-08-25,TATASTEEL,0.0,0.4934427142143249,SEARCH_FOLD_B,0.506557285785675
2020-08-25,2020-08-26,TATASTEEL,1.0,0.4940291941165924,SEARCH_FOLD_B,0.5059708058834076
2020-08-26,2020-08-27,TATASTEEL,1.0,0.4945412278175354,SEARCH_FOLD_B,0.5054587721824646
2020-08-27,2020-08-28,TATASTEEL,0.0,0.4948246479034424,SEARCH_FOLD_B,0.5051753520965576
2020-08-28,2020-08-31,TATASTEEL,0.0,0.4922217726707458,SEARCH_FOLD_B,0.5077782273292542
2020-08-31,2020-09-01,TATASTEEL,1.0,0.4926353096961975,SEARCH_FOLD_B,0.5073646903038025
2020-09-01,2020-09-02,TATASTEEL,1.0,0.4927290678024292,SEARCH_FOLD_B,0.5072709321975708
2020-09-02,2020-09-03,TATASTEEL,0.0,0.4902649521827698,SEARCH_FOLD_B,0.5097350478172302
2020-09-03,2020-09-04,TATASTEEL,0.0,0.489991545677185,SEARCH_FOLD_B,0.5100084543228149
2020-09-04,2020-09-07,TATASTEEL,1.0,0.4895071685314178,SEARCH_FOLD_B,0.5104928314685822
2020-09-07,2020-09-08,TATASTEEL,0.0,0.4889758825302124,SEARCH_FOLD_B,0.5110241174697876
2020-09-08,2020-09-09,TATASTEEL,1.0,0.4887782633304596,SEARCH_FOLD_B,0.5112217366695404
2020-09-09,2020-09-10,TATASTEEL,0.0,0.4848599731922149,SEARCH_FOLD_B,0.515140026807785
2020-09-10,2020-09-11,TATASTEEL,0.0,0.4842793941497803,SEARCH_FOLD_B,0.5157206058502197
2020-09-11,2020-09-14,TATASTEEL,0.0,0.4840492904186249,SEARCH_FOLD_B,0.5159507095813751
2020-09-14,2020-09-15,TATASTEEL,1.0,0.4836020171642303,SEARCH_FOLD_B,0.5163979828357697
2020-09-15,2020-09-16,TATASTEEL,0.0,0.4825238585472107,SEARCH_FOLD_B,0.5174761414527893
2020-09-16,2020-09-17,TATASTEEL,0.0,0.4779662489891052,SEARCH_FOLD_B,0.5220337510108948
2020-09-17,2020-09-18,TATASTEEL,0.0,0.4743350744247436,SEARCH_FOLD_B,0.5256649255752563
2020-09-18,2020-09-21,TATASTEEL,0.0,0.4719123244285583,SEARCH_FOLD_B,0.5280876755714417
2020-09-21,2020-09-22,TATASTEEL,1.0,0.4701030850410461,SEARCH_FOLD_B,0.5298969149589539
2020-09-22,2020-09-23,TATASTEEL,0.0,0.4655463397502899,SEARCH_FOLD_B,0.5344536602497101
2020-09-23,2020-09-24,TATASTEEL,0.0,0.4632908999919891,SEARCH_FOLD_B,0.5367091000080109
2020-09-24,2020-09-25,TATASTEEL,1.0,0.4606841206550598,SEARCH_FOLD_B,0.5393158793449402
2020-09-25,2020-09-28,TATASTEEL,1.0,0.4509309530258178,SEARCH_FOLD_B,0.5490690469741821
2020-09-28,2020-09-29,TATASTEEL,1.0,0.4470604956150055,SEARCH_FOLD_B,0.5529395043849945
2020-09-29,2020-09-30,TATASTEEL,0.0,0.4433244466781616,SEARCH_FOLD_B,0.5566755533218384
2020-09-30,2020-10-01,TATASTEEL,1.0,0.4399961829185486,SEARCH_FOLD_B,0.5600038170814514
2020-10-01,2020-10-05,TATASTEEL,1.0,0.4361053109169006,SEARCH_FOLD_B,0.5638946890830994
2020-10-05,2020-10-06,TATASTEEL,0.0,0.4325833618640899,SEARCH_FOLD_B,0.56741663813591
2020-10-06,2020-10-07,TATASTEEL,0.0,0.4301258325576782,SEARCH_FOLD_B,0.5698741674423218
2020-10-07,2020-10-08,TATASTEEL,1.0,0.4275560081005096,SEARCH_FOLD_B,0.5724439918994904
2020-10-08,2020-10-09,TATASTEEL,0.0,0.4258232712745666,SEARCH_FOLD_B,0.5741767287254333
2020-10-09,2020-10-12,TATASTEEL,1.0,0.4242688417434692,SEARCH_FOLD_B,0.5757311582565308
2020-10-12,2020-10-13,TATASTEEL,0.0,0.4219008088111877,SEARCH_FOLD_B,0.5780991911888123
2020-10-13,2020-10-14,TATASTEEL,1.0,0.4196640253067016,SEARCH_FOLD_B,0.5803359746932983
2020-10-14,2020-10-15,TATASTEEL,0.0,0.418595552444458,SEARCH_FOLD_B,0.581404447555542
2020-10-15,2020-10-16,TATASTEEL,1.0,0.4180308282375335,SEARCH_FOLD_B,0.5819691717624664
2020-10-16,2020-10-19,TATASTEEL,1.0,0.4178649485111236,SEARCH_FOLD_B,0.5821350514888763
2020-10-19,2020-10-20,TATASTEEL,0.0,0.4180879890918731,SEARCH_FOLD_B,0.5819120109081268
2020-10-20,2020-10-21,TATASTEEL,1.0,0.419200599193573,SEARCH_FOLD_B,0.580799400806427
2020-10-21,2020-10-22,TATASTEEL,1.0,0.4203872084617615,SEARCH_FOLD_B,0.5796127915382385
2020-10-22,2020-10-23,TATASTEEL,1.0,0.4185911118984222,SEARCH_FOLD_B,0.5814088881015778
2020-10-23,2020-10-26,TATASTEEL,0.0,0.4192703366279602,SEARCH_FOLD_B,0.5807296633720398
2020-10-26,2020-10-27,TATASTEEL,1.0,0.4222572445869446,SEARCH_FOLD_B,0.5777427554130554
2020-10-27,2020-10-28,TATASTEEL,0.0,0.4256488382816314,SEARCH_FOLD_B,0.5743511617183685
2020-10-28,2020-10-29,TATASTEEL,0.0,0.4297741055488586,SEARCH_FOLD_B,0.5702258944511414
2020-10-29,2020-10-30,TATASTEEL,1.0,0.4337159693241119,SEARCH_FOLD_B,0.5662840306758881
2020-10-30,2020-11-02,TATASTEEL,0.0,0.4365590214729309,SEARCH_FOLD_B,0.5634409785270691
2020-11-02,2020-11-03,TATASTEEL,1.0,0.4387981593608856,SEARCH_FOLD_B,0.5612018406391144
2020-11-03,2020-11-04,TATASTEEL,0.0,0.4413116872310638,SEARCH_FOLD_B,0.5586883127689362
2020-11-04,2020-11-05,TATASTEEL,1.0,0.4430080950260162,SEARCH_FOLD_B,0.5569919049739838
2020-11-05,2020-11-06,TATASTEEL,1.0,0.4455811977386474,SEARCH_FOLD_B,0.5544188022613525
2020-11-06,2020-11-09,TATASTEEL,1.0,0.449236661195755,SEARCH_FOLD_B,0.550763338804245
2020-11-09,2020-11-10,TATASTEEL,1.0,0.4539262056350708,SEARCH_FOLD_B,0.5460737943649292
2020-11-10,2020-11-11,TATASTEEL,1.0,0.4592088162899017,SEARCH_FOLD_B,0.5407911837100983
2020-11-11,2020-11-12,TATASTEEL,0.0,0.463788628578186,SEARCH_FOLD_B,0.536211371421814
2020-11-12,2020-11-13,TATASTEEL,1.0,0.4691289961338043,SEARCH_FOLD_B,0.5308710038661957
2020-11-13,2020-11-14,TATASTEEL,1.0,0.4752769768238067,SEARCH_FOLD_B,0.5247230231761932
2020-11-14,2020-11-17,TATASTEEL,1.0,0.4789194762706756,SEARCH_FOLD_B,0.5210805237293243
2020-11-17,2020-11-18,TATASTEEL,0.0,0.4836492538452148,SEARCH_FOLD_B,0.5163507461547852
2020-11-18,2020-11-19,TATASTEEL,1.0,0.489371120929718,SEARCH_FOLD_B,0.510628879070282
2020-11-19,2020-11-20,TATASTEEL,1.0,0.4940436482429504,SEARCH_FOLD_B,0.5059563517570496
2020-11-20,2020-11-23,TATASTEEL,1.0,0.4962224662303924,SEARCH_FOLD_B,0.5037775337696075
2020-11-23,2020-11-24,TATASTEEL,1.0,0.500058114528656,SEARCH_FOLD_B,0.500058114528656
2020-11-24,2020-11-25,TATASTEEL,0.0,0.5042366981506348,SEARCH_FOLD_B,0.5042366981506348
2020-11-25,2020-11-26,TATASTEEL,1.0,0.5073137283325195,SEARCH_FOLD_B,0.5073137283325195
2020-11-26,2020-11-27,TATASTEEL,1.0,0.5045363903045654,SEARCH_FOLD_B,0.5045363903045654
2020-11-27,2020-12-01,TATASTEEL,1.0,0.5035938024520874,SEARCH_FOLD_B,0.5035938024520874
2020-12-01,2020-12-02,TATASTEEL,1.0,0.5053304433822632,SEARCH_FOLD_B,0.5053304433822632
2020-12-02,2020-12-03,TATASTEEL,1.0,0.5074940323829651,SEARCH_FOLD_B,0.5074940323829651
2020-12-03,2020-12-04,TATASTEEL,1.0,0.506431519985199,SEARCH_FOLD_B,0.506431519985199
2020-12-04,2020-12-07,TATASTEEL,0.0,0.5063361525535583,SEARCH_FOLD_B,0.5063361525535583
2020-12-07,2020-12-08,TATASTEEL,0.0,0.504585862159729,SEARCH_FOLD_B,0.504585862159729
2020-12-08,2020-12-09,TATASTEEL,0.0,0.5043909549713135,SEARCH_FOLD_B,0.5043909549713135
2020-12-09,2020-12-10,TATASTEEL,1.0,0.5046967267990112,SEARCH_FOLD_B,0.5046967267990112
2020-12-10,2020-12-11,TATASTEEL,1.0,0.5045705437660217,SEARCH_FOLD_B,0.5045705437660217
2020-12-11,2020-12-14,TATASTEEL,1.0,0.5052477121353149,SEARCH_FOLD_B,0.5052477121353149
2020-12-14,2020-12-15,TATASTEEL,1.0,0.5054373145103455,SEARCH_FOLD_B,0.5054373145103455
2020-12-15,2020-12-16,TATASTEEL,1.0,0.5061022639274597,SEARCH_FOLD_B,0.5061022639274597
2020-12-16,2020-12-17,TATASTEEL,0.0,0.507260799407959,SEARCH_FOLD_B,0.507260799407959
2020-12-17,2020-12-18,TATASTEEL,0.0,0.50777667760849,SEARCH_FOLD_B,0.50777667760849
2020-12-18,2020-12-21,TATASTEEL,0.0,0.5062233209609985,SEARCH_FOLD_B,0.5062233209609985
2020-12-21,2020-12-22,TATASTEEL,1.0,0.5059171319007874,SEARCH_FOLD_B,0.5059171319007874
2020-12-22,2020-12-23,TATASTEEL,1.0,0.5059345364570618,SEARCH_FOLD_B,0.5059345364570618
2020-12-23,2020-12-24,TATASTEEL,1.0,0.5033169984817505,SEARCH_FOLD_B,0.5033169984817505
2020-12-24,2020-12-28,TATASTEEL,1.0,0.4989871084690094,SEARCH_FOLD_B,0.5010128915309906
2020-12-28,2020-12-29,TATASTEEL,0.0,0.4958357214927673,SEARCH_FOLD_B,0.5041642785072327
2020-12-29,2020-12-30,TATASTEEL,1.0,0.4928858578205108,SEARCH_FOLD_B,0.5071141421794891
2020-12-30,2020-12-31,TATASTEEL,1.0,0.4919301867485046,SEARCH_FOLD_B,0.5080698132514954
2021-01-01,2021-01-04,RELIANCE,1.0,0.5104246139526367,SEARCH_FOLD_C,0.5104246139526367
2021-01-04,2021-01-05,RELIANCE,0.0,0.5102457404136658,SEARCH_FOLD_C,0.5102457404136658
2021-01-05,2021-01-06,RELIANCE,0.0,0.5101374387741089,SEARCH_FOLD_C,0.5101374387741089
2021-01-06,2021-01-07,RELIANCE,0.0,0.5099887847900391,SEARCH_FOLD_C,0.5099887847900391
2021-01-07,2021-01-08,RELIANCE,1.0,0.5098152756690979,SEARCH_FOLD_C,0.5098152756690979
2021-01-08,2021-01-11,RELIANCE,0.0,0.5096669793128967,SEARCH_FOLD_C,0.5096669793128967
2021-01-11,2021-01-12,RELIANCE,1.0,0.5094738006591797,SEARCH_FOLD_C,0.5094738006591797
2021-01-12,2021-01-13,RELIANCE,0.0,0.5093719363212585,SEARCH_FOLD_C,0.5093719363212585
2021-01-13,2021-01-14,RELIANCE,1.0,0.5092480778694153,SEARCH_FOLD_C,0.5092480778694153
2021-01-14,2021-01-15,RELIANCE,0.0,0.5091480016708374,SEARCH_FOLD_C,0.5091480016708374
2021-01-15,2021-01-18,RELIANCE,1.0,0.5090969204902649,SEARCH_FOLD_C,0.5090969204902649
2021-01-18,2021-01-19,RELIANCE,1.0,0.5090106725692749,SEARCH_FOLD_C,0.5090106725692749
2021-01-19,2021-01-20,RELIANCE,1.0,0.508928656578064,SEARCH_FOLD_C,0.508928656578064
2021-01-20,2021-01-21,RELIANCE,1.0,0.5089442729949951,SEARCH_FOLD_C,0.5089442729949951
2021-01-21,2021-01-22,RELIANCE,0.0,0.5089412331581116,SEARCH_FOLD_C,0.5089412331581116
2021-01-22,2021-01-25,RELIANCE,0.0,0.508924663066864,SEARCH_FOLD_C,0.508924663066864
2021-01-25,2021-01-27,RELIANCE,0.0,0.5089439749717712,SEARCH_FOLD_C,0.5089439749717712
2021-01-27,2021-01-28,RELIANCE,0.0,0.5089377760887146,SEARCH_FOLD_C,0.5089377760887146
2021-01-28,2021-01-29,RELIANCE,0.0,0.5089350342750549,SEARCH_FOLD_C,0.5089350342750549
2021-01-29,2021-02-01,RELIANCE,1.0,0.5089408755302429,SEARCH_FOLD_C,0.5089408755302429
2021-02-01,2021-02-02,RELIANCE,1.0,0.5089824199676514,SEARCH_FOLD_C,0.5089824199676514
2021-02-02,2021-02-03,RELIANCE,1.0,0.5090393424034119,SEARCH_FOLD_C,0.5090393424034119
2021-02-03,2021-02-04,RELIANCE,0.0,0.5091508626937866,SEARCH_FOLD_C,0.5091508626937866
2021-02-04,2021-02-05,RELIANCE,0.0,0.5092217326164246,SEARCH_FOLD_C,0.5092217326164246
2021-02-05,2021-02-08,RELIANCE,1.0,0.5092796087265015,SEARCH_FOLD_C,0.5092796087265015
2021-02-08,2021-02-09,RELIANCE,1.0,0.50937420129776,SEARCH_FOLD_C,0.50937420129776
2021-02-09,2021-02-10,RELIANCE,1.0,0.509480893611908,SEARCH_FOLD_C,0.509480893611908
2021-02-10,2021-02-11,RELIANCE,1.0,0.5095860958099365,SEARCH_FOLD_C,0.5095860958099365
2021-02-11,2021-02-12,RELIANCE,0.0,0.5096974968910217,SEARCH_FOLD_C,0.5096974968910217
2021-02-12,2021-02-15,RELIANCE,0.0,0.5097836256027222,SEARCH_FOLD_C,0.5097836256027222
2021-02-15,2021-02-16,RELIANCE,1.0,0.5098299384117126,SEARCH_FOLD_C,0.5098299384117126
2021-02-16,2021-02-17,RELIANCE,1.0,0.5099193453788757,SEARCH_FOLD_C,0.5099193453788757
2021-02-17,2021-02-18,RELIANCE,0.0,0.509985089302063,SEARCH_FOLD_C,0.509985089302063
2021-02-18,2021-02-19,RELIANCE,1.0,0.5100585222244263,SEARCH_FOLD_C,0.5100585222244263
2021-02-19,2021-02-22,RELIANCE,0.0,0.5100951790809631,SEARCH_FOLD_C,0.5100951790809631
2021-02-22,2021-02-23,RELIANCE,1.0,0.5101317167282104,SEARCH_FOLD_C,0.5101317167282104
2021-02-23,2021-02-24,RELIANCE,1.0,0.5101603269577026,SEARCH_FOLD_C,0.5101603269577026
2021-02-24,2021-02-25,RELIANCE,1.0,0.5102254748344421,SEARCH_FOLD_C,0.5102254748344421
2021-02-25,2021-02-26,RELIANCE,0.0,0.5102529525756836,SEARCH_FOLD_C,0.5102529525756836
2021-02-26,2021-03-01,RELIANCE,1.0,0.5102560520172119,SEARCH_FOLD_C,0.5102560520172119
2021-03-01,2021-03-02,RELIANCE,1.0,0.5102411508560181,SEARCH_FOLD_C,0.5102411508560181
2021-03-02,2021-03-03,RELIANCE,1.0,0.5102642774581909,SEARCH_FOLD_C,0.5102642774581909
2021-03-03,2021-03-04,RELIANCE,0.0,0.510310173034668,SEARCH_FOLD_C,0.510310173034668
2021-03-04,2021-03-05,RELIANCE,1.0,0.5103491544723511,SEARCH_FOLD_C,0.5103491544723511
2021-03-05,2021-03-08,RELIANCE,1.0,0.5104292631149292,SEARCH_FOLD_C,0.5104292631149292
2021-03-08,2021-03-09,RELIANCE,0.0,0.5104879140853882,SEARCH_FOLD_C,0.5104879140853882
2021-03-09,2021-03-10,RELIANCE,0.0,0.5105435252189636,SEARCH_FOLD_C,0.5105435252189636
2021-03-10,2021-03-12,RELIANCE,0.0,0.5105320811271667,SEARCH_FOLD_C,0.5105320811271667
2021-03-12,2021-03-15,RELIANCE,0.0,0.5104817152023315,SEARCH_FOLD_C,0.5104817152023315
2021-03-15,2021-03-16,RELIANCE,0.0,0.5104326009750366,SEARCH_FOLD_C,0.5104326009750366
2021-03-16,2021-03-17,RELIANCE,0.0,0.5103403925895691,SEARCH_FOLD_C,0.5103403925895691
2021-03-17,2021-03-18,RELIANCE,0.0,0.5103148818016052,SEARCH_FOLD_C,0.5103148818016052
2021-03-18,2021-03-19,RELIANCE,1.0,0.5102847218513489,SEARCH_FOLD_C,0.5102847218513489
2021-03-19,2021-03-22,RELIANCE,0.0,0.510281503200531,SEARCH_FOLD_C,0.510281503200531
2021-03-22,2021-03-23,RELIANCE,1.0,0.5102670192718506,SEARCH_FOLD_C,0.5102670192718506
2021-03-23,2021-03-24,RELIANCE,0.0,0.5102762579917908,SEARCH_FOLD_C,0.5102762579917908
2021-03-24,2021-03-25,RELIANCE,0.0,0.5102965235710144,SEARCH_FOLD_C,0.5102965235710144
2021-03-25,2021-03-26,RELIANCE,1.0,0.5103228092193604,SEARCH_FOLD_C,0.5103228092193604
2021-03-26,2021-03-30,RELIANCE,1.0,0.5104331374168396,SEARCH_FOLD_C,0.5104331374168396
2021-03-30,2021-03-31,RELIANCE,0.0,0.5105559825897217,SEARCH_FOLD_C,0.5105559825897217
2021-03-31,2021-04-01,RELIANCE,1.0,0.5106134414672852,SEARCH_FOLD_C,0.5106134414672852
2021-04-01,2021-04-05,RELIANCE,0.0,0.5106910467147827,SEARCH_FOLD_C,0.5106910467147827
2021-04-05,2021-04-06,RELIANCE,0.0,0.510780930519104,SEARCH_FOLD_C,0.510780930519104
2021-04-06,2021-04-07,RELIANCE,1.0,0.5108604431152344,SEARCH_FOLD_C,0.5108604431152344
2021-04-07,2021-04-08,RELIANCE,1.0,0.5109574198722839,SEARCH_FOLD_C,0.5109574198722839
2021-04-08,2021-04-09,RELIANCE,0.0,0.511024534702301,SEARCH_FOLD_C,0.511024534702301
2021-04-09,2021-04-12,RELIANCE,0.0,0.5111092329025269,SEARCH_FOLD_C,0.5111092329025269
2021-04-12,2021-04-13,RELIANCE,1.0,0.5111442804336548,SEARCH_FOLD_C,0.5111442804336548
2021-04-13,2021-04-15,RELIANCE,1.0,0.5112622380256653,SEARCH_FOLD_C,0.5112622380256653
2021-04-15,2021-04-16,RELIANCE,0.0,0.511389970779419,SEARCH_FOLD_C,0.511389970779419
2021-04-16,2021-04-19,RELIANCE,0.0,0.5114614367485046,SEARCH_FOLD_C,0.5114614367485046
2021-04-19,2021-04-20,RELIANCE,0.0,0.5115281343460083,SEARCH_FOLD_C,0.5115281343460083
2021-04-20,2021-04-22,RELIANCE,1.0,0.5116221308708191,SEARCH_FOLD_C,0.5116221308708191
2021-04-22,2021-04-23,RELIANCE,0.0,0.511696457862854,SEARCH_FOLD_C,0.511696457862854
2021-04-23,2021-04-26,RELIANCE,1.0,0.5117760896682739,SEARCH_FOLD_C,0.5117760896682739
2021-04-26,2021-04-27,RELIANCE,1.0,0.5118472576141357,SEARCH_FOLD_C,0.5118472576141357
2021-04-27,2021-04-28,RELIANCE,1.0,0.5118993520736694,SEARCH_FOLD_C,0.5118993520736694
2021-04-28,2021-04-29,RELIANCE,1.0,0.5119224786758423,SEARCH_FOLD_C,0.5119224786758423
2021-04-29,2021-04-30,RELIANCE,0.0,0.511932909488678,SEARCH_FOLD_C,0.511932909488678
2021-04-30,2021-05-03,RELIANCE,0.0,0.5119022727012634,SEARCH_FOLD_C,0.5119022727012634
2021-05-03,2021-05-04,RELIANCE,0.0,0.5118454694747925,SEARCH_FOLD_C,0.5118454694747925
2021-05-04,2021-05-05,RELIANCE,1.0,0.5117784142494202,SEARCH_FOLD_C,0.5117784142494202
2021-05-05,2021-05-06,RELIANCE,1.0,0.511679470539093,SEARCH_FOLD_C,0.511679470539093
2021-05-06,2021-05-07,RELIANCE,1.0,0.5116125345230103,SEARCH_FOLD_C,0.5116125345230103
2021-05-07,2021-05-10,RELIANCE,0.0,0.5114998817443848,SEARCH_FOLD_C,0.5114998817443848
2021-05-10,2021-05-11,RELIANCE,1.0,0.5114058256149292,SEARCH_FOLD_C,0.5114058256149292
2021-05-11,2021-05-12,RELIANCE,0.0,0.5113186836242676,SEARCH_FOLD_C,0.5113186836242676
2021-05-12,2021-05-14,RELIANCE,1.0,0.5112242102622986,SEARCH_FOLD_C,0.5112242102622986
2021-05-14,2021-05-17,RELIANCE,1.0,0.5111147165298462,SEARCH_FOLD_C,0.5111147165298462
2021-05-17,2021-05-18,RELIANCE,1.0,0.5110231041908264,SEARCH_FOLD_C,0.5110231041908264
2021-05-18,2021-05-19,RELIANCE,1.0,0.5109227299690247,SEARCH_FOLD_C,0.5109227299690247
2021-05-19,2021-05-20,RELIANCE,0.0,0.5107926726341248,SEARCH_FOLD_C,0.5107926726341248
2021-05-20,2021-05-21,RELIANCE,1.0,0.5106958746910095,SEARCH_FOLD_C,0.5106958746910095
2021-05-21,2021-05-24,RELIANCE,0.0,0.5105831623077393,SEARCH_FOLD_C,0.5105831623077393
2021-05-24,2021-05-25,RELIANCE,0.0,0.5105169415473938,SEARCH_FOLD_C,0.5105169415473938
2021-05-25,2021-05-26,RELIANCE,1.0,0.5104367136955261,SEARCH_FOLD_C,0.5104367136955261
2021-05-26,2021-05-27,RELIANCE,1.0,0.5103574395179749,SEARCH_FOLD_C,0.5103574395179749
2021-05-27,2021-05-28,RELIANCE,1.0,0.5102410912513733,SEARCH_FOLD_C,0.5102410912513733
2021-05-28,2021-05-31,RELIANCE,1.0,0.5100919604301453,SEARCH_FOLD_C,0.5100919604301453
2021-05-31,2021-06-01,RELIANCE,1.0,0.5099568367004395,SEARCH_FOLD_C,0.5099568367004395
2021-06-01,2021-06-02,RELIANCE,1.0,0.509823739528656,SEARCH_FOLD_C,0.509823739528656
2021-06-02,2021-06-03,RELIANCE,1.0,0.5096935629844666,SEARCH_FOLD_C,0.5096935629844666
2021-06-03,2021-06-04,RELIANCE,0.0,0.5095772743225098,SEARCH_FOLD_C,0.5095772743225098
2021-06-04,2021-06-07,RELIANCE,1.0,0.5094842910766602,SEARCH_FOLD_C,0.5094842910766602
2021-06-07,2021-06-08,RELIANCE,0.0,0.50938880443573,SEARCH_FOLD_C,0.50938880443573
2021-06-08,2021-06-09,RELIANCE,0.0,0.509350061416626,SEARCH_FOLD_C,0.509350061416626
2021-06-09,2021-06-10,RELIANCE,1.0,0.509335994720459,SEARCH_FOLD_C,0.509335994720459
2021-06-10,2021-06-11,RELIANCE,1.0,0.5093492269515991,SEARCH_FOLD_C,0.5093492269515991
2021-06-11,2021-06-14,RELIANCE,1.0,0.5093727111816406,SEARCH_FOLD_C,0.5093727111816406
2021-06-14,2021-06-15,RELIANCE,1.0,0.5093962550163269,SEARCH_FOLD_C,0.5093962550163269
2021-06-15,2021-06-16,RELIANCE,0.0,0.5094013214111328,SEARCH_FOLD_C,0.5094013214111328
2021-06-16,2021-06-17,RELIANCE,1.0,0.5093750357627869,SEARCH_FOLD_C,0.5093750357627869
2021-06-17,2021-06-18,RELIANCE,1.0,0.5093098282814026,SEARCH_FOLD_C,0.5093098282814026
2021-06-18,2021-06-21,RELIANCE,1.0,0.5092591643333435,SEARCH_FOLD_C,0.5092591643333435
2021-06-21,2021-06-22,RELIANCE,0.0,0.509213924407959,SEARCH_FOLD_C,0.509213924407959
2021-06-22,2021-06-23,RELIANCE,0.0,0.5091758370399475,SEARCH_FOLD_C,0.5091758370399475
2021-06-23,2021-06-24,RELIANCE,0.0,0.5091409683227539,SEARCH_FOLD_C,0.5091409683227539
2021-06-24,2021-06-25,RELIANCE,0.0,0.5091336965560913,SEARCH_FOLD_C,0.5091336965560913
2021-06-25,2021-06-28,RELIANCE,0.0,0.5091376900672913,SEARCH_FOLD_C,0.5091376900672913
2021-06-28,2021-06-29,RELIANCE,1.0,0.5091542601585388,SEARCH_FOLD_C,0.5091542601585388
2021-06-29,2021-06-30,RELIANCE,1.0,0.5091938376426697,SEARCH_FOLD_C,0.5091938376426697
2021-06-30,2021-07-01,RELIANCE,0.0,0.5092637538909912,SEARCH_FOLD_C,0.5092637538909912
2021-07-01,2021-07-02,RELIANCE,1.0,0.509313702583313,SEARCH_FOLD_C,0.509313702583313
2021-07-02,2021-07-05,RELIANCE,1.0,0.5093702077865601,SEARCH_FOLD_C,0.5093702077865601
2021-07-05,2021-07-06,RELIANCE,0.0,0.5094171762466431,SEARCH_FOLD_C,0.5094171762466431
2021-07-06,2021-07-07,RELIANCE,0.0,0.5094597339630127,SEARCH_FOLD_C,0.5094597339630127
2021-07-07,2021-07-08,RELIANCE,0.0,0.5094746947288513,SEARCH_FOLD_C,0.5094746947288513
2021-07-08,2021-07-09,RELIANCE,0.0,0.509524405002594,SEARCH_FOLD_C,0.509524405002594
2021-07-09,2021-07-12,RELIANCE,1.0,0.509566605091095,SEARCH_FOLD_C,0.509566605091095
2021-07-12,2021-07-13,RELIANCE,1.0,0.5096375942230225,SEARCH_FOLD_C,0.5096375942230225
2021-07-13,2021-07-14,RELIANCE,0.0,0.509658932685852,SEARCH_FOLD_C,0.509658932685852
2021-07-14,2021-07-15,RELIANCE,0.0,0.5096598267555237,SEARCH_FOLD_C,0.5096598267555237
2021-07-15,2021-07-16,RELIANCE,1.0,0.5096607804298401,SEARCH_FOLD_C,0.5096607804298401
2021-07-16,2021-07-19,RELIANCE,0.0,0.5096390247344971,SEARCH_FOLD_C,0.5096390247344971
2021-07-19,2021-07-20,RELIANCE,0.0,0.5096209049224854,SEARCH_FOLD_C,0.5096209049224854
2021-07-20,2021-07-22,RELIANCE,1.0,0.5095966458320618,SEARCH_FOLD_C,0.5095966458320618
2021-07-22,2021-07-23,RELIANCE,0.0,0.5095646381378174,SEARCH_FOLD_C,0.5095646381378174
2021-07-23,2021-07-26,RELIANCE,0.0,0.5095412731170654,SEARCH_FOLD_C,0.5095412731170654
2021-07-26,2021-07-27,RELIANCE,0.0,0.5095155239105225,SEARCH_FOLD_C,0.5095155239105225
2021-07-27,2021-07-28,RELIANCE,0.0,0.5095106363296509,SEARCH_FOLD_C,0.5095106363296509
2021-07-28,2021-07-29,RELIANCE,1.0,0.5095083117485046,SEARCH_FOLD_C,0.5095083117485046
2021-07-29,2021-07-30,RELIANCE,0.0,0.5094854235649109,SEARCH_FOLD_C,0.5094854235649109
2021-07-30,2021-08-02,RELIANCE,1.0,0.50946444272995,SEARCH_FOLD_C,0.50946444272995
2021-08-02,2021-08-03,RELIANCE,1.0,0.5094687342643738,SEARCH_FOLD_C,0.5094687342643738
2021-08-03,2021-08-04,RELIANCE,1.0,0.5094281435012817,SEARCH_FOLD_C,0.5094281435012817
2021-08-04,2021-08-05,RELIANCE,1.0,0.5093737244606018,SEARCH_FOLD_C,0.5093737244606018
2021-08-05,2021-08-06,RELIANCE,0.0,0.5093035697937012,SEARCH_FOLD_C,0.5093035697937012
2021-08-06,2021-08-09,RELIANCE,0.0,0.509320080280304,SEARCH_FOLD_C,0.509320080280304
2021-08-09,2021-08-10,RELIANCE,1.0,0.5092854499816895,SEARCH_FOLD_C,0.5092854499816895
2021-08-10,2021-08-11,RELIANCE,1.0,0.5092008709907532,SEARCH_FOLD_C,0.5092008709907532
2021-08-11,2021-08-12,RELIANCE,0.0,0.5091269016265869,SEARCH_FOLD_C,0.5091269016265869
2021-08-12,2021-08-13,RELIANCE,1.0,0.5090463757514954,SEARCH_FOLD_C,0.5090463757514954
2021-08-13,2021-08-16,RELIANCE,1.0,0.5089524388313293,SEARCH_FOLD_C,0.5089524388313293
2021-08-16,2021-08-17,RELIANCE,0.0,0.5088635087013245,SEARCH_FOLD_C,0.5088635087013245
2021-08-17,2021-08-18,RELIANCE,1.0,0.5087974071502686,SEARCH_FOLD_C,0.5087974071502686
2021-08-18,2021-08-20,RELIANCE,0.0,0.5087363719940186,SEARCH_FOLD_C,0.5087363719940186
2021-08-20,2021-08-23,RELIANCE,1.0,0.5086812973022461,SEARCH_FOLD_C,0.5086812973022461
2021-08-23,2021-08-24,RELIANCE,1.0,0.5086304545402527,SEARCH_FOLD_C,0.5086304545402527
2021-08-24,2021-08-25,RELIANCE,1.0,0.5085675716400146,SEARCH_FOLD_C,0.5085675716400146
2021-08-25,2021-08-26,RELIANCE,1.0,0.5085070729255676,SEARCH_FOLD_C,0.5085070729255676
2021-08-26,2021-08-27,RELIANCE,0.0,0.508448600769043,SEARCH_FOLD_C,0.508448600769043
2021-08-27,2021-08-30,RELIANCE,1.0,0.5084014534950256,SEARCH_FOLD_C,0.5084014534950256
2021-08-30,2021-08-31,RELIANCE,0.0,0.5083526968955994,SEARCH_FOLD_C,0.5083526968955994
2021-08-31,2021-09-01,RELIANCE,1.0,0.5083065032958984,SEARCH_FOLD_C,0.5083065032958984
2021-09-01,2021-09-02,RELIANCE,1.0,0.5082684755325317,SEARCH_FOLD_C,0.5082684755325317
2021-09-02,2021-09-03,RELIANCE,1.0,0.5082190632820129,SEARCH_FOLD_C,0.5082190632820129
2021-09-03,2021-09-06,RELIANCE,1.0,0.5081828236579895,SEARCH_FOLD_C,0.5081828236579895
2021-09-06,2021-09-07,RELIANCE,1.0,0.508172869682312,SEARCH_FOLD_C,0.508172869682312
2021-09-07,2021-09-08,RELIANCE,0.0,0.5081652998924255,SEARCH_FOLD_C,0.5081652998924255
2021-09-08,2021-09-09,RELIANCE,0.0,0.5081385970115662,SEARCH_FOLD_C,0.5081385970115662
2021-09-09,2021-09-13,RELIANCE,0.0,0.5081080198287964,SEARCH_FOLD_C,0.5081080198287964
2021-09-13,2021-09-14,RELIANCE,0.0,0.5080958604812622,SEARCH_FOLD_C,0.5080958604812622
2021-09-14,2021-09-15,RELIANCE,1.0,0.5080658197402954,SEARCH_FOLD_C,0.5080658197402954
2021-09-15,2021-09-16,RELIANCE,1.0,0.5080384016036987,SEARCH_FOLD_C,0.5080384016036987
2021-09-16,2021-09-17,RELIANCE,0.0,0.508026659488678,SEARCH_FOLD_C,0.508026659488678
2021-09-17,2021-09-20,RELIANCE,1.0,0.508022665977478,SEARCH_FOLD_C,0.508022665977478
2021-09-20,2021-09-21,RELIANCE,1.0,0.5080543160438538,SEARCH_FOLD_C,0.5080543160438538
2021-09-21,2021-09-22,RELIANCE,1.0,0.508060097694397,SEARCH_FOLD_C,0.508060097694397
2021-09-22,2021-09-23,RELIANCE,1.0,0.5080200433731079,SEARCH_FOLD_C,0.5080200433731079
2021-09-23,2021-09-24,RELIANCE,0.0,0.5079947710037231,SEARCH_FOLD_C,0.5079947710037231
2021-09-24,2021-09-27,RELIANCE,1.0,0.5079641938209534,SEARCH_FOLD_C,0.5079641938209534
2021-09-27,2021-09-28,RELIANCE,1.0,0.5079339146614075,SEARCH_FOLD_C,0.5079339146614075
2021-09-28,2021-09-29,RELIANCE,0.0,0.5079032778739929,SEARCH_FOLD_C,0.5079032778739929
2021-09-29,2021-09-30,RELIANCE,0.0,0.5079086422920227,SEARCH_FOLD_C,0.5079086422920227
2021-09-30,2021-10-01,RELIANCE,1.0,0.5078984498977661,SEARCH_FOLD_C,0.5078984498977661
2021-10-01,2021-10-04,RELIANCE,1.0,0.5078832507133484,SEARCH_FOLD_C,0.5078832507133484
2021-10-04,2021-10-05,RELIANCE,1.0,0.5078561902046204,SEARCH_FOLD_C,0.5078561902046204
2021-10-05,2021-10-06,RELIANCE,0.0,0.5078219771385193,SEARCH_FOLD_C,0.5078219771385193
2021-10-06,2021-10-07,RELIANCE,1.0,0.5077953338623047,SEARCH_FOLD_C,0.5077953338623047
2021-10-07,2021-10-08,RELIANCE,1.0,0.5077788829803467,SEARCH_FOLD_C,0.5077788829803467
2021-10-08,2021-10-11,RELIANCE,0.0,0.5077781081199646,SEARCH_FOLD_C,0.5077781081199646
2021-10-11,2021-10-12,RELIANCE,1.0,0.5077598690986633,SEARCH_FOLD_C,0.5077598690986633
2021-10-12,2021-10-13,RELIANCE,1.0,0.507742702960968,SEARCH_FOLD_C,0.507742702960968
2021-10-13,2021-10-14,RELIANCE,1.0,0.5077519416809082,SEARCH_FOLD_C,0.5077519416809082
2021-10-14,2021-10-18,RELIANCE,1.0,0.5077358484268188,SEARCH_FOLD_C,0.5077358484268188
2021-10-18,2021-10-19,RELIANCE,1.0,0.5077008008956909,SEARCH_FOLD_C,0.5077008008956909
2021-10-19,2021-10-20,RELIANCE,0.0,0.5076557397842407,SEARCH_FOLD_C,0.5076557397842407
2021-10-20,2021-10-21,RELIANCE,0.0,0.5076242089271545,SEARCH_FOLD_C,0.5076242089271545
2021-10-21,2021-10-22,RELIANCE,1.0,0.5075832605361938,SEARCH_FOLD_C,0.5075832605361938
2021-10-22,2021-10-25,RELIANCE,0.0,0.5075605511665344,SEARCH_FOLD_C,0.5075605511665344
2021-10-25,2021-10-26,RELIANCE,1.0,0.5075675249099731,SEARCH_FOLD_C,0.5075675249099731
2021-10-26,2021-10-27,RELIANCE,0.0,0.5076006054878235,SEARCH_FOLD_C,0.5076006054878235
2021-10-27,2021-10-28,RELIANCE,0.0,0.5076490640640259,SEARCH_FOLD_C,0.5076490640640259
2021-10-28,2021-10-29,RELIANCE,0.0,0.5077166557312012,SEARCH_FOLD_C,0.5077166557312012
2021-10-29,2021-11-01,RELIANCE,1.0,0.507807731628418,SEARCH_FOLD_C,0.507807731628418
2021-11-01,2021-11-02,RELIANCE,0.0,0.5079420208930969,SEARCH_FOLD_C,0.5079420208930969
2021-11-02,2021-11-03,RELIANCE,0.0,0.5080646872520447,SEARCH_FOLD_C,0.5080646872520447
2021-11-03,2021-11-04,RELIANCE,1.0,0.5082036852836609,SEARCH_FOLD_C,0.5082036852836609
2021-11-04,2021-11-08,RELIANCE,1.0,0.5083661079406738,SEARCH_FOLD_C,0.5083661079406738
2021-11-08,2021-11-09,RELIANCE,1.0,0.5085424780845642,SEARCH_FOLD_C,0.5085424780845642
2021-11-09,2021-11-10,RELIANCE,1.0,0.5087152719497681,SEARCH_FOLD_C,0.5087152719497681
2021-11-10,2021-11-11,RELIANCE,1.0,0.5088851451873779,SEARCH_FOLD_C,0.5088851451873779
2021-11-11,2021-11-12,RELIANCE,1.0,0.509048342704773,SEARCH_FOLD_C,0.509048342704773
2021-11-12,2021-11-15,RELIANCE,0.0,0.5091826319694519,SEARCH_FOLD_C,0.5091826319694519
2021-11-15,2021-11-16,RELIANCE,0.0,0.5092976689338684,SEARCH_FOLD_C,0.5092976689338684
2021-11-16,2021-11-17,RELIANCE,0.0,0.5093894004821777,SEARCH_FOLD_C,0.5093894004821777
2021-11-17,2021-11-18,RELIANCE,1.0,0.5095098614692688,SEARCH_FOLD_C,0.5095098614692688
2021-11-18,2021-11-22,RELIANCE,0.0,0.5096491575241089,SEARCH_FOLD_C,0.5096491575241089
2021-11-22,2021-11-23,RELIANCE,1.0,0.5097576975822449,SEARCH_FOLD_C,0.5097576975822449
2021-11-23,2021-11-24,RELIANCE,0.0,0.5098904371261597,SEARCH_FOLD_C,0.5098904371261597
2021-11-24,2021-11-25,RELIANCE,1.0,0.5100309252738953,SEARCH_FOLD_C,0.5100309252738953
2021-11-25,2021-11-26,RELIANCE,0.0,0.5102081298828125,SEARCH_FOLD_C,0.5102081298828125
2021-11-26,2021-11-29,RELIANCE,1.0,0.5103713870048523,SEARCH_FOLD_C,0.5103713870048523
2021-11-29,2021-11-30,RELIANCE,0.0,0.5105562806129456,SEARCH_FOLD_C,0.5105562806129456
2021-11-30,2021-12-01,RELIANCE,1.0,0.5107417702674866,SEARCH_FOLD_C,0.5107417702674866
2021-12-01,2021-12-02,RELIANCE,1.0,0.510947585105896,SEARCH_FOLD_C,0.510947585105896
2021-12-02,2021-12-03,RELIANCE,0.0,0.5111528038978577,SEARCH_FOLD_C,0.5111528038978577
2021-12-03,2021-12-06,RELIANCE,0.0,0.5113310813903809,SEARCH_FOLD_C,0.5113310813903809
2021-12-06,2021-12-07,RELIANCE,1.0,0.5114673376083374,SEARCH_FOLD_C,0.5114673376083374
2021-12-07,2021-12-08,RELIANCE,1.0,0.5115984678268433,SEARCH_FOLD_C,0.5115984678268433
2021-12-08,2021-12-09,RELIANCE,1.0,0.5117276310920715,SEARCH_FOLD_C,0.5117276310920715
2021-12-09,2021-12-10,RELIANCE,1.0,0.511843740940094,SEARCH_FOLD_C,0.511843740940094
2021-12-10,2021-12-13,RELIANCE,0.0,0.5119291543960571,SEARCH_FOLD_C,0.5119291543960571
2021-12-13,2021-12-14,RELIANCE,0.0,0.5119878053665161,SEARCH_FOLD_C,0.5119878053665161
2021-12-14,2021-12-15,RELIANCE,0.0,0.5120192170143127,SEARCH_FOLD_C,0.5120192170143127
2021-12-15,2021-12-16,RELIANCE,1.0,0.5120381116867065,SEARCH_FOLD_C,0.5120381116867065
2021-12-16,2021-12-17,RELIANCE,0.0,0.5120513439178467,SEARCH_FOLD_C,0.5120513439178467
2021-12-17,2021-12-20,RELIANCE,0.0,0.5120588541030884,SEARCH_FOLD_C,0.5120588541030884
2021-12-20,2021-12-21,RELIANCE,1.0,0.5120502710342407,SEARCH_FOLD_C,0.5120502710342407
2021-12-21,2021-12-22,RELIANCE,1.0,0.5121182799339294,SEARCH_FOLD_C,0.5121182799339294
2021-12-22,2021-12-23,RELIANCE,0.0,0.5122338533401489,SEARCH_FOLD_C,0.5122338533401489
2021-12-23,2021-12-24,RELIANCE,1.0,0.5123543739318848,SEARCH_FOLD_C,0.5123543739318848
2021-12-24,2021-12-27,RELIANCE,0.0,0.5124906897544861,SEARCH_FOLD_C,0.5124906897544861
2021-12-27,2021-12-28,RELIANCE,1.0,0.512626588344574,SEARCH_FOLD_C,0.512626588344574
2021-12-28,2021-12-29,RELIANCE,1.0,0.5127471089363098,SEARCH_FOLD_C,0.5127471089363098
2021-12-29,2021-12-30,RELIANCE,0.0,0.5128275156021118,SEARCH_FOLD_C,0.5128275156021118
2021-12-30,2021-12-31,RELIANCE,1.0,0.5128480195999146,SEARCH_FOLD_C,0.5128480195999146
2021-01-01,2021-01-04,TCS,1.0,0.5298506021499634,SEARCH_FOLD_C,0.5298506021499634
2021-01-04,2021-01-05,TCS,1.0,0.5290111899375916,SEARCH_FOLD_C,0.5290111899375916
2021-01-05,2021-01-06,TCS,0.0,0.5283352732658386,SEARCH_FOLD_C,0.5283352732658386
2021-01-06,2021-01-07,TCS,0.0,0.5282366275787354,SEARCH_FOLD_C,0.5282366275787354
2021-01-07,2021-01-08,TCS,1.0,0.5281217098236084,SEARCH_FOLD_C,0.5281217098236084
2021-01-08,2021-01-11,TCS,1.0,0.5278205871582031,SEARCH_FOLD_C,0.5278205871582031
2021-01-11,2021-01-12,TCS,0.0,0.5276983380317688,SEARCH_FOLD_C,0.5276983380317688
2021-01-12,2021-01-13,TCS,0.0,0.5271312594413757,SEARCH_FOLD_C,0.5271312594413757
2021-01-13,2021-01-14,TCS,1.0,0.5270086526870728,SEARCH_FOLD_C,0.5270086526870728
2021-01-14,2021-01-15,TCS,0.0,0.5269879102706909,SEARCH_FOLD_C,0.5269879102706909
2021-01-15,2021-01-18,TCS,0.0,0.5265111327171326,SEARCH_FOLD_C,0.5265111327171326
2021-01-18,2021-01-19,TCS,1.0,0.5262537598609924,SEARCH_FOLD_C,0.5262537598609924
2021-01-19,2021-01-20,TCS,1.0,0.526076078414917,SEARCH_FOLD_C,0.526076078414917
2021-01-20,2021-01-21,TCS,0.0,0.5263115763664246,SEARCH_FOLD_C,0.5263115763664246
2021-01-21,2021-01-22,TCS,1.0,0.5266625285148621,SEARCH_FOLD_C,0.5266625285148621
2021-01-22,2021-01-25,TCS,0.0,0.5268083810806274,SEARCH_FOLD_C,0.5268083810806274
2021-01-25,2021-01-27,TCS,0.0,0.5270109176635742,SEARCH_FOLD_C,0.5270109176635742
2021-01-27,2021-01-28,TCS,0.0,0.5273718237876892,SEARCH_FOLD_C,0.5273718237876892
2021-01-28,2021-01-29,TCS,0.0,0.5274596810340881,SEARCH_FOLD_C,0.5274596810340881
2021-01-29,2021-02-01,TCS,1.0,0.5280869007110596,SEARCH_FOLD_C,0.5280869007110596
2021-02-01,2021-02-02,TCS,1.0,0.5289912819862366,SEARCH_FOLD_C,0.5289912819862366
2021-02-02,2021-02-03,TCS,0.0,0.530094563961029,SEARCH_FOLD_C,0.530094563961029
2021-02-03,2021-02-04,TCS,0.0,0.5308293700218201,SEARCH_FOLD_C,0.5308293700218201
2021-02-04,2021-02-05,TCS,0.0,0.5319881439208984,SEARCH_FOLD_C,0.5319881439208984
2021-02-05,2021-02-08,TCS,1.0,0.5333251953125,SEARCH_FOLD_C,0.5333251953125
2021-02-08,2021-02-09,TCS,0.0,0.5346490144729614,SEARCH_FOLD_C,0.5346490144729614
2021-02-09,2021-02-10,TCS,1.0,0.5360676050186157,SEARCH_FOLD_C,0.5360676050186157
2021-02-10,2021-02-11,TCS,0.0,0.5374849438667297,SEARCH_FOLD_C,0.5374849438667297
2021-02-11,2021-02-12,TCS,0.0,0.5386676788330078,SEARCH_FOLD_C,0.5386676788330078
2021-02-12,2021-02-15,TCS,0.0,0.5393421053886414,SEARCH_FOLD_C,0.5393421053886414
2021-02-15,2021-02-16,TCS,0.0,0.5403674840927124,SEARCH_FOLD_C,0.5403674840927124
2021-02-16,2021-02-17,TCS,0.0,0.5418002605438232,SEARCH_FOLD_C,0.5418002605438232
2021-02-17,2021-02-18,TCS,0.0,0.5434055924415588,SEARCH_FOLD_C,0.5434055924415588
2021-02-18,2021-02-19,TCS,1.0,0.544768750667572,SEARCH_FOLD_C,0.544768750667572
2021-02-19,2021-02-22,TCS,0.0,0.5459991097450256,SEARCH_FOLD_C,0.5459991097450256
2021-02-22,2021-02-23,TCS,1.0,0.5475302934646606,SEARCH_FOLD_C,0.5475302934646606
2021-02-23,2021-02-24,TCS,0.0,0.5491269826889038,SEARCH_FOLD_C,0.5491269826889038
2021-02-24,2021-02-25,TCS,1.0,0.5507251024246216,SEARCH_FOLD_C,0.5507251024246216
2021-02-25,2021-02-26,TCS,0.0,0.5521947145462036,SEARCH_FOLD_C,0.5521947145462036
2021-02-26,2021-03-01,TCS,1.0,0.5538687705993652,SEARCH_FOLD_C,0.5538687705993652
2021-03-01,2021-03-02,TCS,1.0,0.5553273558616638,SEARCH_FOLD_C,0.5553273558616638
2021-03-02,2021-03-03,TCS,1.0,0.5566080808639526,SEARCH_FOLD_C,0.5566080808639526
2021-03-03,2021-03-04,TCS,0.0,0.5579190254211426,SEARCH_FOLD_C,0.5579190254211426
2021-03-04,2021-03-05,TCS,0.0,0.5592293739318848,SEARCH_FOLD_C,0.5592293739318848
2021-03-05,2021-03-08,TCS,0.0,0.5601721405982971,SEARCH_FOLD_C,0.5601721405982971
2021-03-08,2021-03-09,TCS,1.0,0.561101496219635,SEARCH_FOLD_C,0.561101496219635
2021-03-09,2021-03-10,TCS,1.0,0.5618048906326294,SEARCH_FOLD_C,0.5618048906326294
2021-03-10,2021-03-12,TCS,0.0,0.5621999502182007,SEARCH_FOLD_C,0.5621999502182007
2021-03-12,2021-03-15,TCS,1.0,0.5621322393417358,SEARCH_FOLD_C,0.5621322393417358
2021-03-15,2021-03-16,TCS,1.0,0.5615142583847046,SEARCH_FOLD_C,0.5615142583847046
2021-03-16,2021-03-17,TCS,1.0,0.5607098340988159,SEARCH_FOLD_C,0.5607098340988159
2021-03-17,2021-03-18,TCS,0.0,0.55998694896698,SEARCH_FOLD_C,0.55998694896698
2021-03-18,2021-03-19,TCS,1.0,0.5591785311698914,SEARCH_FOLD_C,0.5591785311698914
2021-03-19,2021-03-22,TCS,1.0,0.5583184361457825,SEARCH_FOLD_C,0.5583184361457825
2021-03-22,2021-03-23,TCS,1.0,0.5572283267974854,SEARCH_FOLD_C,0.5572283267974854
2021-03-23,2021-03-24,TCS,0.0,0.5564036965370178,SEARCH_FOLD_C,0.5564036965370178
2021-03-24,2021-03-25,TCS,0.0,0.5553227066993713,SEARCH_FOLD_C,0.5553227066993713
2021-03-25,2021-03-26,TCS,1.0,0.5545039772987366,SEARCH_FOLD_C,0.5545039772987366
2021-03-26,2021-03-30,TCS,1.0,0.5537253618240356,SEARCH_FOLD_C,0.5537253618240356
2021-03-30,2021-03-31,TCS,1.0,0.5529948472976685,SEARCH_FOLD_C,0.5529948472976685
2021-03-31,2021-04-01,TCS,0.0,0.5520191788673401,SEARCH_FOLD_C,0.5520191788673401
2021-04-01,2021-04-05,TCS,1.0,0.5509446859359741,SEARCH_FOLD_C,0.5509446859359741
2021-04-05,2021-04-06,TCS,1.0,0.5497189164161682,SEARCH_FOLD_C,0.5497189164161682
2021-04-06,2021-04-07,TCS,1.0,0.5484442114830017,SEARCH_FOLD_C,0.5484442114830017
2021-04-07,2021-04-08,TCS,1.0,0.547276496887207,SEARCH_FOLD_C,0.547276496887207
2021-04-08,2021-04-09,TCS,1.0,0.5456162095069885,SEARCH_FOLD_C,0.5456162095069885
2021-04-09,2021-04-12,TCS,0.0,0.5440906286239624,SEARCH_FOLD_C,0.5440906286239624
2021-04-12,2021-04-13,TCS,0.0,0.542489767074585,SEARCH_FOLD_C,0.542489767074585
2021-04-13,2021-04-15,TCS,1.0,0.541396975517273,SEARCH_FOLD_C,0.541396975517273
2021-04-15,2021-04-16,TCS,0.0,0.5399945974349976,SEARCH_FOLD_C,0.5399945974349976
2021-04-16,2021-04-19,TCS,0.0,0.538858950138092,SEARCH_FOLD_C,0.538858950138092
2021-04-19,2021-04-20,TCS,0.0,0.5382958650588989,SEARCH_FOLD_C,0.5382958650588989
2021-04-20,2021-04-22,TCS,0.0,0.5381844639778137,SEARCH_FOLD_C,0.5381844639778137
2021-04-22,2021-04-23,TCS,0.0,0.538233757019043,SEARCH_FOLD_C,0.538233757019043
2021-04-23,2021-04-26,TCS,0.0,0.5382331609725952,SEARCH_FOLD_C,0.5382331609725952
2021-04-26,2021-04-27,TCS,1.0,0.5384128093719482,SEARCH_FOLD_C,0.5384128093719482
2021-04-27,2021-04-28,TCS,0.0,0.5389788746833801,SEARCH_FOLD_C,0.5389788746833801
2021-04-28,2021-04-29,TCS,0.0,0.5397695899009705,SEARCH_FOLD_C,0.5397695899009705
2021-04-29,2021-04-30,TCS,0.0,0.540526270866394,SEARCH_FOLD_C,0.540526270866394
2021-04-30,2021-05-03,TCS,1.0,0.5414291024208069,SEARCH_FOLD_C,0.5414291024208069
2021-05-03,2021-05-04,TCS,1.0,0.5427359342575073,SEARCH_FOLD_C,0.5427359342575073
2021-05-04,2021-05-05,TCS,1.0,0.5440638065338135,SEARCH_FOLD_C,0.5440638065338135
2021-05-05,2021-05-06,TCS,1.0,0.5447236895561218,SEARCH_FOLD_C,0.5447236895561218
2021-05-06,2021-05-07,TCS,1.0,0.5454562306404114,SEARCH_FOLD_C,0.5454562306404114
2021-05-07,2021-05-10,TCS,1.0,0.5465438961982727,SEARCH_FOLD_C,0.5465438961982727
2021-05-10,2021-05-11,TCS,0.0,0.5476329922676086,SEARCH_FOLD_C,0.5476329922676086
2021-05-11,2021-05-12,TCS,0.0,0.5484486222267151,SEARCH_FOLD_C,0.5484486222267151
2021-05-12,2021-05-14,TCS,0.0,0.5487736463546753,SEARCH_FOLD_C,0.5487736463546753
2021-05-14,2021-05-17,TCS,1.0,0.5490447878837585,SEARCH_FOLD_C,0.5490447878837585
2021-05-17,2021-05-18,TCS,1.0,0.5498405694961548,SEARCH_FOLD_C,0.5498405694961548
2021-05-18,2021-05-19,TCS,0.0,0.5505899786949158,SEARCH_FOLD_C,0.5505899786949158
2021-05-19,2021-05-20,TCS,0.0,0.5511683225631714,SEARCH_FOLD_C,0.5511683225631714
2021-05-20,2021-05-21,TCS,1.0,0.5520908236503601,SEARCH_FOLD_C,0.5520908236503601
2021-05-21,2021-05-24,TCS,1.0,0.5530410408973694,SEARCH_FOLD_C,0.5530410408973694
2021-05-24,2021-05-25,TCS,1.0,0.5539680123329163,SEARCH_FOLD_C,0.5539680123329163
2021-05-25,2021-05-26,TCS,1.0,0.5550200343132019,SEARCH_FOLD_C,0.5550200343132019
2021-05-26,2021-05-27,TCS,1.0,0.5559459328651428,SEARCH_FOLD_C,0.5559459328651428
2021-05-27,2021-05-28,TCS,0.0,0.5561560392379761,SEARCH_FOLD_C,0.5561560392379761
2021-05-28,2021-05-31,TCS,1.0,0.5553892254829407,SEARCH_FOLD_C,0.5553892254829407
2021-05-31,2021-06-01,TCS,0.0,0.5549959540367126,SEARCH_FOLD_C,0.5549959540367126
2021-06-01,2021-06-02,TCS,0.0,0.5541974902153015,SEARCH_FOLD_C,0.5541974902153015
2021-06-02,2021-06-03,TCS,1.0,0.5532128214836121,SEARCH_FOLD_C,0.5532128214836121
2021-06-03,2021-06-04,TCS,1.0,0.552148163318634,SEARCH_FOLD_C,0.552148163318634
2021-06-04,2021-06-07,TCS,1.0,0.5509231090545654,SEARCH_FOLD_C,0.5509231090545654
2021-06-07,2021-06-08,TCS,1.0,0.5496584177017212,SEARCH_FOLD_C,0.5496584177017212
2021-06-08,2021-06-09,TCS,1.0,0.5483277440071106,SEARCH_FOLD_C,0.5483277440071106
2021-06-09,2021-06-10,TCS,1.0,0.5471598505973816,SEARCH_FOLD_C,0.5471598505973816
2021-06-10,2021-06-11,TCS,1.0,0.5459524989128113,SEARCH_FOLD_C,0.5459524989128113
2021-06-11,2021-06-14,TCS,1.0,0.5446980595588684,SEARCH_FOLD_C,0.5446980595588684
2021-06-14,2021-06-15,TCS,0.0,0.5430521965026855,SEARCH_FOLD_C,0.5430521965026855
2021-06-15,2021-06-16,TCS,1.0,0.5414180159568787,SEARCH_FOLD_C,0.5414180159568787
2021-06-16,2021-06-17,TCS,1.0,0.5398572683334351,SEARCH_FOLD_C,0.5398572683334351
2021-06-17,2021-06-18,TCS,0.0,0.5386130213737488,SEARCH_FOLD_C,0.5386130213737488
2021-06-18,2021-06-21,TCS,0.0,0.5374992489814758,SEARCH_FOLD_C,0.5374992489814758
2021-06-21,2021-06-22,TCS,1.0,0.5366618633270264,SEARCH_FOLD_C,0.5366618633270264
2021-06-22,2021-06-23,TCS,0.0,0.5360596179962158,SEARCH_FOLD_C,0.5360596179962158
2021-06-23,2021-06-24,TCS,1.0,0.5354493260383606,SEARCH_FOLD_C,0.5354493260383606
2021-06-24,2021-06-25,TCS,1.0,0.534674882888794,SEARCH_FOLD_C,0.534674882888794
2021-06-25,2021-06-28,TCS,0.0,0.5337706208229065,SEARCH_FOLD_C,0.5337706208229065
2021-06-28,2021-06-29,TCS,1.0,0.5331934094429016,SEARCH_FOLD_C,0.5331934094429016
2021-06-29,2021-06-30,TCS,1.0,0.532793402671814,SEARCH_FOLD_C,0.532793402671814
2021-06-30,2021-07-01,TCS,0.0,0.5323849320411682,SEARCH_FOLD_C,0.5323849320411682
2021-07-01,2021-07-02,TCS,0.0,0.531851589679718,SEARCH_FOLD_C,0.531851589679718
2021-07-02,2021-07-05,TCS,0.0,0.5315707921981812,SEARCH_FOLD_C,0.5315707921981812
2021-07-05,2021-07-06,TCS,0.0,0.5313414335250854,SEARCH_FOLD_C,0.5313414335250854
2021-07-06,2021-07-07,TCS,1.0,0.5314897298812866,SEARCH_FOLD_C,0.5314897298812866
2021-07-07,2021-07-08,TCS,0.0,0.5320940017700195,SEARCH_FOLD_C,0.5320940017700195
2021-07-08,2021-07-09,TCS,0.0,0.5329380035400391,SEARCH_FOLD_C,0.5329380035400391
2021-07-09,2021-07-12,TCS,0.0,0.5335881114006042,SEARCH_FOLD_C,0.5335881114006042
2021-07-12,2021-07-13,TCS,0.0,0.5345357656478882,SEARCH_FOLD_C,0.5345357656478882
2021-07-13,2021-07-14,TCS,1.0,0.5354874134063721,SEARCH_FOLD_C,0.5354874134063721
2021-07-14,2021-07-15,TCS,0.0,0.5362324714660645,SEARCH_FOLD_C,0.5362324714660645
2021-07-15,2021-07-16,TCS,0.0,0.5370598435401917,SEARCH_FOLD_C,0.5370598435401917
2021-07-16,2021-07-19,TCS,0.0,0.5378535985946655,SEARCH_FOLD_C,0.5378535985946655
2021-07-19,2021-07-20,TCS,1.0,0.5388885140419006,SEARCH_FOLD_C,0.5388885140419006
2021-07-20,2021-07-22,TCS,1.0,0.5399646162986755,SEARCH_FOLD_C,0.5399646162986755
2021-07-22,2021-07-23,TCS,0.0,0.5409746766090393,SEARCH_FOLD_C,0.5409746766090393
2021-07-23,2021-07-26,TCS,0.0,0.5420143008232117,SEARCH_FOLD_C,0.5420143008232117
2021-07-26,2021-07-27,TCS,0.0,0.5432612895965576,SEARCH_FOLD_C,0.5432612895965576
2021-07-27,2021-07-28,TCS,1.0,0.5444594621658325,SEARCH_FOLD_C,0.5444594621658325
2021-07-28,2021-07-29,TCS,0.0,0.5454744100570679,SEARCH_FOLD_C,0.5454744100570679
2021-07-29,2021-07-30,TCS,0.0,0.5464677810668945,SEARCH_FOLD_C,0.5464677810668945
2021-07-30,2021-08-02,TCS,1.0,0.5476290583610535,SEARCH_FOLD_C,0.5476290583610535
2021-08-02,2021-08-03,TCS,1.0,0.5484845042228699,SEARCH_FOLD_C,0.5484845042228699
2021-08-03,2021-08-04,TCS,0.0,0.5489562749862671,SEARCH_FOLD_C,0.5489562749862671
2021-08-04,2021-08-05,TCS,1.0,0.5494203567504883,SEARCH_FOLD_C,0.5494203567504883
2021-08-05,2021-08-06,TCS,1.0,0.5493224859237671,SEARCH_FOLD_C,0.5493224859237671
2021-08-06,2021-08-09,TCS,1.0,0.5496582388877869,SEARCH_FOLD_C,0.5496582388877869
2021-08-09,2021-08-10,TCS,1.0,0.5498447418212891,SEARCH_FOLD_C,0.5498447418212891
2021-08-10,2021-08-11,TCS,1.0,0.549582839012146,SEARCH_FOLD_C,0.549582839012146
2021-08-11,2021-08-12,TCS,1.0,0.5492756366729736,SEARCH_FOLD_C,0.5492756366729736
2021-08-12,2021-08-13,TCS,1.0,0.5489147901535034,SEARCH_FOLD_C,0.5489147901535034
2021-08-13,2021-08-16,TCS,1.0,0.5484142303466797,SEARCH_FOLD_C,0.5484142303466797
2021-08-16,2021-08-17,TCS,1.0,0.5477103590965271,SEARCH_FOLD_C,0.5477103590965271
2021-08-17,2021-08-18,TCS,1.0,0.5469056367874146,SEARCH_FOLD_C,0.5469056367874146
2021-08-18,2021-08-20,TCS,0.0,0.5455681085586548,SEARCH_FOLD_C,0.5455681085586548
2021-08-20,2021-08-23,TCS,1.0,0.5443299412727356,SEARCH_FOLD_C,0.5443299412727356
2021-08-23,2021-08-24,TCS,0.0,0.5429220795631409,SEARCH_FOLD_C,0.5429220795631409
2021-08-24,2021-08-25,TCS,1.0,0.5412795543670654,SEARCH_FOLD_C,0.5412795543670654
2021-08-25,2021-08-26,TCS,1.0,0.5395459532737732,SEARCH_FOLD_C,0.5395459532737732
2021-08-26,2021-08-27,TCS,1.0,0.537850022315979,SEARCH_FOLD_C,0.537850022315979
2021-08-27,2021-08-30,TCS,0.0,0.5364170670509338,SEARCH_FOLD_C,0.5364170670509338
2021-08-30,2021-08-31,TCS,1.0,0.5350182056427002,SEARCH_FOLD_C,0.5350182056427002
2021-08-31,2021-09-01,TCS,0.0,0.5336616039276123,SEARCH_FOLD_C,0.5336616039276123
2021-09-01,2021-09-02,TCS,1.0,0.5324092507362366,SEARCH_FOLD_C,0.5324092507362366
2021-09-02,2021-09-03,TCS,1.0,0.5314314961433411,SEARCH_FOLD_C,0.5314314961433411
2021-09-03,2021-09-06,TCS,1.0,0.5306428074836731,SEARCH_FOLD_C,0.5306428074836731
2021-09-06,2021-09-07,TCS,0.0,0.5300301909446716,SEARCH_FOLD_C,0.5300301909446716
2021-09-07,2021-09-08,TCS,0.0,0.5294433832168579,SEARCH_FOLD_C,0.5294433832168579
2021-09-08,2021-09-09,TCS,1.0,0.5289096832275391,SEARCH_FOLD_C,0.5289096832275391
2021-09-09,2021-09-13,TCS,1.0,0.5286213755607605,SEARCH_FOLD_C,0.5286213755607605
2021-09-13,2021-09-14,TCS,1.0,0.5284002423286438,SEARCH_FOLD_C,0.5284002423286438
2021-09-14,2021-09-15,TCS,1.0,0.5279869437217712,SEARCH_FOLD_C,0.5279869437217712
2021-09-15,2021-09-16,TCS,0.0,0.5279748439788818,SEARCH_FOLD_C,0.5279748439788818
2021-09-16,2021-09-17,TCS,0.0,0.5284732580184937,SEARCH_FOLD_C,0.5284732580184937
2021-09-17,2021-09-20,TCS,0.0,0.5289877653121948,SEARCH_FOLD_C,0.5289877653121948
2021-09-20,2021-09-21,TCS,1.0,0.5296728610992432,SEARCH_FOLD_C,0.5296728610992432
2021-09-21,2021-09-22,TCS,0.0,0.5305711627006531,SEARCH_FOLD_C,0.5305711627006531
2021-09-22,2021-09-23,TCS,1.0,0.5315888524055481,SEARCH_FOLD_C,0.5315888524055481
2021-09-23,2021-09-24,TCS,1.0,0.5326542258262634,SEARCH_FOLD_C,0.5326542258262634
2021-09-24,2021-09-27,TCS,0.0,0.5337413549423218,SEARCH_FOLD_C,0.5337413549423218
2021-09-27,2021-09-28,TCS,0.0,0.5348363518714905,SEARCH_FOLD_C,0.5348363518714905
2021-09-28,2021-09-29,TCS,1.0,0.5362101793289185,SEARCH_FOLD_C,0.5362101793289185
2021-09-29,2021-09-30,TCS,0.0,0.5376977324485779,SEARCH_FOLD_C,0.5376977324485779
2021-09-30,2021-10-01,TCS,0.0,0.5393606424331665,SEARCH_FOLD_C,0.5393606424331665
2021-10-01,2021-10-04,TCS,1.0,0.5411142110824585,SEARCH_FOLD_C,0.5411142110824585
2021-10-04,2021-10-05,TCS,1.0,0.5428758859634399,SEARCH_FOLD_C,0.5428758859634399
2021-10-05,2021-10-06,TCS,0.0,0.5447148680686951,SEARCH_FOLD_C,0.5447148680686951
2021-10-06,2021-10-07,TCS,1.0,0.5463644862174988,SEARCH_FOLD_C,0.5463644862174988
2021-10-07,2021-10-08,TCS,1.0,0.5480319857597351,SEARCH_FOLD_C,0.5480319857597351
2021-10-08,2021-10-11,TCS,0.0,0.5495988130569458,SEARCH_FOLD_C,0.5495988130569458
2021-10-11,2021-10-12,TCS,0.0,0.5511928796768188,SEARCH_FOLD_C,0.5511928796768188
2021-10-12,2021-10-13,TCS,1.0,0.5526669025421143,SEARCH_FOLD_C,0.5526669025421143
2021-10-13,2021-10-14,TCS,0.0,0.5543558597564697,SEARCH_FOLD_C,0.5543558597564697
2021-10-14,2021-10-18,TCS,1.0,0.5555416345596313,SEARCH_FOLD_C,0.5555416345596313
2021-10-18,2021-10-19,TCS,0.0,0.5570347309112549,SEARCH_FOLD_C,0.5570347309112549
2021-10-19,2021-10-20,TCS,0.0,0.5584574937820435,SEARCH_FOLD_C,0.5584574937820435
2021-10-20,2021-10-21,TCS,0.0,0.5598663091659546,SEARCH_FOLD_C,0.5598663091659546
2021-10-21,2021-10-22,TCS,0.0,0.5609899759292603,SEARCH_FOLD_C,0.5609899759292603
2021-10-22,2021-10-25,TCS,0.0,0.561806321144104,SEARCH_FOLD_C,0.561806321144104
2021-10-25,2021-10-26,TCS,0.0,0.5625348687171936,SEARCH_FOLD_C,0.5625348687171936
2021-10-26,2021-10-27,TCS,1.0,0.5633249878883362,SEARCH_FOLD_C,0.5633249878883362
2021-10-27,2021-10-28,TCS,0.0,0.5642052292823792,SEARCH_FOLD_C,0.5642052292823792
2021-10-28,2021-10-29,TCS,0.0,0.5652648210525513,SEARCH_FOLD_C,0.5652648210525513
2021-10-29,2021-11-01,TCS,1.0,0.5660557746887207,SEARCH_FOLD_C,0.5660557746887207
2021-11-01,2021-11-02,TCS,1.0,0.5664912462234497,SEARCH_FOLD_C,0.5664912462234497
2021-11-02,2021-11-03,TCS,1.0,0.5667327642440796,SEARCH_FOLD_C,0.5667327642440796
2021-11-03,2021-11-04,TCS,1.0,0.567019522190094,SEARCH_FOLD_C,0.567019522190094
2021-11-04,2021-11-08,TCS,0.0,0.5671973824501038,SEARCH_FOLD_C,0.5671973824501038
2021-11-08,2021-11-09,TCS,1.0,0.5673438310623169,SEARCH_FOLD_C,0.5673438310623169
2021-11-09,2021-11-10,TCS,0.0,0.5674360990524292,SEARCH_FOLD_C,0.5674360990524292
2021-11-10,2021-11-11,TCS,1.0,0.5672774314880371,SEARCH_FOLD_C,0.5672774314880371
2021-11-11,2021-11-12,TCS,1.0,0.566734254360199,SEARCH_FOLD_C,0.566734254360199
2021-11-12,2021-11-15,TCS,1.0,0.5661635994911194,SEARCH_FOLD_C,0.5661635994911194
2021-11-15,2021-11-16,TCS,1.0,0.5653369426727295,SEARCH_FOLD_C,0.5653369426727295
2021-11-16,2021-11-17,TCS,0.0,0.5641506910324097,SEARCH_FOLD_C,0.5641506910324097
2021-11-17,2021-11-18,TCS,0.0,0.5630818605422974,SEARCH_FOLD_C,0.5630818605422974
2021-11-18,2021-11-22,TCS,0.0,0.5623268485069275,SEARCH_FOLD_C,0.5623268485069275
2021-11-22,2021-11-23,TCS,1.0,0.5614643692970276,SEARCH_FOLD_C,0.5614643692970276
2021-11-23,2021-11-24,TCS,0.0,0.5611907243728638,SEARCH_FOLD_C,0.5611907243728638
2021-11-24,2021-11-25,TCS,1.0,0.561241090297699,SEARCH_FOLD_C,0.561241090297699
2021-11-25,2021-11-26,TCS,1.0,0.5602879524230957,SEARCH_FOLD_C,0.5602879524230957
2021-11-26,2021-11-29,TCS,1.0,0.5592370629310608,SEARCH_FOLD_C,0.5592370629310608
2021-11-29,2021-11-30,TCS,1.0,0.5582122802734375,SEARCH_FOLD_C,0.5582122802734375
2021-11-30,2021-12-01,TCS,1.0,0.5570948123931885,SEARCH_FOLD_C,0.5570948123931885
2021-12-01,2021-12-02,TCS,1.0,0.5560514330863953,SEARCH_FOLD_C,0.5560514330863953
2021-12-02,2021-12-03,TCS,0.0,0.5548933744430542,SEARCH_FOLD_C,0.5548933744430542
2021-12-03,2021-12-06,TCS,0.0,0.5536458492279053,SEARCH_FOLD_C,0.5536458492279053
2021-12-06,2021-12-07,TCS,1.0,0.5522962808609009,SEARCH_FOLD_C,0.5522962808609009
2021-12-07,2021-12-08,TCS,1.0,0.5509229302406311,SEARCH_FOLD_C,0.5509229302406311
2021-12-08,2021-12-09,TCS,0.0,0.5495880246162415,SEARCH_FOLD_C,0.5495880246162415
2021-12-09,2021-12-10,TCS,1.0,0.5483191013336182,SEARCH_FOLD_C,0.5483191013336182
2021-12-10,2021-12-13,TCS,0.0,0.5471349954605103,SEARCH_FOLD_C,0.5471349954605103
2021-12-13,2021-12-14,TCS,1.0,0.545842170715332,SEARCH_FOLD_C,0.545842170715332
2021-12-14,2021-12-15,TCS,0.0,0.5445142388343811,SEARCH_FOLD_C,0.5445142388343811
2021-12-15,2021-12-16,TCS,1.0,0.5434707403182983,SEARCH_FOLD_C,0.5434707403182983
2021-12-16,2021-12-17,TCS,1.0,0.5425693392753601,SEARCH_FOLD_C,0.5425693392753601
2021-12-17,2021-12-20,TCS,0.0,0.5417917370796204,SEARCH_FOLD_C,0.5417917370796204
2021-12-20,2021-12-21,TCS,1.0,0.5412097573280334,SEARCH_FOLD_C,0.5412097573280334
2021-12-21,2021-12-22,TCS,1.0,0.5407976508140564,SEARCH_FOLD_C,0.5407976508140564
2021-12-22,2021-12-23,TCS,1.0,0.5404562950134277,SEARCH_FOLD_C,0.5404562950134277
2021-12-23,2021-12-24,TCS,1.0,0.5402512550354004,SEARCH_FOLD_C,0.5402512550354004
2021-12-24,2021-12-27,TCS,1.0,0.5400746464729309,SEARCH_FOLD_C,0.5400746464729309
2021-12-27,2021-12-28,TCS,1.0,0.5401538014411926,SEARCH_FOLD_C,0.5401538014411926
2021-12-28,2021-12-29,TCS,0.0,0.5404225587844849,SEARCH_FOLD_C,0.5404225587844849
2021-12-29,2021-12-30,TCS,1.0,0.5407820343971252,SEARCH_FOLD_C,0.5407820343971252
2021-12-30,2021-12-31,TCS,1.0,0.5409306883811951,SEARCH_FOLD_C,0.5409306883811951
2021-01-01,2021-01-04,INFY,1.0,0.5384877324104309,SEARCH_FOLD_C,0.5384877324104309
2021-01-04,2021-01-05,INFY,1.0,0.5351783633232117,SEARCH_FOLD_C,0.5351783633232117
2021-01-05,2021-01-06,INFY,0.0,0.5320245623588562,SEARCH_FOLD_C,0.5320245623588562
2021-01-06,2021-01-07,INFY,0.0,0.530009388923645,SEARCH_FOLD_C,0.530009388923645
2021-01-07,2021-01-08,INFY,1.0,0.5280141234397888,SEARCH_FOLD_C,0.5280141234397888
2021-01-08,2021-01-11,INFY,1.0,0.5251317620277405,SEARCH_FOLD_C,0.5251317620277405
2021-01-11,2021-01-12,INFY,0.0,0.5221835970878601,SEARCH_FOLD_C,0.5221835970878601
2021-01-12,2021-01-13,INFY,1.0,0.5184726119041443,SEARCH_FOLD_C,0.5184726119041443
2021-01-13,2021-01-14,INFY,0.0,0.5158791542053223,SEARCH_FOLD_C,0.5158791542053223
2021-01-14,2021-01-15,INFY,0.0,0.513115406036377,SEARCH_FOLD_C,0.513115406036377
2021-01-15,2021-01-18,INFY,0.0,0.509877622127533,SEARCH_FOLD_C,0.509877622127533
2021-01-18,2021-01-19,INFY,1.0,0.5073316097259521,SEARCH_FOLD_C,0.5073316097259521
2021-01-19,2021-01-20,INFY,1.0,0.5054767727851868,SEARCH_FOLD_C,0.5054767727851868
2021-01-20,2021-01-21,INFY,1.0,0.5042535662651062,SEARCH_FOLD_C,0.5042535662651062
2021-01-21,2021-01-22,INFY,1.0,0.5042107105255127,SEARCH_FOLD_C,0.5042107105255127
2021-01-22,2021-01-25,INFY,0.0,0.5040751099586487,SEARCH_FOLD_C,0.5040751099586487
2021-01-25,2021-01-27,INFY,0.0,0.5041177272796631,SEARCH_FOLD_C,0.5041177272796631
2021-01-27,2021-01-28,INFY,0.0,0.5045438408851624,SEARCH_FOLD_C,0.5045438408851624
2021-01-28,2021-01-29,INFY,0.0,0.5048900246620178,SEARCH_FOLD_C,0.5048900246620178
2021-01-29,2021-02-01,INFY,1.0,0.5060473680496216,SEARCH_FOLD_C,0.5060473680496216
2021-02-01,2021-02-02,INFY,1.0,0.5071451663970947,SEARCH_FOLD_C,0.5071451663970947
2021-02-02,2021-02-03,INFY,1.0,0.5093978047370911,SEARCH_FOLD_C,0.5093978047370911
2021-02-03,2021-02-04,INFY,0.0,0.5109508633613586,SEARCH_FOLD_C,0.5109508633613586
2021-02-04,2021-02-05,INFY,0.0,0.5139947533607483,SEARCH_FOLD_C,0.5139947533607483
2021-02-05,2021-02-08,INFY,1.0,0.5178759098052979,SEARCH_FOLD_C,0.5178759098052979
2021-02-08,2021-02-09,INFY,1.0,0.5213358998298645,SEARCH_FOLD_C,0.5213358998298645
2021-02-09,2021-02-10,INFY,0.0,0.5250261425971985,SEARCH_FOLD_C,0.5250261425971985
2021-02-10,2021-02-11,INFY,0.0,0.5289115905761719,SEARCH_FOLD_C,0.5289115905761719
2021-02-11,2021-02-12,INFY,1.0,0.5325976610183716,SEARCH_FOLD_C,0.5325976610183716
2021-02-12,2021-02-15,INFY,0.0,0.5362432599067688,SEARCH_FOLD_C,0.5362432599067688
2021-02-15,2021-02-16,INFY,0.0,0.5397933721542358,SEARCH_FOLD_C,0.5397933721542358
2021-02-16,2021-02-17,INFY,0.0,0.543825626373291,SEARCH_FOLD_C,0.543825626373291
2021-02-17,2021-02-18,INFY,1.0,0.5479350686073303,SEARCH_FOLD_C,0.5479350686073303
2021-02-18,2021-02-19,INFY,0.0,0.5514472126960754,SEARCH_FOLD_C,0.5514472126960754
2021-02-19,2021-02-22,INFY,0.0,0.5538884997367859,SEARCH_FOLD_C,0.5538884997367859
2021-02-22,2021-02-23,INFY,1.0,0.5573436617851257,SEARCH_FOLD_C,0.5573436617851257
2021-02-23,2021-02-24,INFY,1.0,0.5618886947631836,SEARCH_FOLD_C,0.5618886947631836
2021-02-24,2021-02-25,INFY,1.0,0.5665169954299927,SEARCH_FOLD_C,0.5665169954299927
2021-02-25,2021-02-26,INFY,0.0,0.5717543959617615,SEARCH_FOLD_C,0.5717543959617615
2021-02-26,2021-03-01,INFY,1.0,0.5763394832611084,SEARCH_FOLD_C,0.5763394832611084
2021-03-01,2021-03-02,INFY,1.0,0.5798779129981995,SEARCH_FOLD_C,0.5798779129981995
2021-03-02,2021-03-03,INFY,1.0,0.5818074345588684,SEARCH_FOLD_C,0.5818074345588684
2021-03-03,2021-03-04,INFY,0.0,0.5832100510597229,SEARCH_FOLD_C,0.5832100510597229
2021-03-04,2021-03-05,INFY,0.0,0.5845445990562439,SEARCH_FOLD_C,0.5845445990562439
2021-03-05,2021-03-08,INFY,1.0,0.5854666233062744,SEARCH_FOLD_C,0.5854666233062744
2021-03-08,2021-03-09,INFY,1.0,0.5860968232154846,SEARCH_FOLD_C,0.5860968232154846
2021-03-09,2021-03-10,INFY,1.0,0.586030900478363,SEARCH_FOLD_C,0.586030900478363
2021-03-10,2021-03-12,INFY,1.0,0.5850734710693359,SEARCH_FOLD_C,0.5850734710693359
2021-03-12,2021-03-15,INFY,0.0,0.5832861661911011,SEARCH_FOLD_C,0.5832861661911011
2021-03-15,2021-03-16,INFY,1.0,0.580420196056366,SEARCH_FOLD_C,0.580420196056366
2021-03-16,2021-03-17,INFY,1.0,0.5776175856590271,SEARCH_FOLD_C,0.5776175856590271
2021-03-17,2021-03-18,INFY,0.0,0.5746394395828247,SEARCH_FOLD_C,0.5746394395828247
2021-03-18,2021-03-19,INFY,1.0,0.572013258934021,SEARCH_FOLD_C,0.572013258934021
2021-03-19,2021-03-22,INFY,1.0,0.56943678855896,SEARCH_FOLD_C,0.56943678855896
2021-03-22,2021-03-23,INFY,1.0,0.5668104887008667,SEARCH_FOLD_C,0.5668104887008667
2021-03-23,2021-03-24,INFY,0.0,0.5650867223739624,SEARCH_FOLD_C,0.5650867223739624
2021-03-24,2021-03-25,INFY,0.0,0.5636863708496094,SEARCH_FOLD_C,0.5636863708496094
2021-03-25,2021-03-26,INFY,1.0,0.5623977184295654,SEARCH_FOLD_C,0.5623977184295654
2021-03-26,2021-03-30,INFY,1.0,0.5613863468170166,SEARCH_FOLD_C,0.5613863468170166
2021-03-30,2021-03-31,INFY,0.0,0.5610252022743225,SEARCH_FOLD_C,0.5610252022743225
2021-03-31,2021-04-01,INFY,1.0,0.560809850692749,SEARCH_FOLD_C,0.560809850692749
2021-04-01,2021-04-05,INFY,1.0,0.5600730180740356,SEARCH_FOLD_C,0.5600730180740356
2021-04-05,2021-04-06,INFY,1.0,0.5590381622314453,SEARCH_FOLD_C,0.5590381622314453
2021-04-06,2021-04-07,INFY,1.0,0.5582566857337952,SEARCH_FOLD_C,0.5582566857337952
2021-04-07,2021-04-08,INFY,1.0,0.557259738445282,SEARCH_FOLD_C,0.557259738445282
2021-04-08,2021-04-09,INFY,1.0,0.555207371711731,SEARCH_FOLD_C,0.555207371711731
2021-04-09,2021-04-12,INFY,0.0,0.5530110001564026,SEARCH_FOLD_C,0.5530110001564026
2021-04-12,2021-04-13,INFY,0.0,0.5509946346282959,SEARCH_FOLD_C,0.5509946346282959
2021-04-13,2021-04-15,INFY,0.0,0.5491384267807007,SEARCH_FOLD_C,0.5491384267807007
2021-04-15,2021-04-16,INFY,0.0,0.5468012690544128,SEARCH_FOLD_C,0.5468012690544128
2021-04-16,2021-04-19,INFY,1.0,0.5450540781021118,SEARCH_FOLD_C,0.5450540781021118
2021-04-19,2021-04-20,INFY,0.0,0.5446823835372925,SEARCH_FOLD_C,0.5446823835372925
2021-04-20,2021-04-22,INFY,0.0,0.5457316637039185,SEARCH_FOLD_C,0.5457316637039185
2021-04-22,2021-04-23,INFY,0.0,0.5465063452720642,SEARCH_FOLD_C,0.5465063452720642
2021-04-23,2021-04-26,INFY,1.0,0.5471416115760803,SEARCH_FOLD_C,0.5471416115760803
2021-04-26,2021-04-27,INFY,1.0,0.5487285256385803,SEARCH_FOLD_C,0.5487285256385803
2021-04-27,2021-04-28,INFY,1.0,0.5506730079650879,SEARCH_FOLD_C,0.5506730079650879
2021-04-28,2021-04-29,INFY,1.0,0.553382396697998,SEARCH_FOLD_C,0.553382396697998
2021-04-29,2021-04-30,INFY,0.0,0.5563697218894958,SEARCH_FOLD_C,0.5563697218894958
2021-04-30,2021-05-03,INFY,0.0,0.5594673156738281,SEARCH_FOLD_C,0.5594673156738281
2021-05-03,2021-05-04,INFY,0.0,0.5629441142082214,SEARCH_FOLD_C,0.5629441142082214
2021-05-04,2021-05-05,INFY,1.0,0.566620945930481,SEARCH_FOLD_C,0.566620945930481
2021-05-05,2021-05-06,INFY,1.0,0.5680808424949646,SEARCH_FOLD_C,0.5680808424949646
2021-05-06,2021-05-07,INFY,0.0,0.5695733428001404,SEARCH_FOLD_C,0.5695733428001404
2021-05-07,2021-05-10,INFY,0.0,0.571436882019043,SEARCH_FOLD_C,0.571436882019043
2021-05-10,2021-05-11,INFY,0.0,0.5731359124183655,SEARCH_FOLD_C,0.5731359124183655
2021-05-11,2021-05-12,INFY,0.0,0.5741515755653381,SEARCH_FOLD_C,0.5741515755653381
2021-05-12,2021-05-14,INFY,0.0,0.5745046734809875,SEARCH_FOLD_C,0.5745046734809875
2021-05-14,2021-05-17,INFY,1.0,0.5747846364974976,SEARCH_FOLD_C,0.5747846364974976
2021-05-17,2021-05-18,INFY,1.0,0.576151967048645,SEARCH_FOLD_C,0.576151967048645
2021-05-18,2021-05-19,INFY,0.0,0.5765351057052612,SEARCH_FOLD_C,0.5765351057052612
2021-05-19,2021-05-20,INFY,1.0,0.5774516463279724,SEARCH_FOLD_C,0.5774516463279724
2021-05-20,2021-05-21,INFY,1.0,0.5790399312973022,SEARCH_FOLD_C,0.5790399312973022
2021-05-21,2021-05-24,INFY,0.0,0.5805568099021912,SEARCH_FOLD_C,0.5805568099021912
2021-05-24,2021-05-25,INFY,1.0,0.5826173424720764,SEARCH_FOLD_C,0.5826173424720764
2021-05-25,2021-05-26,INFY,1.0,0.5847939252853394,SEARCH_FOLD_C,0.5847939252853394
2021-05-26,2021-05-27,INFY,1.0,0.5867204070091248,SEARCH_FOLD_C,0.5867204070091248
2021-05-27,2021-05-28,INFY,1.0,0.5877768397331238,SEARCH_FOLD_C,0.5877768397331238
2021-05-28,2021-05-31,INFY,0.0,0.587568461894989,SEARCH_FOLD_C,0.587568461894989
2021-05-31,2021-06-01,INFY,0.0,0.5861125588417053,SEARCH_FOLD_C,0.5861125588417053
2021-06-01,2021-06-02,INFY,0.0,0.5843315720558167,SEARCH_FOLD_C,0.5843315720558167
2021-06-02,2021-06-03,INFY,1.0,0.5825733542442322,SEARCH_FOLD_C,0.5825733542442322
2021-06-03,2021-06-04,INFY,0.0,0.5804943442344666,SEARCH_FOLD_C,0.5804943442344666
2021-06-04,2021-06-07,INFY,1.0,0.5784001350402832,SEARCH_FOLD_C,0.5784001350402832
2021-06-07,2021-06-08,INFY,1.0,0.5759389400482178,SEARCH_FOLD_C,0.5759389400482178
2021-06-08,2021-06-09,INFY,1.0,0.5736040472984314,SEARCH_FOLD_C,0.5736040472984314
2021-06-09,2021-06-10,INFY,1.0,0.5712669491767883,SEARCH_FOLD_C,0.5712669491767883
2021-06-10,2021-06-11,INFY,1.0,0.5690368413925171,SEARCH_FOLD_C,0.5690368413925171
2021-06-11,2021-06-14,INFY,1.0,0.5666760206222534,SEARCH_FOLD_C,0.5666760206222534
2021-06-14,2021-06-15,INFY,1.0,0.5642293095588684,SEARCH_FOLD_C,0.5642293095588684
2021-06-15,2021-06-16,INFY,1.0,0.5615807771682739,SEARCH_FOLD_C,0.5615807771682739
2021-06-16,2021-06-17,INFY,1.0,0.5582250356674194,SEARCH_FOLD_C,0.5582250356674194
2021-06-17,2021-06-18,INFY,1.0,0.5551130175590515,SEARCH_FOLD_C,0.5551130175590515
2021-06-18,2021-06-21,INFY,0.0,0.5523961186408997,SEARCH_FOLD_C,0.5523961186408997
2021-06-21,2021-06-22,INFY,1.0,0.549412190914154,SEARCH_FOLD_C,0.549412190914154
2021-06-22,2021-06-23,INFY,0.0,0.5461294054985046,SEARCH_FOLD_C,0.5461294054985046
2021-06-23,2021-06-24,INFY,1.0,0.5426510572433472,SEARCH_FOLD_C,0.5426510572433472
2021-06-24,2021-06-25,INFY,1.0,0.5389617085456848,SEARCH_FOLD_C,0.5389617085456848
2021-06-25,2021-06-28,INFY,0.0,0.5347855687141418,SEARCH_FOLD_C,0.5347855687141418
2021-06-28,2021-06-29,INFY,0.0,0.5309830904006958,SEARCH_FOLD_C,0.5309830904006958
2021-06-29,2021-06-30,INFY,1.0,0.5274708271026611,SEARCH_FOLD_C,0.5274708271026611
2021-06-30,2021-07-01,INFY,0.0,0.523759126663208,SEARCH_FOLD_C,0.523759126663208
2021-07-01,2021-07-02,INFY,1.0,0.5202186703681946,SEARCH_FOLD_C,0.5202186703681946
2021-07-02,2021-07-05,INFY,1.0,0.5173856019973755,SEARCH_FOLD_C,0.5173856019973755
2021-07-05,2021-07-06,INFY,0.0,0.5143358111381531,SEARCH_FOLD_C,0.5143358111381531
2021-07-06,2021-07-07,INFY,1.0,0.5120209455490112,SEARCH_FOLD_C,0.5120209455490112
2021-07-07,2021-07-08,INFY,0.0,0.5109850764274597,SEARCH_FOLD_C,0.5109850764274597
2021-07-08,2021-07-09,INFY,1.0,0.5104334950447083,SEARCH_FOLD_C,0.5104334950447083
2021-07-09,2021-07-12,INFY,0.0,0.5104216933250427,SEARCH_FOLD_C,0.5104216933250427
2021-07-12,2021-07-13,INFY,0.0,0.5103939175605774,SEARCH_FOLD_C,0.5103939175605774
2021-07-13,2021-07-14,INFY,1.0,0.5104167461395264,SEARCH_FOLD_C,0.5104167461395264
2021-07-14,2021-07-15,INFY,1.0,0.5101286172866821,SEARCH_FOLD_C,0.5101286172866821
2021-07-15,2021-07-16,INFY,0.0,0.5100993514060974,SEARCH_FOLD_C,0.5100993514060974
2021-07-16,2021-07-19,INFY,0.0,0.5099045038223267,SEARCH_FOLD_C,0.5099045038223267
2021-07-19,2021-07-20,INFY,1.0,0.5098873376846313,SEARCH_FOLD_C,0.5098873376846313
2021-07-20,2021-07-22,INFY,1.0,0.510543704032898,SEARCH_FOLD_C,0.510543704032898
2021-07-22,2021-07-23,INFY,1.0,0.5111858248710632,SEARCH_FOLD_C,0.5111858248710632
2021-07-23,2021-07-26,INFY,1.0,0.5120247006416321,SEARCH_FOLD_C,0.5120247006416321
2021-07-26,2021-07-27,INFY,0.0,0.5133253931999207,SEARCH_FOLD_C,0.5133253931999207
2021-07-27,2021-07-28,INFY,1.0,0.5149039030075073,SEARCH_FOLD_C,0.5149039030075073
2021-07-28,2021-07-29,INFY,1.0,0.5167685747146606,SEARCH_FOLD_C,0.5167685747146606
2021-07-29,2021-07-30,INFY,0.0,0.5187086462974548,SEARCH_FOLD_C,0.5187086462974548
2021-07-30,2021-08-02,INFY,1.0,0.5208910703659058,SEARCH_FOLD_C,0.5208910703659058
2021-08-02,2021-08-03,INFY,1.0,0.5231088399887085,SEARCH_FOLD_C,0.5231088399887085
2021-08-03,2021-08-04,INFY,0.0,0.5250731110572815,SEARCH_FOLD_C,0.5250731110572815
2021-08-04,2021-08-05,INFY,1.0,0.527053713798523,SEARCH_FOLD_C,0.527053713798523
2021-08-05,2021-08-06,INFY,0.0,0.5284898281097412,SEARCH_FOLD_C,0.5284898281097412
2021-08-06,2021-08-09,INFY,1.0,0.5305513739585876,SEARCH_FOLD_C,0.5305513739585876
2021-08-09,2021-08-10,INFY,1.0,0.5328555107116699,SEARCH_FOLD_C,0.5328555107116699
2021-08-10,2021-08-11,INFY,1.0,0.53520268201828,SEARCH_FOLD_C,0.53520268201828
2021-08-11,2021-08-12,INFY,1.0,0.5372185707092285,SEARCH_FOLD_C,0.5372185707092285
2021-08-12,2021-08-13,INFY,1.0,0.539473831653595,SEARCH_FOLD_C,0.539473831653595
2021-08-13,2021-08-16,INFY,0.0,0.5406438112258911,SEARCH_FOLD_C,0.5406438112258911
2021-08-16,2021-08-17,INFY,1.0,0.5416812300682068,SEARCH_FOLD_C,0.5416812300682068
2021-08-17,2021-08-18,INFY,0.0,0.5425896048545837,SEARCH_FOLD_C,0.5425896048545837
2021-08-18,2021-08-20,INFY,0.0,0.5425567626953125,SEARCH_FOLD_C,0.5425567626953125
2021-08-20,2021-08-23,INFY,1.0,0.5423596501350403,SEARCH_FOLD_C,0.5423596501350403
2021-08-23,2021-08-24,INFY,0.0,0.5417641997337341,SEARCH_FOLD_C,0.5417641997337341
2021-08-24,2021-08-25,INFY,1.0,0.5411847233772278,SEARCH_FOLD_C,0.5411847233772278
2021-08-25,2021-08-26,INFY,0.0,0.5400049090385437,SEARCH_FOLD_C,0.5400049090385437
2021-08-26,2021-08-27,INFY,0.0,0.538763165473938,SEARCH_FOLD_C,0.538763165473938
2021-08-27,2021-08-30,INFY,0.0,0.5383337140083313,SEARCH_FOLD_C,0.5383337140083313
2021-08-30,2021-08-31,INFY,1.0,0.5381067991256714,SEARCH_FOLD_C,0.5381067991256714
2021-08-31,2021-09-01,INFY,0.0,0.5372920632362366,SEARCH_FOLD_C,0.5372920632362366
2021-09-01,2021-09-02,INFY,1.0,0.536266028881073,SEARCH_FOLD_C,0.536266028881073
2021-09-02,2021-09-03,INFY,1.0,0.5354099273681641,SEARCH_FOLD_C,0.5354099273681641
2021-09-03,2021-09-06,INFY,1.0,0.5355308651924133,SEARCH_FOLD_C,0.5355308651924133
2021-09-06,2021-09-07,INFY,0.0,0.5355846881866455,SEARCH_FOLD_C,0.5355846881866455
2021-09-07,2021-09-08,INFY,0.0,0.5360893607139587,SEARCH_FOLD_C,0.5360893607139587
2021-09-08,2021-09-09,INFY,0.0,0.5366455316543579,SEARCH_FOLD_C,0.5366455316543579
2021-09-09,2021-09-13,INFY,1.0,0.537352979183197,SEARCH_FOLD_C,0.537352979183197
2021-09-13,2021-09-14,INFY,0.0,0.5383781790733337,SEARCH_FOLD_C,0.5383781790733337
2021-09-14,2021-09-15,INFY,1.0,0.5391622185707092,SEARCH_FOLD_C,0.5391622185707092
2021-09-15,2021-09-16,INFY,0.0,0.5403938889503479,SEARCH_FOLD_C,0.5403938889503479
2021-09-16,2021-09-17,INFY,0.0,0.5421195030212402,SEARCH_FOLD_C,0.5421195030212402
2021-09-17,2021-09-20,INFY,0.0,0.5436462163925171,SEARCH_FOLD_C,0.5436462163925171
2021-09-20,2021-09-21,INFY,1.0,0.5453352332115173,SEARCH_FOLD_C,0.5453352332115173
2021-09-21,2021-09-22,INFY,0.0,0.5467777848243713,SEARCH_FOLD_C,0.5467777848243713
2021-09-22,2021-09-23,INFY,1.0,0.548370897769928,SEARCH_FOLD_C,0.548370897769928
2021-09-23,2021-09-24,INFY,1.0,0.5500766038894653,SEARCH_FOLD_C,0.5500766038894653
2021-09-24,2021-09-27,INFY,0.0,0.5515090227127075,SEARCH_FOLD_C,0.5515090227127075
2021-09-27,2021-09-28,INFY,0.0,0.5531960129737854,SEARCH_FOLD_C,0.5531960129737854
2021-09-28,2021-09-29,INFY,1.0,0.5554710626602173,SEARCH_FOLD_C,0.5554710626602173
2021-09-29,2021-09-30,INFY,0.0,0.5575551390647888,SEARCH_FOLD_C,0.5575551390647888
2021-09-30,2021-10-01,INFY,0.0,0.5606224536895752,SEARCH_FOLD_C,0.5606224536895752
2021-10-01,2021-10-04,INFY,1.0,0.5634756088256836,SEARCH_FOLD_C,0.5634756088256836
2021-10-04,2021-10-05,INFY,1.0,0.5665031671524048,SEARCH_FOLD_C,0.5665031671524048
2021-10-05,2021-10-06,INFY,0.0,0.5696886777877808,SEARCH_FOLD_C,0.5696886777877808
2021-10-06,2021-10-07,INFY,1.0,0.5720005631446838,SEARCH_FOLD_C,0.5720005631446838
2021-10-07,2021-10-08,INFY,1.0,0.5745437145233154,SEARCH_FOLD_C,0.5745437145233154
2021-10-08,2021-10-11,INFY,0.0,0.5764642357826233,SEARCH_FOLD_C,0.5764642357826233
2021-10-11,2021-10-12,INFY,0.0,0.5776786208152771,SEARCH_FOLD_C,0.5776786208152771
2021-10-12,2021-10-13,INFY,1.0,0.5784985423088074,SEARCH_FOLD_C,0.5784985423088074
2021-10-13,2021-10-14,INFY,1.0,0.5794085264205933,SEARCH_FOLD_C,0.5794085264205933
2021-10-14,2021-10-18,INFY,1.0,0.579416811466217,SEARCH_FOLD_C,0.579416811466217
2021-10-18,2021-10-19,INFY,1.0,0.5793256163597107,SEARCH_FOLD_C,0.5793256163597107
2021-10-19,2021-10-20,INFY,0.0,0.5790974497795105,SEARCH_FOLD_C,0.5790974497795105
2021-10-20,2021-10-21,INFY,0.0,0.579291582107544,SEARCH_FOLD_C,0.579291582107544
2021-10-21,2021-10-22,INFY,0.0,0.5788236260414124,SEARCH_FOLD_C,0.5788236260414124
2021-10-22,2021-10-25,INFY,0.0,0.5782240033149719,SEARCH_FOLD_C,0.5782240033149719
2021-10-25,2021-10-26,INFY,0.0,0.5777233839035034,SEARCH_FOLD_C,0.5777233839035034
2021-10-26,2021-10-27,INFY,1.0,0.5773303508758545,SEARCH_FOLD_C,0.5773303508758545
2021-10-27,2021-10-28,INFY,0.0,0.5768933892250061,SEARCH_FOLD_C,0.5768933892250061
2021-10-28,2021-10-29,INFY,0.0,0.5771589875221252,SEARCH_FOLD_C,0.5771589875221252
2021-10-29,2021-11-01,INFY,1.0,0.5773403644561768,SEARCH_FOLD_C,0.5773403644561768
2021-11-01,2021-11-02,INFY,0.0,0.5773815512657166,SEARCH_FOLD_C,0.5773815512657166
2021-11-02,2021-11-03,INFY,1.0,0.5773310661315918,SEARCH_FOLD_C,0.5773310661315918
2021-11-03,2021-11-04,INFY,1.0,0.5781352519989014,SEARCH_FOLD_C,0.5781352519989014
2021-11-04,2021-11-08,INFY,1.0,0.5788385272026062,SEARCH_FOLD_C,0.5788385272026062
2021-11-08,2021-11-09,INFY,1.0,0.5804097652435303,SEARCH_FOLD_C,0.5804097652435303
2021-11-09,2021-11-10,INFY,0.0,0.5825190544128418,SEARCH_FOLD_C,0.5825190544128418
2021-11-10,2021-11-11,INFY,0.0,0.5832818746566772,SEARCH_FOLD_C,0.5832818746566772
2021-11-11,2021-11-12,INFY,1.0,0.5832678079605103,SEARCH_FOLD_C,0.5832678079605103
2021-11-12,2021-11-15,INFY,1.0,0.5831606388092041,SEARCH_FOLD_C,0.5831606388092041
2021-11-15,2021-11-16,INFY,1.0,0.582500696182251,SEARCH_FOLD_C,0.582500696182251
2021-11-16,2021-11-17,INFY,0.0,0.5814170241355896,SEARCH_FOLD_C,0.5814170241355896
2021-11-17,2021-11-18,INFY,0.0,0.580401599407196,SEARCH_FOLD_C,0.580401599407196
2021-11-18,2021-11-22,INFY,0.0,0.5795305371284485,SEARCH_FOLD_C,0.5795305371284485
2021-11-22,2021-11-23,INFY,0.0,0.5782381296157837,SEARCH_FOLD_C,0.5782381296157837
2021-11-23,2021-11-24,INFY,0.0,0.5774427056312561,SEARCH_FOLD_C,0.5774427056312561
2021-11-24,2021-11-25,INFY,1.0,0.577582061290741,SEARCH_FOLD_C,0.577582061290741
2021-11-25,2021-11-26,INFY,0.0,0.5769005417823792,SEARCH_FOLD_C,0.5769005417823792
2021-11-26,2021-11-29,INFY,1.0,0.5762079358100891,SEARCH_FOLD_C,0.5762079358100891
2021-11-29,2021-11-30,INFY,1.0,0.5761114358901978,SEARCH_FOLD_C,0.5761114358901978
2021-11-30,2021-12-01,INFY,1.0,0.5761271119117737,SEARCH_FOLD_C,0.5761271119117737
2021-12-01,2021-12-02,INFY,1.0,0.5779718160629272,SEARCH_FOLD_C,0.5779718160629272
2021-12-02,2021-12-03,INFY,0.0,0.5804803371429443,SEARCH_FOLD_C,0.5804803371429443
2021-12-03,2021-12-06,INFY,0.0,0.582512617111206,SEARCH_FOLD_C,0.582512617111206
2021-12-06,2021-12-07,INFY,1.0,0.5836134552955627,SEARCH_FOLD_C,0.5836134552955627
2021-12-07,2021-12-08,INFY,1.0,0.5841352343559265,SEARCH_FOLD_C,0.5841352343559265
2021-12-08,2021-12-09,INFY,1.0,0.5842863917350769,SEARCH_FOLD_C,0.5842863917350769
2021-12-09,2021-12-10,INFY,0.0,0.5841720104217529,SEARCH_FOLD_C,0.5841720104217529
2021-12-10,2021-12-13,INFY,0.0,0.5842722654342651,SEARCH_FOLD_C,0.5842722654342651
2021-12-13,2021-12-14,INFY,1.0,0.5837868452072144,SEARCH_FOLD_C,0.5837868452072144
2021-12-14,2021-12-15,INFY,0.0,0.582689642906189,SEARCH_FOLD_C,0.582689642906189
2021-12-15,2021-12-16,INFY,1.0,0.5819395780563354,SEARCH_FOLD_C,0.5819395780563354
2021-12-16,2021-12-17,INFY,1.0,0.5809532403945923,SEARCH_FOLD_C,0.5809532403945923
2021-12-17,2021-12-20,INFY,0.0,0.5798476934432983,SEARCH_FOLD_C,0.5798476934432983
2021-12-20,2021-12-21,INFY,1.0,0.578685462474823,SEARCH_FOLD_C,0.578685462474823
2021-12-21,2021-12-22,INFY,1.0,0.577990710735321,SEARCH_FOLD_C,0.577990710735321
2021-12-22,2021-12-23,INFY,1.0,0.5772601366043091,SEARCH_FOLD_C,0.5772601366043091
2021-12-23,2021-12-24,INFY,1.0,0.5763189196586609,SEARCH_FOLD_C,0.5763189196586609
2021-12-24,2021-12-27,INFY,1.0,0.5749905705451965,SEARCH_FOLD_C,0.5749905705451965
2021-12-27,2021-12-28,INFY,1.0,0.5746432542800903,SEARCH_FOLD_C,0.5746432542800903
2021-12-28,2021-12-29,INFY,0.0,0.5742769241333008,SEARCH_FOLD_C,0.5742769241333008
2021-12-29,2021-12-30,INFY,1.0,0.574251115322113,SEARCH_FOLD_C,0.574251115322113
2021-12-30,2021-12-31,INFY,0.0,0.5741693377494812,SEARCH_FOLD_C,0.5741693377494812
2021-01-01,2021-01-04,HDFCBANK,0.0,0.524699866771698,SEARCH_FOLD_C,0.524699866771698
2021-01-04,2021-01-05,HDFCBANK,1.0,0.5239800214767456,SEARCH_FOLD_C,0.5239800214767456
2021-01-05,2021-01-06,HDFCBANK,0.0,0.5232948660850525,SEARCH_FOLD_C,0.5232948660850525
2021-01-06,2021-01-07,HDFCBANK,0.0,0.5226271152496338,SEARCH_FOLD_C,0.5226271152496338
2021-01-07,2021-01-08,HDFCBANK,1.0,0.5218870639801025,SEARCH_FOLD_C,0.5218870639801025
2021-01-08,2021-01-11,HDFCBANK,1.0,0.5212277173995972,SEARCH_FOLD_C,0.5212277173995972
2021-01-11,2021-01-12,HDFCBANK,1.0,0.5205805897712708,SEARCH_FOLD_C,0.5205805897712708
2021-01-12,2021-01-13,HDFCBANK,0.0,0.5199601054191589,SEARCH_FOLD_C,0.5199601054191589
2021-01-13,2021-01-14,HDFCBANK,0.0,0.5194058418273926,SEARCH_FOLD_C,0.5194058418273926
2021-01-14,2021-01-15,HDFCBANK,0.0,0.5190178751945496,SEARCH_FOLD_C,0.5190178751945496
2021-01-15,2021-01-18,HDFCBANK,1.0,0.5188189744949341,SEARCH_FOLD_C,0.5188189744949341
2021-01-18,2021-01-19,HDFCBANK,1.0,0.5187132358551025,SEARCH_FOLD_C,0.5187132358551025
2021-01-19,2021-01-20,HDFCBANK,0.0,0.518809974193573,SEARCH_FOLD_C,0.518809974193573
2021-01-20,2021-01-21,HDFCBANK,0.0,0.518975555896759,SEARCH_FOLD_C,0.518975555896759
2021-01-21,2021-01-22,HDFCBANK,0.0,0.5190303325653076,SEARCH_FOLD_C,0.5190303325653076
2021-01-22,2021-01-25,HDFCBANK,1.0,0.5191635489463806,SEARCH_FOLD_C,0.5191635489463806
2021-01-25,2021-01-27,HDFCBANK,0.0,0.519282341003418,SEARCH_FOLD_C,0.519282341003418
2021-01-27,2021-01-28,HDFCBANK,0.0,0.5194261074066162,SEARCH_FOLD_C,0.5194261074066162
2021-01-28,2021-01-29,HDFCBANK,1.0,0.5193817615509033,SEARCH_FOLD_C,0.5193817615509033
2021-01-29,2021-02-01,HDFCBANK,1.0,0.5191861987113953,SEARCH_FOLD_C,0.5191861987113953
2021-02-01,2021-02-02,HDFCBANK,1.0,0.5188087821006775,SEARCH_FOLD_C,0.5188087821006775
2021-02-02,2021-02-03,HDFCBANK,1.0,0.5186736583709717,SEARCH_FOLD_C,0.5186736583709717
2021-02-03,2021-02-04,HDFCBANK,1.0,0.518841564655304,SEARCH_FOLD_C,0.518841564655304
2021-02-04,2021-02-05,HDFCBANK,1.0,0.5191464424133301,SEARCH_FOLD_C,0.5191464424133301
2021-02-05,2021-02-08,HDFCBANK,1.0,0.5196755528450012,SEARCH_FOLD_C,0.5196755528450012
2021-02-08,2021-02-09,HDFCBANK,1.0,0.5203052759170532,SEARCH_FOLD_C,0.5203052759170532
2021-02-09,2021-02-10,HDFCBANK,0.0,0.520997941493988,SEARCH_FOLD_C,0.520997941493988
2021-02-10,2021-02-11,HDFCBANK,0.0,0.5216600298881531,SEARCH_FOLD_C,0.5216600298881531
2021-02-11,2021-02-12,HDFCBANK,1.0,0.522259533405304,SEARCH_FOLD_C,0.522259533405304
2021-02-12,2021-02-15,HDFCBANK,1.0,0.52278733253479,SEARCH_FOLD_C,0.52278733253479
2021-02-15,2021-02-16,HDFCBANK,1.0,0.5233793258666992,SEARCH_FOLD_C,0.5233793258666992
2021-02-16,2021-02-17,HDFCBANK,0.0,0.5240193009376526,SEARCH_FOLD_C,0.5240193009376526
2021-02-17,2021-02-18,HDFCBANK,0.0,0.5246224999427795,SEARCH_FOLD_C,0.5246224999427795
2021-02-18,2021-02-19,HDFCBANK,0.0,0.5252445936203003,SEARCH_FOLD_C,0.5252445936203003
2021-02-19,2021-02-22,HDFCBANK,1.0,0.5258888006210327,SEARCH_FOLD_C,0.5258888006210327
2021-02-22,2021-02-23,HDFCBANK,0.0,0.5264478325843811,SEARCH_FOLD_C,0.5264478325843811
2021-02-23,2021-02-24,HDFCBANK,1.0,0.526814877986908,SEARCH_FOLD_C,0.526814877986908
2021-02-24,2021-02-25,HDFCBANK,0.0,0.5269927382469177,SEARCH_FOLD_C,0.5269927382469177
2021-02-25,2021-02-26,HDFCBANK,0.0,0.5271459817886353,SEARCH_FOLD_C,0.5271459817886353
2021-02-26,2021-03-01,HDFCBANK,1.0,0.5272424221038818,SEARCH_FOLD_C,0.5272424221038818
2021-03-01,2021-03-02,HDFCBANK,1.0,0.5273036956787109,SEARCH_FOLD_C,0.5273036956787109
2021-03-02,2021-03-03,HDFCBANK,1.0,0.5272402763366699,SEARCH_FOLD_C,0.5272402763366699
2021-03-03,2021-03-04,HDFCBANK,0.0,0.5271574258804321,SEARCH_FOLD_C,0.5271574258804321
2021-03-04,2021-03-05,HDFCBANK,0.0,0.5270342826843262,SEARCH_FOLD_C,0.5270342826843262
2021-03-05,2021-03-08,HDFCBANK,0.0,0.5269227623939514,SEARCH_FOLD_C,0.5269227623939514
2021-03-08,2021-03-09,HDFCBANK,1.0,0.5269670486450195,SEARCH_FOLD_C,0.5269670486450195
2021-03-09,2021-03-10,HDFCBANK,0.0,0.5269388556480408,SEARCH_FOLD_C,0.5269388556480408
2021-03-10,2021-03-12,HDFCBANK,0.0,0.5271778702735901,SEARCH_FOLD_C,0.5271778702735901
2021-03-12,2021-03-15,HDFCBANK,0.0,0.5275460481643677,SEARCH_FOLD_C,0.5275460481643677
2021-03-15,2021-03-16,HDFCBANK,0.0,0.5278862714767456,SEARCH_FOLD_C,0.5278862714767456
2021-03-16,2021-03-17,HDFCBANK,0.0,0.5278342366218567,SEARCH_FOLD_C,0.5278342366218567
2021-03-17,2021-03-18,HDFCBANK,0.0,0.527449369430542,SEARCH_FOLD_C,0.527449369430542
2021-03-18,2021-03-19,HDFCBANK,1.0,0.5268123745918274,SEARCH_FOLD_C,0.5268123745918274
2021-03-19,2021-03-22,HDFCBANK,0.0,0.5259410738945007,SEARCH_FOLD_C,0.5259410738945007
2021-03-22,2021-03-23,HDFCBANK,1.0,0.5248268246650696,SEARCH_FOLD_C,0.5248268246650696
2021-03-23,2021-03-24,HDFCBANK,0.0,0.5236286520957947,SEARCH_FOLD_C,0.5236286520957947
2021-03-24,2021-03-25,HDFCBANK,0.0,0.522331178188324,SEARCH_FOLD_C,0.522331178188324
2021-03-25,2021-03-26,HDFCBANK,1.0,0.521045982837677,SEARCH_FOLD_C,0.521045982837677
2021-03-26,2021-03-30,HDFCBANK,1.0,0.5198710560798645,SEARCH_FOLD_C,0.5198710560798645
2021-03-30,2021-03-31,HDFCBANK,0.0,0.518850564956665,SEARCH_FOLD_C,0.518850564956665
2021-03-31,2021-04-01,HDFCBANK,0.0,0.51783287525177,SEARCH_FOLD_C,0.51783287525177
2021-04-01,2021-04-05,HDFCBANK,0.0,0.516761064529419,SEARCH_FOLD_C,0.516761064529419
2021-04-05,2021-04-06,HDFCBANK,0.0,0.5157680511474609,SEARCH_FOLD_C,0.5157680511474609
2021-04-06,2021-04-07,HDFCBANK,1.0,0.5149039030075073,SEARCH_FOLD_C,0.5149039030075073
2021-04-07,2021-04-08,HDFCBANK,0.0,0.5141665935516357,SEARCH_FOLD_C,0.5141665935516357
2021-04-08,2021-04-09,HDFCBANK,0.0,0.5134482979774475,SEARCH_FOLD_C,0.5134482979774475
2021-04-09,2021-04-12,HDFCBANK,0.0,0.5128939747810364,SEARCH_FOLD_C,0.5128939747810364
2021-04-12,2021-04-13,HDFCBANK,1.0,0.5119959115982056,SEARCH_FOLD_C,0.5119959115982056
2021-04-13,2021-04-15,HDFCBANK,1.0,0.511073112487793,SEARCH_FOLD_C,0.511073112487793
2021-04-15,2021-04-16,HDFCBANK,0.0,0.5104397535324097,SEARCH_FOLD_C,0.5104397535324097
2021-04-16,2021-04-19,HDFCBANK,0.0,0.5097395777702332,SEARCH_FOLD_C,0.5097395777702332
2021-04-19,2021-04-20,HDFCBANK,0.0,0.5090945959091187,SEARCH_FOLD_C,0.5090945959091187
2021-04-20,2021-04-22,HDFCBANK,1.0,0.5083811283111572,SEARCH_FOLD_C,0.5083811283111572
2021-04-22,2021-04-23,HDFCBANK,0.0,0.5078656077384949,SEARCH_FOLD_C,0.5078656077384949
2021-04-23,2021-04-26,HDFCBANK,0.0,0.5074623823165894,SEARCH_FOLD_C,0.5074623823165894
2021-04-26,2021-04-27,HDFCBANK,1.0,0.5071591138839722,SEARCH_FOLD_C,0.5071591138839722
2021-04-27,2021-04-28,HDFCBANK,1.0,0.5067063570022583,SEARCH_FOLD_C,0.5067063570022583
2021-04-28,2021-04-29,HDFCBANK,0.0,0.5064403414726257,SEARCH_FOLD_C,0.5064403414726257
2021-04-29,2021-04-30,HDFCBANK,0.0,0.506253182888031,SEARCH_FOLD_C,0.506253182888031
2021-04-30,2021-05-03,HDFCBANK,1.0,0.506206750869751,SEARCH_FOLD_C,0.506206750869751
2021-05-03,2021-05-04,HDFCBANK,0.0,0.506247878074646,SEARCH_FOLD_C,0.506247878074646
2021-05-04,2021-05-05,HDFCBANK,1.0,0.5063619017601013,SEARCH_FOLD_C,0.5063619017601013
2021-05-05,2021-05-06,HDFCBANK,0.0,0.5065054893493652,SEARCH_FOLD_C,0.5065054893493652
2021-05-06,2021-05-07,HDFCBANK,1.0,0.5066053867340088,SEARCH_FOLD_C,0.5066053867340088
2021-05-07,2021-05-10,HDFCBANK,1.0,0.5068641304969788,SEARCH_FOLD_C,0.5068641304969788
2021-05-10,2021-05-11,HDFCBANK,0.0,0.5069188475608826,SEARCH_FOLD_C,0.5069188475608826
2021-05-11,2021-05-12,HDFCBANK,0.0,0.5071195363998413,SEARCH_FOLD_C,0.5071195363998413
2021-05-12,2021-05-14,HDFCBANK,0.0,0.5073983073234558,SEARCH_FOLD_C,0.5073983073234558
2021-05-14,2021-05-17,HDFCBANK,1.0,0.5074657201766968,SEARCH_FOLD_C,0.5074657201766968
2021-05-17,2021-05-18,HDFCBANK,1.0,0.507219672203064,SEARCH_FOLD_C,0.507219672203064
2021-05-18,2021-05-19,HDFCBANK,0.0,0.5073319673538208,SEARCH_FOLD_C,0.5073319673538208
2021-05-19,2021-05-20,HDFCBANK,0.0,0.5074247717857361,SEARCH_FOLD_C,0.5074247717857361
2021-05-20,2021-05-21,HDFCBANK,1.0,0.5077143907546997,SEARCH_FOLD_C,0.5077143907546997
2021-05-21,2021-05-24,HDFCBANK,1.0,0.5081217288970947,SEARCH_FOLD_C,0.5081217288970947
2021-05-24,2021-05-25,HDFCBANK,0.0,0.5086230635643005,SEARCH_FOLD_C,0.5086230635643005
2021-05-25,2021-05-26,HDFCBANK,0.0,0.5093141198158264,SEARCH_FOLD_C,0.5093141198158264
2021-05-26,2021-05-27,HDFCBANK,1.0,0.5101111531257629,SEARCH_FOLD_C,0.5101111531257629
2021-05-27,2021-05-28,HDFCBANK,1.0,0.511107861995697,SEARCH_FOLD_C,0.511107861995697
2021-05-28,2021-05-31,HDFCBANK,1.0,0.5119078755378723,SEARCH_FOLD_C,0.5119078755378723
2021-05-31,2021-06-01,HDFCBANK,0.0,0.5126426815986633,SEARCH_FOLD_C,0.5126426815986633
2021-06-01,2021-06-02,HDFCBANK,0.0,0.5134482979774475,SEARCH_FOLD_C,0.5134482979774475
2021-06-02,2021-06-03,HDFCBANK,1.0,0.5142698287963867,SEARCH_FOLD_C,0.5142698287963867
2021-06-03,2021-06-04,HDFCBANK,0.0,0.5151403546333313,SEARCH_FOLD_C,0.5151403546333313
2021-06-04,2021-06-07,HDFCBANK,0.0,0.5157127976417542,SEARCH_FOLD_C,0.5157127976417542
2021-06-07,2021-06-08,HDFCBANK,0.0,0.5163695812225342,SEARCH_FOLD_C,0.5163695812225342
2021-06-08,2021-06-09,HDFCBANK,0.0,0.5170145630836487,SEARCH_FOLD_C,0.5170145630836487
2021-06-09,2021-06-10,HDFCBANK,1.0,0.5173318386077881,SEARCH_FOLD_C,0.5173318386077881
2021-06-10,2021-06-11,HDFCBANK,1.0,0.5173259973526001,SEARCH_FOLD_C,0.5173259973526001
2021-06-11,2021-06-14,HDFCBANK,0.0,0.5172663927078247,SEARCH_FOLD_C,0.5172663927078247
2021-06-14,2021-06-15,HDFCBANK,1.0,0.5173836350440979,SEARCH_FOLD_C,0.5173836350440979
2021-06-15,2021-06-16,HDFCBANK,0.0,0.517354428768158,SEARCH_FOLD_C,0.517354428768158
2021-06-16,2021-06-17,HDFCBANK,0.0,0.5174773931503296,SEARCH_FOLD_C,0.5174773931503296
2021-06-17,2021-06-18,HDFCBANK,1.0,0.5174915194511414,SEARCH_FOLD_C,0.5174915194511414
2021-06-18,2021-06-21,HDFCBANK,1.0,0.5175713300704956,SEARCH_FOLD_C,0.5175713300704956
2021-06-21,2021-06-22,HDFCBANK,0.0,0.5175378918647766,SEARCH_FOLD_C,0.5175378918647766
2021-06-22,2021-06-23,HDFCBANK,1.0,0.5174705982208252,SEARCH_FOLD_C,0.5174705982208252
2021-06-23,2021-06-24,HDFCBANK,1.0,0.5174585580825806,SEARCH_FOLD_C,0.5174585580825806
2021-06-24,2021-06-25,HDFCBANK,1.0,0.5175159573554993,SEARCH_FOLD_C,0.5175159573554993
2021-06-25,2021-06-28,HDFCBANK,0.0,0.517710268497467,SEARCH_FOLD_C,0.517710268497467
2021-06-28,2021-06-29,HDFCBANK,0.0,0.5175560712814331,SEARCH_FOLD_C,0.5175560712814331
2021-06-29,2021-06-30,HDFCBANK,0.0,0.517235279083252,SEARCH_FOLD_C,0.517235279083252
2021-06-30,2021-07-01,HDFCBANK,0.0,0.5169728994369507,SEARCH_FOLD_C,0.5169728994369507
2021-07-01,2021-07-02,HDFCBANK,0.0,0.5167695879936218,SEARCH_FOLD_C,0.5167695879936218
2021-07-02,2021-07-05,HDFCBANK,1.0,0.5161678194999695,SEARCH_FOLD_C,0.5161678194999695
2021-07-05,2021-07-06,HDFCBANK,1.0,0.5154289603233337,SEARCH_FOLD_C,0.5154289603233337
2021-07-06,2021-07-07,HDFCBANK,1.0,0.5148051381111145,SEARCH_FOLD_C,0.5148051381111145
2021-07-07,2021-07-08,HDFCBANK,0.0,0.5142510533332825,SEARCH_FOLD_C,0.5142510533332825
2021-07-08,2021-07-09,HDFCBANK,0.0,0.5137038230895996,SEARCH_FOLD_C,0.5137038230895996
2021-07-09,2021-07-12,HDFCBANK,0.0,0.5131136775016785,SEARCH_FOLD_C,0.5131136775016785
2021-07-12,2021-07-13,HDFCBANK,1.0,0.5125164985656738,SEARCH_FOLD_C,0.5125164985656738
2021-07-13,2021-07-14,HDFCBANK,0.0,0.51192307472229,SEARCH_FOLD_C,0.51192307472229
2021-07-14,2021-07-15,HDFCBANK,1.0,0.5113573670387268,SEARCH_FOLD_C,0.5113573670387268
2021-07-15,2021-07-16,HDFCBANK,1.0,0.5107375979423523,SEARCH_FOLD_C,0.5107375979423523
2021-07-16,2021-07-19,HDFCBANK,0.0,0.5102136731147766,SEARCH_FOLD_C,0.5102136731147766
2021-07-19,2021-07-20,HDFCBANK,0.0,0.5097302794456482,SEARCH_FOLD_C,0.5097302794456482
2021-07-20,2021-07-22,HDFCBANK,1.0,0.5093211531639099,SEARCH_FOLD_C,0.5093211531639099
2021-07-22,2021-07-23,HDFCBANK,0.0,0.5089211463928223,SEARCH_FOLD_C,0.5089211463928223
2021-07-23,2021-07-26,HDFCBANK,0.0,0.5085083842277527,SEARCH_FOLD_C,0.5085083842277527
2021-07-26,2021-07-27,HDFCBANK,1.0,0.5080526471138,SEARCH_FOLD_C,0.5080526471138
2021-07-27,2021-07-28,HDFCBANK,0.0,0.5076640248298645,SEARCH_FOLD_C,0.5076640248298645
2021-07-28,2021-07-29,HDFCBANK,1.0,0.5071861147880554,SEARCH_FOLD_C,0.5071861147880554
2021-07-29,2021-07-30,HDFCBANK,1.0,0.5067182183265686,SEARCH_FOLD_C,0.5067182183265686
2021-07-30,2021-08-02,HDFCBANK,0.0,0.5063673257827759,SEARCH_FOLD_C,0.5063673257827759
2021-08-02,2021-08-03,HDFCBANK,1.0,0.505998432636261,SEARCH_FOLD_C,0.505998432636261
2021-08-03,2021-08-04,HDFCBANK,1.0,0.5055953860282898,SEARCH_FOLD_C,0.5055953860282898
2021-08-04,2021-08-05,HDFCBANK,1.0,0.505323588848114,SEARCH_FOLD_C,0.505323588848114
2021-08-05,2021-08-06,HDFCBANK,1.0,0.505162239074707,SEARCH_FOLD_C,0.505162239074707
2021-08-06,2021-08-09,HDFCBANK,1.0,0.5049512386322021,SEARCH_FOLD_C,0.5049512386322021
2021-08-09,2021-08-10,HDFCBANK,1.0,0.5047896504402161,SEARCH_FOLD_C,0.5047896504402161
2021-08-10,2021-08-11,HDFCBANK,0.0,0.5047569870948792,SEARCH_FOLD_C,0.5047569870948792
2021-08-11,2021-08-12,HDFCBANK,1.0,0.5048245191574097,SEARCH_FOLD_C,0.5048245191574097
2021-08-12,2021-08-13,HDFCBANK,1.0,0.5049832463264465,SEARCH_FOLD_C,0.5049832463264465
2021-08-13,2021-08-16,HDFCBANK,1.0,0.5053055286407471,SEARCH_FOLD_C,0.5053055286407471
2021-08-16,2021-08-17,HDFCBANK,0.0,0.5058016180992126,SEARCH_FOLD_C,0.5058016180992126
2021-08-17,2021-08-18,HDFCBANK,0.0,0.5062845349311829,SEARCH_FOLD_C,0.5062845349311829
2021-08-18,2021-08-20,HDFCBANK,1.0,0.5065271854400635,SEARCH_FOLD_C,0.5065271854400635
2021-08-20,2021-08-23,HDFCBANK,1.0,0.5067028403282166,SEARCH_FOLD_C,0.5067028403282166
2021-08-23,2021-08-24,HDFCBANK,1.0,0.5069243311882019,SEARCH_FOLD_C,0.5069243311882019
2021-08-24,2021-08-25,HDFCBANK,0.0,0.5072470307350159,SEARCH_FOLD_C,0.5072470307350159
2021-08-25,2021-08-26,HDFCBANK,0.0,0.507703423500061,SEARCH_FOLD_C,0.507703423500061
2021-08-26,2021-08-27,HDFCBANK,0.0,0.5081214904785156,SEARCH_FOLD_C,0.5081214904785156
2021-08-27,2021-08-30,HDFCBANK,1.0,0.5086150765419006,SEARCH_FOLD_C,0.5086150765419006
2021-08-30,2021-08-31,HDFCBANK,1.0,0.5089743733406067,SEARCH_FOLD_C,0.5089743733406067
2021-08-31,2021-09-01,HDFCBANK,0.0,0.5093002319335938,SEARCH_FOLD_C,0.5093002319335938
2021-09-01,2021-09-02,HDFCBANK,1.0,0.5098439455032349,SEARCH_FOLD_C,0.5098439455032349
2021-09-02,2021-09-03,HDFCBANK,0.0,0.5105389952659607,SEARCH_FOLD_C,0.5105389952659607
2021-09-03,2021-09-06,HDFCBANK,0.0,0.5112512111663818,SEARCH_FOLD_C,0.5112512111663818
2021-09-06,2021-09-07,HDFCBANK,1.0,0.5120306611061096,SEARCH_FOLD_C,0.5120306611061096
2021-09-07,2021-09-08,HDFCBANK,1.0,0.5128502249717712,SEARCH_FOLD_C,0.5128502249717712
2021-09-08,2021-09-09,HDFCBANK,0.0,0.5135967135429382,SEARCH_FOLD_C,0.5135967135429382
2021-09-09,2021-09-13,HDFCBANK,0.0,0.514415979385376,SEARCH_FOLD_C,0.514415979385376
2021-09-13,2021-09-14,HDFCBANK,0.0,0.5151731967926025,SEARCH_FOLD_C,0.5151731967926025
2021-09-14,2021-09-15,HDFCBANK,0.0,0.5158206820487976,SEARCH_FOLD_C,0.5158206820487976
2021-09-15,2021-09-16,HDFCBANK,1.0,0.5164508819580078,SEARCH_FOLD_C,0.5164508819580078
2021-09-16,2021-09-17,HDFCBANK,1.0,0.5169310569763184,SEARCH_FOLD_C,0.5169310569763184
2021-09-17,2021-09-20,HDFCBANK,0.0,0.5171721577644348,SEARCH_FOLD_C,0.5171721577644348
2021-09-20,2021-09-21,HDFCBANK,0.0,0.517220675945282,SEARCH_FOLD_C,0.517220675945282
2021-09-21,2021-09-22,HDFCBANK,0.0,0.5171361565589905,SEARCH_FOLD_C,0.5171361565589905
2021-09-22,2021-09-23,HDFCBANK,1.0,0.5168601870536804,SEARCH_FOLD_C,0.5168601870536804
2021-09-23,2021-09-24,HDFCBANK,1.0,0.5164769291877747,SEARCH_FOLD_C,0.5164769291877747
2021-09-24,2021-09-27,HDFCBANK,1.0,0.5161861777305603,SEARCH_FOLD_C,0.5161861777305603
2021-09-27,2021-09-28,HDFCBANK,0.0,0.5159175992012024,SEARCH_FOLD_C,0.5159175992012024
2021-09-28,2021-09-29,HDFCBANK,0.0,0.5155624151229858,SEARCH_FOLD_C,0.5155624151229858
2021-09-29,2021-09-30,HDFCBANK,1.0,0.5152212381362915,SEARCH_FOLD_C,0.5152212381362915
2021-09-30,2021-10-01,HDFCBANK,0.0,0.5150293707847595,SEARCH_FOLD_C,0.5150293707847595
2021-10-01,2021-10-04,HDFCBANK,1.0,0.5148695111274719,SEARCH_FOLD_C,0.5148695111274719
2021-10-04,2021-10-05,HDFCBANK,1.0,0.51471346616745,SEARCH_FOLD_C,0.51471346616745
2021-10-05,2021-10-06,HDFCBANK,1.0,0.5145581960678101,SEARCH_FOLD_C,0.5145581960678101
2021-10-06,2021-10-07,HDFCBANK,0.0,0.5142691731452942,SEARCH_FOLD_C,0.5142691731452942
2021-10-07,2021-10-08,HDFCBANK,0.0,0.5139821171760559,SEARCH_FOLD_C,0.5139821171760559
2021-10-08,2021-10-11,HDFCBANK,1.0,0.5137149691581726,SEARCH_FOLD_C,0.5137149691581726
2021-10-11,2021-10-12,HDFCBANK,0.0,0.5135369896888733,SEARCH_FOLD_C,0.5135369896888733
2021-10-12,2021-10-13,HDFCBANK,1.0,0.5133347511291504,SEARCH_FOLD_C,0.5133347511291504
2021-10-13,2021-10-14,HDFCBANK,1.0,0.5131018757820129,SEARCH_FOLD_C,0.5131018757820129
2021-10-14,2021-10-18,HDFCBANK,0.0,0.5129255056381226,SEARCH_FOLD_C,0.5129255056381226
2021-10-18,2021-10-19,HDFCBANK,1.0,0.5128152370452881,SEARCH_FOLD_C,0.5128152370452881
2021-10-19,2021-10-20,HDFCBANK,0.0,0.5128105282783508,SEARCH_FOLD_C,0.5128105282783508
2021-10-20,2021-10-21,HDFCBANK,1.0,0.5129476189613342,SEARCH_FOLD_C,0.5129476189613342
2021-10-21,2021-10-22,HDFCBANK,1.0,0.5131337642669678,SEARCH_FOLD_C,0.5131337642669678
2021-10-22,2021-10-25,HDFCBANK,0.0,0.5133188962936401,SEARCH_FOLD_C,0.5133188962936401
2021-10-25,2021-10-26,HDFCBANK,0.0,0.5135610699653625,SEARCH_FOLD_C,0.5135610699653625
2021-10-26,2021-10-27,HDFCBANK,0.0,0.5138757228851318,SEARCH_FOLD_C,0.5138757228851318
2021-10-27,2021-10-28,HDFCBANK,0.0,0.5142378807067871,SEARCH_FOLD_C,0.5142378807067871
2021-10-28,2021-10-29,HDFCBANK,0.0,0.5145649313926697,SEARCH_FOLD_C,0.5145649313926697
2021-10-29,2021-11-01,HDFCBANK,1.0,0.5147466659545898,SEARCH_FOLD_C,0.5147466659545898
2021-11-01,2021-11-02,HDFCBANK,1.0,0.5146946310997009,SEARCH_FOLD_C,0.5146946310997009
2021-11-02,2021-11-03,HDFCBANK,0.0,0.5147117972373962,SEARCH_FOLD_C,0.5147117972373962
2021-11-03,2021-11-04,HDFCBANK,1.0,0.5146893262863159,SEARCH_FOLD_C,0.5146893262863159
2021-11-04,2021-11-08,HDFCBANK,1.0,0.514789342880249,SEARCH_FOLD_C,0.514789342880249
2021-11-08,2021-11-09,HDFCBANK,0.0,0.514682412147522,SEARCH_FOLD_C,0.514682412147522
2021-11-09,2021-11-10,HDFCBANK,0.0,0.5143688321113586,SEARCH_FOLD_C,0.5143688321113586
2021-11-10,2021-11-11,HDFCBANK,0.0,0.5138579607009888,SEARCH_FOLD_C,0.5138579607009888
2021-11-11,2021-11-12,HDFCBANK,1.0,0.5132495164871216,SEARCH_FOLD_C,0.5132495164871216
2021-11-12,2021-11-15,HDFCBANK,1.0,0.5126502513885498,SEARCH_FOLD_C,0.5126502513885498
2021-11-15,2021-11-16,HDFCBANK,0.0,0.512021541595459,SEARCH_FOLD_C,0.512021541595459
2021-11-16,2021-11-17,HDFCBANK,0.0,0.5114585161209106,SEARCH_FOLD_C,0.5114585161209106
2021-11-17,2021-11-18,HDFCBANK,1.0,0.5109103322029114,SEARCH_FOLD_C,0.5109103322029114
2021-11-18,2021-11-22,HDFCBANK,0.0,0.5103336572647095,SEARCH_FOLD_C,0.5103336572647095
2021-11-22,2021-11-23,HDFCBANK,1.0,0.5096303820610046,SEARCH_FOLD_C,0.5096303820610046
2021-11-23,2021-11-24,HDFCBANK,1.0,0.5089535117149353,SEARCH_FOLD_C,0.5089535117149353
2021-11-24,2021-11-25,HDFCBANK,1.0,0.5083492994308472,SEARCH_FOLD_C,0.5083492994308472
2021-11-25,2021-11-26,HDFCBANK,0.0,0.5076091289520264,SEARCH_FOLD_C,0.5076091289520264
2021-11-26,2021-11-29,HDFCBANK,1.0,0.5068753957748413,SEARCH_FOLD_C,0.5068753957748413
2021-11-29,2021-11-30,HDFCBANK,0.0,0.5061285495758057,SEARCH_FOLD_C,0.5061285495758057
2021-11-30,2021-12-01,HDFCBANK,1.0,0.5051857233047485,SEARCH_FOLD_C,0.5051857233047485
2021-12-01,2021-12-02,HDFCBANK,1.0,0.504188597202301,SEARCH_FOLD_C,0.504188597202301
2021-12-02,2021-12-03,HDFCBANK,0.0,0.5032365322113037,SEARCH_FOLD_C,0.5032365322113037
2021-12-03,2021-12-06,HDFCBANK,0.0,0.5023185014724731,SEARCH_FOLD_C,0.5023185014724731
2021-12-06,2021-12-07,HDFCBANK,1.0,0.5014404654502869,SEARCH_FOLD_C,0.5014404654502869
2021-12-07,2021-12-08,HDFCBANK,1.0,0.500615656375885,SEARCH_FOLD_C,0.500615656375885
2021-12-08,2021-12-09,HDFCBANK,0.0,0.4999558925628662,SEARCH_FOLD_C,0.5000441074371338
2021-12-09,2021-12-10,HDFCBANK,0.0,0.4994283318519592,SEARCH_FOLD_C,0.5005716681480408
2021-12-10,2021-12-13,HDFCBANK,0.0,0.4990153610706329,SEARCH_FOLD_C,0.5009846389293671
2021-12-13,2021-12-14,HDFCBANK,0.0,0.4988745152950287,SEARCH_FOLD_C,0.5011254847049713
2021-12-14,2021-12-15,HDFCBANK,0.0,0.4988481700420379,SEARCH_FOLD_C,0.501151829957962
2021-12-15,2021-12-16,HDFCBANK,1.0,0.4987600743770599,SEARCH_FOLD_C,0.5012399256229401
2021-12-16,2021-12-17,HDFCBANK,0.0,0.498709499835968,SEARCH_FOLD_C,0.501290500164032
2021-12-17,2021-12-20,HDFCBANK,0.0,0.4987687468528747,SEARCH_FOLD_C,0.5012312531471252
2021-12-20,2021-12-21,HDFCBANK,1.0,0.498702198266983,SEARCH_FOLD_C,0.501297801733017
2021-12-21,2021-12-22,HDFCBANK,1.0,0.498536467552185,SEARCH_FOLD_C,0.5014635324478149
2021-12-22,2021-12-23,HDFCBANK,0.0,0.4984695315361023,SEARCH_FOLD_C,0.5015304684638977
2021-12-23,2021-12-24,HDFCBANK,0.0,0.4984451234340668,SEARCH_FOLD_C,0.5015548765659332
2021-12-24,2021-12-27,HDFCBANK,1.0,0.4984272420406341,SEARCH_FOLD_C,0.5015727579593658
2021-12-27,2021-12-28,HDFCBANK,1.0,0.4983906149864197,SEARCH_FOLD_C,0.5016093850135803
2021-12-28,2021-12-29,HDFCBANK,0.0,0.4983967840671539,SEARCH_FOLD_C,0.5016032159328461
2021-12-29,2021-12-30,HDFCBANK,1.0,0.4984593391418457,SEARCH_FOLD_C,0.5015406608581543
2021-12-30,2021-12-31,HDFCBANK,1.0,0.4986142218112945,SEARCH_FOLD_C,0.5013857781887054
2021-01-01,2021-01-04,ITC,0.0,0.4775098264217376,SEARCH_FOLD_C,0.5224901735782623
2021-01-04,2021-01-05,ITC,0.0,0.477024644613266,SEARCH_FOLD_C,0.522975355386734
2021-01-05,2021-01-06,ITC,0.0,0.4766244888305664,SEARCH_FOLD_C,0.5233755111694336
2021-01-06,2021-01-07,ITC,0.0,0.4761258363723755,SEARCH_FOLD_C,0.5238741636276245
2021-01-07,2021-01-08,ITC,0.0,0.4758376181125641,SEARCH_FOLD_C,0.5241623818874359
2021-01-08,2021-01-11,ITC,1.0,0.4754618704319,SEARCH_FOLD_C,0.5245381295681
2021-01-11,2021-01-12,ITC,1.0,0.4750891923904419,SEARCH_FOLD_C,0.5249108076095581
2021-01-12,2021-01-13,ITC,1.0,0.4746868014335632,SEARCH_FOLD_C,0.5253131985664368
2021-01-13,2021-01-14,ITC,1.0,0.4742304682731628,SEARCH_FOLD_C,0.5257695317268372
2021-01-14,2021-01-15,ITC,1.0,0.4738441109657287,SEARCH_FOLD_C,0.5261558890342712
2021-01-15,2021-01-18,ITC,1.0,0.4734621942043304,SEARCH_FOLD_C,0.5265378057956696
2021-01-18,2021-01-19,ITC,0.0,0.473095029592514,SEARCH_FOLD_C,0.526904970407486
2021-01-19,2021-01-20,ITC,0.0,0.4728429913520813,SEARCH_FOLD_C,0.5271570086479187
2021-01-20,2021-01-21,ITC,0.0,0.47248375415802,SEARCH_FOLD_C,0.52751624584198
2021-01-21,2021-01-22,ITC,0.0,0.4722505807876587,SEARCH_FOLD_C,0.5277494192123413
2021-01-22,2021-01-25,ITC,0.0,0.4722155928611755,SEARCH_FOLD_C,0.5277844071388245
2021-01-25,2021-01-27,ITC,1.0,0.4723341464996338,SEARCH_FOLD_C,0.5276658535003662
2021-01-27,2021-01-28,ITC,0.0,0.4723809957504272,SEARCH_FOLD_C,0.5276190042495728
2021-01-28,2021-01-29,ITC,0.0,0.472315102815628,SEARCH_FOLD_C,0.527684897184372
2021-01-29,2021-02-01,ITC,1.0,0.4722784459590912,SEARCH_FOLD_C,0.5277215540409088
2021-02-01,2021-02-02,ITC,1.0,0.4721624553203583,SEARCH_FOLD_C,0.5278375446796417
2021-02-02,2021-02-03,ITC,0.0,0.4720320403575897,SEARCH_FOLD_C,0.5279679596424103
2021-02-03,2021-02-04,ITC,1.0,0.4717419147491455,SEARCH_FOLD_C,0.5282580852508545
2021-02-04,2021-02-05,ITC,1.0,0.4713887572288513,SEARCH_FOLD_C,0.5286112427711487
2021-02-05,2021-02-08,ITC,0.0,0.47101691365242,SEARCH_FOLD_C,0.52898308634758
2021-02-08,2021-02-09,ITC,0.0,0.4706982970237732,SEARCH_FOLD_C,0.5293017029762268
2021-02-09,2021-02-10,ITC,0.0,0.4703863263130188,SEARCH_FOLD_C,0.5296136736869812
2021-02-10,2021-02-11,ITC,0.0,0.4701612591743469,SEARCH_FOLD_C,0.5298387408256531
2021-02-11,2021-02-12,ITC,0.0,0.4698976874351501,SEARCH_FOLD_C,0.5301023125648499
2021-02-12,2021-02-15,ITC,1.0,0.4696228504180908,SEARCH_FOLD_C,0.5303771495819092
2021-02-15,2021-02-16,ITC,0.0,0.4694432914257049,SEARCH_FOLD_C,0.530556708574295
2021-02-16,2021-02-17,ITC,0.0,0.4693285822868347,SEARCH_FOLD_C,0.5306714177131653
2021-02-17,2021-02-18,ITC,1.0,0.4691751003265381,SEARCH_FOLD_C,0.5308248996734619
2021-02-18,2021-02-19,ITC,0.0,0.4691698253154754,SEARCH_FOLD_C,0.5308301746845245
2021-02-19,2021-02-22,ITC,0.0,0.46905118227005,SEARCH_FOLD_C,0.53094881772995
2021-02-22,2021-02-23,ITC,1.0,0.4689954817295074,SEARCH_FOLD_C,0.5310045182704926
2021-02-23,2021-02-24,ITC,1.0,0.4689058661460876,SEARCH_FOLD_C,0.5310941338539124
2021-02-24,2021-02-25,ITC,1.0,0.4688309133052826,SEARCH_FOLD_C,0.5311690866947174
2021-02-25,2021-02-26,ITC,0.0,0.4689619243144989,SEARCH_FOLD_C,0.5310380756855011
2021-02-26,2021-03-01,ITC,1.0,0.4691059589385986,SEARCH_FOLD_C,0.5308940410614014
2021-03-01,2021-03-02,ITC,1.0,0.4693326652050018,SEARCH_FOLD_C,0.5306673347949982
2021-03-02,2021-03-03,ITC,1.0,0.4696485102176666,SEARCH_FOLD_C,0.5303514897823334
2021-03-03,2021-03-04,ITC,0.0,0.4698553681373596,SEARCH_FOLD_C,0.5301446318626404
2021-03-04,2021-03-05,ITC,0.0,0.4700301885604858,SEARCH_FOLD_C,0.5299698114395142
2021-03-05,2021-03-08,ITC,0.0,0.470068097114563,SEARCH_FOLD_C,0.529931902885437
2021-03-08,2021-03-09,ITC,0.0,0.4700367152690887,SEARCH_FOLD_C,0.5299632847309113
2021-03-09,2021-03-10,ITC,0.0,0.4699827432632446,SEARCH_FOLD_C,0.5300172567367554
2021-03-10,2021-03-12,ITC,0.0,0.4701432585716247,SEARCH_FOLD_C,0.5298567414283752
2021-03-12,2021-03-15,ITC,1.0,0.4701851010322571,SEARCH_FOLD_C,0.5298148989677429
2021-03-15,2021-03-16,ITC,1.0,0.4701841473579407,SEARCH_FOLD_C,0.5298158526420593
2021-03-16,2021-03-17,ITC,1.0,0.4703423082828522,SEARCH_FOLD_C,0.5296576917171478
2021-03-17,2021-03-18,ITC,1.0,0.4704965949058532,SEARCH_FOLD_C,0.5295034050941467
2021-03-18,2021-03-19,ITC,1.0,0.4704796075820923,SEARCH_FOLD_C,0.5295203924179077
2021-03-19,2021-03-22,ITC,1.0,0.4706576764583587,SEARCH_FOLD_C,0.5293423235416412
2021-03-22,2021-03-23,ITC,0.0,0.4709149599075317,SEARCH_FOLD_C,0.5290850400924683
2021-03-23,2021-03-24,ITC,0.0,0.4709929227828979,SEARCH_FOLD_C,0.529007077217102
2021-03-24,2021-03-25,ITC,0.0,0.471010684967041,SEARCH_FOLD_C,0.528989315032959
2021-03-25,2021-03-26,ITC,0.0,0.4708630442619324,SEARCH_FOLD_C,0.5291369557380676
2021-03-26,2021-03-30,ITC,1.0,0.4706576764583587,SEARCH_FOLD_C,0.5293423235416412
2021-03-30,2021-03-31,ITC,1.0,0.4706621766090393,SEARCH_FOLD_C,0.5293378233909607
2021-03-31,2021-04-01,ITC,1.0,0.4703346192836761,SEARCH_FOLD_C,0.5296653807163239
2021-04-01,2021-04-05,ITC,0.0,0.4699732959270477,SEARCH_FOLD_C,0.5300267040729523
2021-04-05,2021-04-06,ITC,1.0,0.4695477783679962,SEARCH_FOLD_C,0.5304522216320038
2021-04-06,2021-04-07,ITC,1.0,0.46918785572052,SEARCH_FOLD_C,0.53081214427948
2021-04-07,2021-04-08,ITC,0.0,0.4688324332237243,SEARCH_FOLD_C,0.5311675667762756
2021-04-08,2021-04-09,ITC,0.0,0.4686723053455353,SEARCH_FOLD_C,0.5313276946544647
2021-04-09,2021-04-12,ITC,0.0,0.4683397710323334,SEARCH_FOLD_C,0.5316602289676666
2021-04-12,2021-04-13,ITC,1.0,0.4679731726646423,SEARCH_FOLD_C,0.5320268273353577
2021-04-13,2021-04-15,ITC,0.0,0.4677427113056183,SEARCH_FOLD_C,0.5322572886943817
2021-04-15,2021-04-16,ITC,1.0,0.4676756262779236,SEARCH_FOLD_C,0.5323243737220764
2021-04-16,2021-04-19,ITC,0.0,0.4674047231674194,SEARCH_FOLD_C,0.5325952768325806
2021-04-19,2021-04-20,ITC,0.0,0.4672452807426452,SEARCH_FOLD_C,0.5327547192573547
2021-04-20,2021-04-22,ITC,1.0,0.4671038687229156,SEARCH_FOLD_C,0.5328961312770844
2021-04-22,2021-04-23,ITC,0.0,0.4669542908668518,SEARCH_FOLD_C,0.5330457091331482
2021-04-23,2021-04-26,ITC,0.0,0.4667055308818817,SEARCH_FOLD_C,0.5332944691181183
2021-04-26,2021-04-27,ITC,1.0,0.4664353132247925,SEARCH_FOLD_C,0.5335646867752075
2021-04-27,2021-04-28,ITC,1.0,0.4661180973052978,SEARCH_FOLD_C,0.5338819026947021
2021-04-28,2021-04-29,ITC,0.0,0.4657435715198517,SEARCH_FOLD_C,0.5342564284801483
2021-04-29,2021-04-30,ITC,0.0,0.4653812646865845,SEARCH_FOLD_C,0.5346187353134155
2021-04-30,2021-05-03,ITC,0.0,0.4651169776916504,SEARCH_FOLD_C,0.5348830223083496
2021-05-03,2021-05-04,ITC,0.0,0.4649430215358734,SEARCH_FOLD_C,0.5350569784641266
2021-05-04,2021-05-05,ITC,1.0,0.4649825990200043,SEARCH_FOLD_C,0.5350174009799957
2021-05-05,2021-05-06,ITC,1.0,0.4651443064212799,SEARCH_FOLD_C,0.5348556935787201
2021-05-06,2021-05-07,ITC,1.0,0.465451031923294,SEARCH_FOLD_C,0.5345489680767059
2021-05-07,2021-05-10,ITC,1.0,0.4657532274723053,SEARCH_FOLD_C,0.5342467725276947
2021-05-10,2021-05-11,ITC,0.0,0.4659546613693237,SEARCH_FOLD_C,0.5340453386306763
2021-05-11,2021-05-12,ITC,0.0,0.4660046696662903,SEARCH_FOLD_C,0.5339953303337097
2021-05-12,2021-05-14,ITC,1.0,0.4660449624061584,SEARCH_FOLD_C,0.5339550375938416
2021-05-14,2021-05-17,ITC,1.0,0.465908408164978,SEARCH_FOLD_C,0.534091591835022
2021-05-17,2021-05-18,ITC,0.0,0.465811163187027,SEARCH_FOLD_C,0.534188836812973
2021-05-18,2021-05-19,ITC,0.0,0.465837150812149,SEARCH_FOLD_C,0.534162849187851
2021-05-19,2021-05-20,ITC,0.0,0.4658754169940948,SEARCH_FOLD_C,0.5341245830059052
2021-05-20,2021-05-21,ITC,1.0,0.4659034311771393,SEARCH_FOLD_C,0.5340965688228607
2021-05-21,2021-05-24,ITC,1.0,0.4658927619457245,SEARCH_FOLD_C,0.5341072380542755
2021-05-24,2021-05-25,ITC,0.0,0.4658393561840057,SEARCH_FOLD_C,0.5341606438159943
2021-05-25,2021-05-26,ITC,0.0,0.4657829701900482,SEARCH_FOLD_C,0.5342170298099518
2021-05-26,2021-05-27,ITC,1.0,0.4657403230667114,SEARCH_FOLD_C,0.5342596769332886
2021-05-27,2021-05-28,ITC,1.0,0.4658044576644897,SEARCH_FOLD_C,0.5341955423355103
2021-05-28,2021-05-31,ITC,1.0,0.4657192528247833,SEARCH_FOLD_C,0.5342807471752167
2021-05-31,2021-06-01,ITC,0.0,0.4656091034412384,SEARCH_FOLD_C,0.5343908965587616
2021-06-01,2021-06-02,ITC,0.0,0.4654515385627746,SEARCH_FOLD_C,0.5345484614372253
2021-06-02,2021-06-03,ITC,1.0,0.4653109014034271,SEARCH_FOLD_C,0.5346890985965729
2021-06-03,2021-06-04,ITC,0.0,0.4651853442192077,SEARCH_FOLD_C,0.5348146557807922
2021-06-04,2021-06-07,ITC,1.0,0.4651035666465759,SEARCH_FOLD_C,0.5348964333534241
2021-06-07,2021-06-08,ITC,1.0,0.4650101959705353,SEARCH_FOLD_C,0.5349898040294647
2021-06-08,2021-06-09,ITC,0.0,0.4648912250995636,SEARCH_FOLD_C,0.5351087749004364
2021-06-09,2021-06-10,ITC,0.0,0.4647427201271057,SEARCH_FOLD_C,0.5352572798728943
2021-06-10,2021-06-11,ITC,0.0,0.4646239578723907,SEARCH_FOLD_C,0.5353760421276093
2021-06-11,2021-06-14,ITC,0.0,0.4645274579524994,SEARCH_FOLD_C,0.5354725420475006
2021-06-14,2021-06-15,ITC,0.0,0.4644646048545837,SEARCH_FOLD_C,0.5355353951454163
2021-06-15,2021-06-16,ITC,1.0,0.4644255340099334,SEARCH_FOLD_C,0.5355744659900665
2021-06-16,2021-06-17,ITC,0.0,0.4643572270870209,SEARCH_FOLD_C,0.5356427729129791
2021-06-17,2021-06-18,ITC,0.0,0.464269757270813,SEARCH_FOLD_C,0.535730242729187
2021-06-18,2021-06-21,ITC,0.0,0.464228868484497,SEARCH_FOLD_C,0.5357711315155029
2021-06-21,2021-06-22,ITC,1.0,0.4642471075057983,SEARCH_FOLD_C,0.5357528924942017
2021-06-22,2021-06-23,ITC,0.0,0.4642682075500488,SEARCH_FOLD_C,0.5357317924499512
2021-06-23,2021-06-24,ITC,0.0,0.464254766702652,SEARCH_FOLD_C,0.535745233297348
2021-06-24,2021-06-25,ITC,1.0,0.4642239809036255,SEARCH_FOLD_C,0.5357760190963745
2021-06-25,2021-06-28,ITC,0.0,0.464434266090393,SEARCH_FOLD_C,0.5355657339096069
2021-06-28,2021-06-29,ITC,0.0,0.4646577835083008,SEARCH_FOLD_C,0.5353422164916992
2021-06-29,2021-06-30,ITC,0.0,0.4648262560367584,SEARCH_FOLD_C,0.5351737439632416
2021-06-30,2021-07-01,ITC,1.0,0.4649324119091034,SEARCH_FOLD_C,0.5350675880908966
2021-07-01,2021-07-02,ITC,0.0,0.4649819433689117,SEARCH_FOLD_C,0.5350180566310883
2021-07-02,2021-07-05,ITC,1.0,0.4650885164737701,SEARCH_FOLD_C,0.5349114835262299
2021-07-05,2021-07-06,ITC,0.0,0.4652853310108185,SEARCH_FOLD_C,0.5347146689891815
2021-07-06,2021-07-07,ITC,1.0,0.4654539227485657,SEARCH_FOLD_C,0.5345460772514343
2021-07-07,2021-07-08,ITC,0.0,0.465541124343872,SEARCH_FOLD_C,0.5344588756561279
2021-07-08,2021-07-09,ITC,0.0,0.4657942652702331,SEARCH_FOLD_C,0.5342057347297668
2021-07-09,2021-07-12,ITC,0.0,0.4660019278526306,SEARCH_FOLD_C,0.5339980721473694
2021-07-12,2021-07-13,ITC,1.0,0.4664495289325714,SEARCH_FOLD_C,0.5335504710674286
2021-07-13,2021-07-14,ITC,1.0,0.4667772948741913,SEARCH_FOLD_C,0.5332227051258087
2021-07-14,2021-07-15,ITC,1.0,0.4671393930912018,SEARCH_FOLD_C,0.5328606069087982
2021-07-15,2021-07-16,ITC,1.0,0.4673581719398498,SEARCH_FOLD_C,0.5326418280601501
2021-07-16,2021-07-19,ITC,0.0,0.4674339890480041,SEARCH_FOLD_C,0.5325660109519958
2021-07-19,2021-07-20,ITC,0.0,0.4675570726394653,SEARCH_FOLD_C,0.5324429273605347
2021-07-20,2021-07-22,ITC,1.0,0.4676843881607055,SEARCH_FOLD_C,0.5323156118392944
2021-07-22,2021-07-23,ITC,1.0,0.4678056240081787,SEARCH_FOLD_C,0.5321943759918213
2021-07-23,2021-07-26,ITC,0.0,0.4678779542446136,SEARCH_FOLD_C,0.5321220457553864
2021-07-26,2021-07-27,ITC,0.0,0.4678463637828827,SEARCH_FOLD_C,0.5321536362171173
2021-07-27,2021-07-28,ITC,1.0,0.4677865207195282,SEARCH_FOLD_C,0.5322134792804718
2021-07-28,2021-07-29,ITC,0.0,0.4677313268184662,SEARCH_FOLD_C,0.5322686731815338
2021-07-29,2021-07-30,ITC,0.0,0.4677949845790863,SEARCH_FOLD_C,0.5322050154209137
2021-07-30,2021-08-02,ITC,1.0,0.4679142832756042,SEARCH_FOLD_C,0.5320857167243958
2021-08-02,2021-08-03,ITC,1.0,0.4680343270301819,SEARCH_FOLD_C,0.5319656729698181
2021-08-03,2021-08-04,ITC,0.0,0.4680923521518707,SEARCH_FOLD_C,0.5319076478481293
2021-08-04,2021-08-05,ITC,1.0,0.4681745767593384,SEARCH_FOLD_C,0.5318254232406616
2021-08-05,2021-08-06,ITC,0.0,0.4681662321090698,SEARCH_FOLD_C,0.5318337678909302
2021-08-06,2021-08-09,ITC,0.0,0.468155562877655,SEARCH_FOLD_C,0.531844437122345
2021-08-09,2021-08-10,ITC,0.0,0.4681088030338287,SEARCH_FOLD_C,0.5318911969661713
2021-08-10,2021-08-11,ITC,0.0,0.4680941104888916,SEARCH_FOLD_C,0.5319058895111084
2021-08-11,2021-08-12,ITC,1.0,0.4680864810943603,SEARCH_FOLD_C,0.5319135189056396
2021-08-12,2021-08-13,ITC,1.0,0.4680968821048736,SEARCH_FOLD_C,0.5319031178951263
2021-08-13,2021-08-16,ITC,0.0,0.4680795073509216,SEARCH_FOLD_C,0.5319204926490784
2021-08-16,2021-08-17,ITC,0.0,0.4680716693401336,SEARCH_FOLD_C,0.5319283306598663
2021-08-17,2021-08-18,ITC,0.0,0.4680871069431305,SEARCH_FOLD_C,0.5319128930568695
2021-08-18,2021-08-20,ITC,0.0,0.4681155383586883,SEARCH_FOLD_C,0.5318844616413116
2021-08-20,2021-08-23,ITC,0.0,0.4682025015354156,SEARCH_FOLD_C,0.5317974984645844
2021-08-23,2021-08-24,ITC,0.0,0.4683311581611633,SEARCH_FOLD_C,0.5316688418388367
2021-08-24,2021-08-25,ITC,1.0,0.4683977961540222,SEARCH_FOLD_C,0.5316022038459778
2021-08-25,2021-08-26,ITC,0.0,0.4684517085552215,SEARCH_FOLD_C,0.5315482914447784
2021-08-26,2021-08-27,ITC,1.0,0.468498170375824,SEARCH_FOLD_C,0.531501829624176
2021-08-27,2021-08-30,ITC,1.0,0.4686127007007599,SEARCH_FOLD_C,0.5313872992992401
2021-08-30,2021-08-31,ITC,1.0,0.468790590763092,SEARCH_FOLD_C,0.531209409236908
2021-08-31,2021-09-01,ITC,0.0,0.4689755439758301,SEARCH_FOLD_C,0.5310244560241699
2021-09-01,2021-09-02,ITC,1.0,0.469068169593811,SEARCH_FOLD_C,0.530931830406189
2021-09-02,2021-09-03,ITC,1.0,0.4691224694252014,SEARCH_FOLD_C,0.5308775305747986
2021-09-03,2021-09-06,ITC,0.0,0.4691529273986816,SEARCH_FOLD_C,0.5308470726013184
2021-09-06,2021-09-07,ITC,1.0,0.4694048464298248,SEARCH_FOLD_C,0.5305951535701752
2021-09-07,2021-09-08,ITC,0.0,0.4695478081703186,SEARCH_FOLD_C,0.5304521918296814
2021-09-08,2021-09-09,ITC,1.0,0.4695364236831665,SEARCH_FOLD_C,0.5304635763168335
2021-09-09,2021-09-13,ITC,1.0,0.4694678783416748,SEARCH_FOLD_C,0.5305321216583252
2021-09-13,2021-09-14,ITC,1.0,0.4693329930305481,SEARCH_FOLD_C,0.5306670069694519
2021-09-14,2021-09-15,ITC,0.0,0.4691319167613983,SEARCH_FOLD_C,0.5308680832386017
2021-09-15,2021-09-16,ITC,1.0,0.4689207673072815,SEARCH_FOLD_C,0.5310792326927185
2021-09-16,2021-09-17,ITC,1.0,0.4687652289867401,SEARCH_FOLD_C,0.5312347710132599
2021-09-17,2021-09-20,ITC,1.0,0.4685081243515014,SEARCH_FOLD_C,0.5314918756484985
2021-09-20,2021-09-21,ITC,1.0,0.4684291183948517,SEARCH_FOLD_C,0.5315708816051483
2021-09-21,2021-09-22,ITC,1.0,0.4681388437747955,SEARCH_FOLD_C,0.5318611562252045
2021-09-22,2021-09-23,ITC,0.0,0.4677271544933319,SEARCH_FOLD_C,0.5322728455066681
2021-09-23,2021-09-24,ITC,0.0,0.4671824872493744,SEARCH_FOLD_C,0.5328175127506256
2021-09-24,2021-09-27,ITC,1.0,0.4665506184101105,SEARCH_FOLD_C,0.5334493815898895
2021-09-27,2021-09-28,ITC,0.0,0.4660173058509826,SEARCH_FOLD_C,0.5339826941490173
2021-09-28,2021-09-29,ITC,1.0,0.4654845595359802,SEARCH_FOLD_C,0.5345154404640198
2021-09-29,2021-09-30,ITC,0.0,0.4649130403995514,SEARCH_FOLD_C,0.5350869596004486
2021-09-30,2021-10-01,ITC,0.0,0.4643088281154632,SEARCH_FOLD_C,0.5356911718845367
2021-10-01,2021-10-04,ITC,1.0,0.4637060761451721,SEARCH_FOLD_C,0.5362939238548279
2021-10-04,2021-10-05,ITC,0.0,0.463133841753006,SEARCH_FOLD_C,0.536866158246994
2021-10-05,2021-10-06,ITC,0.0,0.4625332653522491,SEARCH_FOLD_C,0.5374667346477509
2021-10-06,2021-10-07,ITC,1.0,0.4619461596012115,SEARCH_FOLD_C,0.5380538403987885
2021-10-07,2021-10-08,ITC,0.0,0.461386501789093,SEARCH_FOLD_C,0.538613498210907
2021-10-08,2021-10-11,ITC,1.0,0.4608733355998993,SEARCH_FOLD_C,0.5391266644001007
2021-10-11,2021-10-12,ITC,1.0,0.4603396952152252,SEARCH_FOLD_C,0.5396603047847748
2021-10-12,2021-10-13,ITC,1.0,0.4598225057125091,SEARCH_FOLD_C,0.5401774942874908
2021-10-13,2021-10-14,ITC,1.0,0.4593649208545685,SEARCH_FOLD_C,0.5406350791454315
2021-10-14,2021-10-18,ITC,1.0,0.4587897360324859,SEARCH_FOLD_C,0.541210263967514
2021-10-18,2021-10-19,ITC,0.0,0.4581410884857178,SEARCH_FOLD_C,0.5418589115142822
2021-10-19,2021-10-20,ITC,1.0,0.4574931859970093,SEARCH_FOLD_C,0.5425068140029907
2021-10-20,2021-10-21,ITC,0.0,0.4567870795726776,SEARCH_FOLD_C,0.5432129204273224
2021-10-21,2021-10-22,ITC,0.0,0.4562563002109527,SEARCH_FOLD_C,0.5437436997890472
2021-10-22,2021-10-25,ITC,0.0,0.4556617140769958,SEARCH_FOLD_C,0.5443382859230042
2021-10-25,2021-10-26,ITC,1.0,0.4551555514335632,SEARCH_FOLD_C,0.5448444485664368
2021-10-26,2021-10-27,ITC,1.0,0.4547061026096344,SEARCH_FOLD_C,0.5452938973903656
2021-10-27,2021-10-28,ITC,0.0,0.4543297886848449,SEARCH_FOLD_C,0.545670211315155
2021-10-28,2021-10-29,ITC,0.0,0.4539086520671844,SEARCH_FOLD_C,0.5460913479328156
2021-10-29,2021-11-01,ITC,1.0,0.4536568224430084,SEARCH_FOLD_C,0.5463431775569916
2021-11-01,2021-11-02,ITC,0.0,0.4535909593105316,SEARCH_FOLD_C,0.5464090406894684
2021-11-02,2021-11-03,ITC,0.0,0.4536348283290863,SEARCH_FOLD_C,0.5463651716709137
2021-11-03,2021-11-04,ITC,1.0,0.4538284242153168,SEARCH_FOLD_C,0.5461715757846832
2021-11-04,2021-11-08,ITC,1.0,0.4540155231952667,SEARCH_FOLD_C,0.5459844768047333
2021-11-08,2021-11-09,ITC,0.0,0.4541491866111755,SEARCH_FOLD_C,0.5458508133888245
2021-11-09,2021-11-10,ITC,1.0,0.4541934728622436,SEARCH_FOLD_C,0.5458065271377563
2021-11-10,2021-11-11,ITC,0.0,0.4542591869831085,SEARCH_FOLD_C,0.5457408130168915
2021-11-11,2021-11-12,ITC,1.0,0.4542883038520813,SEARCH_FOLD_C,0.5457116961479187
2021-11-12,2021-11-15,ITC,1.0,0.4543492197990417,SEARCH_FOLD_C,0.5456507802009583
2021-11-15,2021-11-16,ITC,0.0,0.4543565213680267,SEARCH_FOLD_C,0.5456434786319733
2021-11-16,2021-11-17,ITC,1.0,0.4543376266956329,SEARCH_FOLD_C,0.5456623733043671
2021-11-17,2021-11-18,ITC,0.0,0.4543080925941467,SEARCH_FOLD_C,0.5456919074058533
2021-11-18,2021-11-22,ITC,0.0,0.4542207717895508,SEARCH_FOLD_C,0.5457792282104492
2021-11-22,2021-11-23,ITC,1.0,0.4541105628013611,SEARCH_FOLD_C,0.5458894371986389
2021-11-23,2021-11-24,ITC,0.0,0.4539942443370819,SEARCH_FOLD_C,0.5460057556629181
2021-11-24,2021-11-25,ITC,1.0,0.4538818001747131,SEARCH_FOLD_C,0.5461181998252869
2021-11-25,2021-11-26,ITC,0.0,0.4539012014865875,SEARCH_FOLD_C,0.5460987985134125
2021-11-26,2021-11-29,ITC,0.0,0.4540204405784607,SEARCH_FOLD_C,0.5459795594215393
2021-11-29,2021-11-30,ITC,0.0,0.4542571604251861,SEARCH_FOLD_C,0.5457428395748138
2021-11-30,2021-12-01,ITC,1.0,0.454603761434555,SEARCH_FOLD_C,0.545396238565445
2021-12-01,2021-12-02,ITC,1.0,0.4550734758377075,SEARCH_FOLD_C,0.5449265241622925
2021-12-02,2021-12-03,ITC,0.0,0.4552043676376343,SEARCH_FOLD_C,0.5447956323623657
2021-12-03,2021-12-06,ITC,0.0,0.4553873240947723,SEARCH_FOLD_C,0.5446126759052277
2021-12-06,2021-12-07,ITC,1.0,0.4554313421249389,SEARCH_FOLD_C,0.544568657875061
2021-12-07,2021-12-08,ITC,1.0,0.4554260969161987,SEARCH_FOLD_C,0.5445739030838013
2021-12-08,2021-12-09,ITC,1.0,0.4553425312042236,SEARCH_FOLD_C,0.5446574687957764
2021-12-09,2021-12-10,ITC,1.0,0.4552298188209533,SEARCH_FOLD_C,0.5447701811790466
2021-12-10,2021-12-13,ITC,0.0,0.455163300037384,SEARCH_FOLD_C,0.544836699962616
2021-12-13,2021-12-14,ITC,0.0,0.4551366865634918,SEARCH_FOLD_C,0.5448633134365082
2021-12-14,2021-12-15,ITC,0.0,0.4550245106220245,SEARCH_FOLD_C,0.5449754893779755
2021-12-15,2021-12-16,ITC,0.0,0.4549197852611542,SEARCH_FOLD_C,0.5450802147388458
2021-12-16,2021-12-17,ITC,0.0,0.4548325538635254,SEARCH_FOLD_C,0.5451674461364746
2021-12-17,2021-12-20,ITC,0.0,0.4548231065273285,SEARCH_FOLD_C,0.5451768934726715
2021-12-20,2021-12-21,ITC,1.0,0.4547552764415741,SEARCH_FOLD_C,0.5452447235584259
2021-12-21,2021-12-22,ITC,0.0,0.4548028707504272,SEARCH_FOLD_C,0.5451971292495728
2021-12-22,2021-12-23,ITC,1.0,0.4548387825489044,SEARCH_FOLD_C,0.5451612174510956
2021-12-23,2021-12-24,ITC,1.0,0.454880803823471,SEARCH_FOLD_C,0.5451191961765289
2021-12-24,2021-12-27,ITC,0.0,0.4548807144165039,SEARCH_FOLD_C,0.5451192855834961
2021-12-27,2021-12-28,ITC,1.0,0.4549024105072021,SEARCH_FOLD_C,0.5450975894927979
2021-12-28,2021-12-29,ITC,0.0,0.4550976753234863,SEARCH_FOLD_C,0.5449023246765137
2021-12-29,2021-12-30,ITC,0.0,0.4551740288734436,SEARCH_FOLD_C,0.5448259711265564
2021-12-30,2021-12-31,ITC,1.0,0.4554458856582641,SEARCH_FOLD_C,0.5445541143417358
2021-01-01,2021-01-04,LT,1.0,0.5633599758148193,SEARCH_FOLD_C,0.5633599758148193
2021-01-04,2021-01-05,LT,0.0,0.5599486827850342,SEARCH_FOLD_C,0.5599486827850342
2021-01-05,2021-01-06,LT,1.0,0.5570359826087952,SEARCH_FOLD_C,0.5570359826087952
2021-01-06,2021-01-07,LT,1.0,0.5544372200965881,SEARCH_FOLD_C,0.5544372200965881
2021-01-07,2021-01-08,LT,1.0,0.5519952774047852,SEARCH_FOLD_C,0.5519952774047852
2021-01-08,2021-01-11,LT,0.0,0.5495596528053284,SEARCH_FOLD_C,0.5495596528053284
2021-01-11,2021-01-12,LT,0.0,0.5468240976333618,SEARCH_FOLD_C,0.5468240976333618
2021-01-12,2021-01-13,LT,1.0,0.542420506477356,SEARCH_FOLD_C,0.542420506477356
2021-01-13,2021-01-14,LT,1.0,0.5401583909988403,SEARCH_FOLD_C,0.5401583909988403
2021-01-14,2021-01-15,LT,0.0,0.5377479791641235,SEARCH_FOLD_C,0.5377479791641235
2021-01-15,2021-01-18,LT,0.0,0.5353474617004395,SEARCH_FOLD_C,0.5353474617004395
2021-01-18,2021-01-19,LT,1.0,0.5324526429176331,SEARCH_FOLD_C,0.5324526429176331
2021-01-19,2021-01-20,LT,1.0,0.5295788645744324,SEARCH_FOLD_C,0.5295788645744324
2021-01-20,2021-01-21,LT,0.0,0.5265185832977295,SEARCH_FOLD_C,0.5265185832977295
2021-01-21,2021-01-22,LT,0.0,0.523569643497467,SEARCH_FOLD_C,0.523569643497467
2021-01-22,2021-01-25,LT,0.0,0.5203278660774231,SEARCH_FOLD_C,0.5203278660774231
2021-01-25,2021-01-27,LT,0.0,0.5165375471115112,SEARCH_FOLD_C,0.5165375471115112
2021-01-27,2021-01-28,LT,0.0,0.5128920674324036,SEARCH_FOLD_C,0.5128920674324036
2021-01-28,2021-01-29,LT,0.0,0.5094774961471558,SEARCH_FOLD_C,0.5094774961471558
2021-01-29,2021-02-01,LT,1.0,0.5069587230682373,SEARCH_FOLD_C,0.5069587230682373
2021-02-01,2021-02-02,LT,1.0,0.5043473243713379,SEARCH_FOLD_C,0.5043473243713379
2021-02-02,2021-02-03,LT,1.0,0.5004887580871582,SEARCH_FOLD_C,0.5004887580871582
2021-02-03,2021-02-04,LT,1.0,0.4949180781841278,SEARCH_FOLD_C,0.5050819218158722
2021-02-04,2021-02-05,LT,0.0,0.4917057454586029,SEARCH_FOLD_C,0.5082942545413971
2021-02-05,2021-02-08,LT,1.0,0.4891988635063171,SEARCH_FOLD_C,0.5108011364936829
2021-02-08,2021-02-09,LT,1.0,0.4868960976600647,SEARCH_FOLD_C,0.5131039023399353
2021-02-09,2021-02-10,LT,0.0,0.4848775267601013,SEARCH_FOLD_C,0.5151224732398987
2021-02-10,2021-02-11,LT,0.0,0.4825907051563263,SEARCH_FOLD_C,0.5174092948436737
2021-02-11,2021-02-12,LT,0.0,0.4806214272975921,SEARCH_FOLD_C,0.5193785727024078
2021-02-12,2021-02-15,LT,1.0,0.478568285703659,SEARCH_FOLD_C,0.5214317142963409
2021-02-15,2021-02-16,LT,1.0,0.4769905805587768,SEARCH_FOLD_C,0.5230094194412231
2021-02-16,2021-02-17,LT,0.0,0.4753100275993347,SEARCH_FOLD_C,0.5246899724006653
2021-02-17,2021-02-18,LT,0.0,0.4736945629119873,SEARCH_FOLD_C,0.5263054370880127
2021-02-18,2021-02-19,LT,0.0,0.4720418155193329,SEARCH_FOLD_C,0.5279581844806671
2021-02-19,2021-02-22,LT,0.0,0.4709234237670898,SEARCH_FOLD_C,0.5290765762329102
2021-02-22,2021-02-23,LT,1.0,0.4702606797218323,SEARCH_FOLD_C,0.5297393202781677
2021-02-23,2021-02-24,LT,1.0,0.4696785807609558,SEARCH_FOLD_C,0.5303214192390442
2021-02-24,2021-02-25,LT,0.0,0.4693700671195984,SEARCH_FOLD_C,0.5306299328804016
2021-02-25,2021-02-26,LT,0.0,0.4689521193504333,SEARCH_FOLD_C,0.5310478806495667
2021-02-26,2021-03-01,LT,1.0,0.4689929783344269,SEARCH_FOLD_C,0.5310070216655731
2021-03-01,2021-03-02,LT,1.0,0.4692021310329437,SEARCH_FOLD_C,0.5307978689670563
2021-03-02,2021-03-03,LT,1.0,0.4693945348262787,SEARCH_FOLD_C,0.5306054651737213
2021-03-03,2021-03-04,LT,0.0,0.4700395464897156,SEARCH_FOLD_C,0.5299604535102844
2021-03-04,2021-03-05,LT,1.0,0.4707616865634918,SEARCH_FOLD_C,0.5292383134365082
2021-03-05,2021-03-08,LT,1.0,0.471520721912384,SEARCH_FOLD_C,0.528479278087616
2021-03-08,2021-03-09,LT,0.0,0.4720686972141266,SEARCH_FOLD_C,0.5279313027858734
2021-03-09,2021-03-10,LT,1.0,0.4723736047744751,SEARCH_FOLD_C,0.5276263952255249
2021-03-10,2021-03-12,LT,0.0,0.4720472991466522,SEARCH_FOLD_C,0.5279527008533478
2021-03-12,2021-03-15,LT,0.0,0.4719367623329162,SEARCH_FOLD_C,0.5280632376670837
2021-03-15,2021-03-16,LT,0.0,0.4717113077640533,SEARCH_FOLD_C,0.5282886922359467
2021-03-16,2021-03-17,LT,0.0,0.4720976650714874,SEARCH_FOLD_C,0.5279023349285126
2021-03-17,2021-03-18,LT,0.0,0.4724769592285156,SEARCH_FOLD_C,0.5275230407714844
2021-03-18,2021-03-19,LT,0.0,0.4736234247684479,SEARCH_FOLD_C,0.5263765752315521
2021-03-19,2021-03-22,LT,0.0,0.4752467572689056,SEARCH_FOLD_C,0.5247532427310944
2021-03-22,2021-03-23,LT,1.0,0.4772131741046905,SEARCH_FOLD_C,0.5227868258953094
2021-03-23,2021-03-24,LT,0.0,0.4795929789543152,SEARCH_FOLD_C,0.5204070210456848
2021-03-24,2021-03-25,LT,1.0,0.4824549257755279,SEARCH_FOLD_C,0.517545074224472
2021-03-25,2021-03-26,LT,1.0,0.4856146275997162,SEARCH_FOLD_C,0.5143853724002838
2021-03-26,2021-03-30,LT,1.0,0.4889311790466308,SEARCH_FOLD_C,0.5110688209533691
2021-03-30,2021-03-31,LT,0.0,0.4923508167266845,SEARCH_FOLD_C,0.5076491832733154
2021-03-31,2021-04-01,LT,1.0,0.4959074556827545,SEARCH_FOLD_C,0.5040925443172455
2021-04-01,2021-04-05,LT,0.0,0.4993450939655304,SEARCH_FOLD_C,0.5006549060344696
2021-04-05,2021-04-06,LT,0.0,0.50276118516922,SEARCH_FOLD_C,0.50276118516922
2021-04-06,2021-04-07,LT,1.0,0.5058614611625671,SEARCH_FOLD_C,0.5058614611625671
2021-04-07,2021-04-08,LT,1.0,0.5086036324501038,SEARCH_FOLD_C,0.5086036324501038
2021-04-08,2021-04-09,LT,0.0,0.5101390480995178,SEARCH_FOLD_C,0.5101390480995178
2021-04-09,2021-04-12,LT,0.0,0.511833131313324,SEARCH_FOLD_C,0.511833131313324
2021-04-12,2021-04-13,LT,1.0,0.5138692855834961,SEARCH_FOLD_C,0.5138692855834961
2021-04-13,2021-04-15,LT,1.0,0.5154229998588562,SEARCH_FOLD_C,0.5154229998588562
2021-04-15,2021-04-16,LT,0.0,0.5155462026596069,SEARCH_FOLD_C,0.5155462026596069
2021-04-16,2021-04-19,LT,0.0,0.516237199306488,SEARCH_FOLD_C,0.516237199306488
2021-04-19,2021-04-20,LT,1.0,0.5173200368881226,SEARCH_FOLD_C,0.5173200368881226
2021-04-20,2021-04-22,LT,1.0,0.5187848806381226,SEARCH_FOLD_C,0.5187848806381226
2021-04-22,2021-04-23,LT,0.0,0.5197618007659912,SEARCH_FOLD_C,0.5197618007659912
2021-04-23,2021-04-26,LT,1.0,0.5210188031196594,SEARCH_FOLD_C,0.5210188031196594
2021-04-26,2021-04-27,LT,1.0,0.5233144164085388,SEARCH_FOLD_C,0.5233144164085388
2021-04-27,2021-04-28,LT,0.0,0.5254896879196167,SEARCH_FOLD_C,0.5254896879196167
2021-04-28,2021-04-29,LT,0.0,0.5279919505119324,SEARCH_FOLD_C,0.5279919505119324
2021-04-29,2021-04-30,LT,0.0,0.5302261114120483,SEARCH_FOLD_C,0.5302261114120483
2021-04-30,2021-05-03,LT,1.0,0.531509280204773,SEARCH_FOLD_C,0.531509280204773
2021-05-03,2021-05-04,LT,0.0,0.5320994257926941,SEARCH_FOLD_C,0.5320994257926941
2021-05-04,2021-05-05,LT,1.0,0.5320056080818176,SEARCH_FOLD_C,0.5320056080818176
2021-05-05,2021-05-06,LT,1.0,0.5313267707824707,SEARCH_FOLD_C,0.5313267707824707
2021-05-06,2021-05-07,LT,1.0,0.5303271412849426,SEARCH_FOLD_C,0.5303271412849426
2021-05-07,2021-05-10,LT,1.0,0.5285603404045105,SEARCH_FOLD_C,0.5285603404045105
2021-05-10,2021-05-11,LT,0.0,0.5265874862670898,SEARCH_FOLD_C,0.5265874862670898
2021-05-11,2021-05-12,LT,1.0,0.5237562656402588,SEARCH_FOLD_C,0.5237562656402588
2021-05-12,2021-05-14,LT,1.0,0.5208324790000916,SEARCH_FOLD_C,0.5208324790000916
2021-05-14,2021-05-17,LT,0.0,0.5184629559516907,SEARCH_FOLD_C,0.5184629559516907
2021-05-17,2021-05-18,LT,1.0,0.5168728828430176,SEARCH_FOLD_C,0.5168728828430176
2021-05-18,2021-05-19,LT,0.0,0.5153758525848389,SEARCH_FOLD_C,0.5153758525848389
2021-05-19,2021-05-20,LT,1.0,0.5145533084869385,SEARCH_FOLD_C,0.5145533084869385
2021-05-20,2021-05-21,LT,1.0,0.5129222869873047,SEARCH_FOLD_C,0.5129222869873047
2021-05-21,2021-05-24,LT,1.0,0.5113270878791809,SEARCH_FOLD_C,0.5113270878791809
2021-05-24,2021-05-25,LT,1.0,0.5097888708114624,SEARCH_FOLD_C,0.5097888708114624
2021-05-25,2021-05-26,LT,1.0,0.5085452795028687,SEARCH_FOLD_C,0.5085452795028687
2021-05-26,2021-05-27,LT,1.0,0.5069187879562378,SEARCH_FOLD_C,0.5069187879562378
2021-05-27,2021-05-28,LT,0.0,0.5041176080703735,SEARCH_FOLD_C,0.5041176080703735
2021-05-28,2021-05-31,LT,0.0,0.5016046166419983,SEARCH_FOLD_C,0.5016046166419983
2021-05-31,2021-06-01,LT,1.0,0.4990464746952057,SEARCH_FOLD_C,0.5009535253047943
2021-06-01,2021-06-02,LT,0.0,0.4961792528629303,SEARCH_FOLD_C,0.5038207471370697
2021-06-02,2021-06-03,LT,1.0,0.4924005568027496,SEARCH_FOLD_C,0.5075994431972504
2021-06-03,2021-06-04,LT,1.0,0.4888977408409118,SEARCH_FOLD_C,0.5111022591590881
2021-06-04,2021-06-07,LT,1.0,0.4853684902191162,SEARCH_FOLD_C,0.5146315097808838
2021-06-07,2021-06-08,LT,0.0,0.4816939234733581,SEARCH_FOLD_C,0.5183060765266418
2021-06-08,2021-06-09,LT,0.0,0.4785262942314148,SEARCH_FOLD_C,0.5214737057685852
2021-06-09,2021-06-10,LT,1.0,0.4765029847621918,SEARCH_FOLD_C,0.5234970152378082
2021-06-10,2021-06-11,LT,0.0,0.4745400547981262,SEARCH_FOLD_C,0.5254599452018738
2021-06-11,2021-06-14,LT,1.0,0.4724217653274536,SEARCH_FOLD_C,0.5275782346725464
2021-06-14,2021-06-15,LT,0.0,0.4701306521892547,SEARCH_FOLD_C,0.5298693478107452
2021-06-15,2021-06-16,LT,0.0,0.467925488948822,SEARCH_FOLD_C,0.532074511051178
2021-06-16,2021-06-17,LT,0.0,0.4658759534358978,SEARCH_FOLD_C,0.5341240465641022
2021-06-17,2021-06-18,LT,0.0,0.4640376567840576,SEARCH_FOLD_C,0.5359623432159424
2021-06-18,2021-06-21,LT,0.0,0.4625335931777954,SEARCH_FOLD_C,0.5374664068222046
2021-06-21,2021-06-22,LT,1.0,0.4614323675632477,SEARCH_FOLD_C,0.5385676324367523
2021-06-22,2021-06-23,LT,0.0,0.4610676765441894,SEARCH_FOLD_C,0.5389323234558105
2021-06-23,2021-06-24,LT,1.0,0.4607245922088623,SEARCH_FOLD_C,0.5392754077911377
2021-06-24,2021-06-25,LT,1.0,0.4604712724685669,SEARCH_FOLD_C,0.5395287275314331
2021-06-25,2021-06-28,LT,0.0,0.4603656530380249,SEARCH_FOLD_C,0.5396343469619751
2021-06-28,2021-06-29,LT,0.0,0.4597163498401642,SEARCH_FOLD_C,0.5402836501598358
2021-06-29,2021-06-30,LT,0.0,0.4596019089221954,SEARCH_FOLD_C,0.5403980910778046
2021-06-30,2021-07-01,LT,0.0,0.4593335688114166,SEARCH_FOLD_C,0.5406664311885834
2021-07-01,2021-07-02,LT,0.0,0.4592325389385223,SEARCH_FOLD_C,0.5407674610614777
2021-07-02,2021-07-05,LT,1.0,0.4592580795288086,SEARCH_FOLD_C,0.5407419204711914
2021-07-05,2021-07-06,LT,0.0,0.4593051671981811,SEARCH_FOLD_C,0.5406948328018188
2021-07-06,2021-07-07,LT,1.0,0.4594840407371521,SEARCH_FOLD_C,0.5405159592628479
2021-07-07,2021-07-08,LT,0.0,0.4597134292125702,SEARCH_FOLD_C,0.5402865707874298
2021-07-08,2021-07-09,LT,0.0,0.4599074125289917,SEARCH_FOLD_C,0.5400925874710083
2021-07-09,2021-07-12,LT,1.0,0.4601746201515198,SEARCH_FOLD_C,0.5398253798484802
2021-07-12,2021-07-13,LT,1.0,0.4603770673274994,SEARCH_FOLD_C,0.5396229326725006
2021-07-13,2021-07-14,LT,1.0,0.4606206715106964,SEARCH_FOLD_C,0.5393793284893036
2021-07-14,2021-07-15,LT,1.0,0.460659921169281,SEARCH_FOLD_C,0.539340078830719
2021-07-15,2021-07-16,LT,1.0,0.4607698321342468,SEARCH_FOLD_C,0.5392301678657532
2021-07-16,2021-07-19,LT,0.0,0.4606868922710418,SEARCH_FOLD_C,0.5393131077289581
2021-07-19,2021-07-20,LT,0.0,0.4607692956924438,SEARCH_FOLD_C,0.5392307043075562
2021-07-20,2021-07-22,LT,1.0,0.4607308804988861,SEARCH_FOLD_C,0.5392691195011139
2021-07-22,2021-07-23,LT,0.0,0.4605117440223694,SEARCH_FOLD_C,0.5394882559776306
2021-07-23,2021-07-26,LT,0.0,0.4604294300079345,SEARCH_FOLD_C,0.5395705699920654
2021-07-26,2021-07-27,LT,1.0,0.4601839184761047,SEARCH_FOLD_C,0.5398160815238953
2021-07-27,2021-07-28,LT,0.0,0.4599842727184295,SEARCH_FOLD_C,0.5400157272815704
2021-07-28,2021-07-29,LT,1.0,0.4597566127777099,SEARCH_FOLD_C,0.54024338722229
2021-07-29,2021-07-30,LT,1.0,0.4592141509056091,SEARCH_FOLD_C,0.5407858490943909
2021-07-30,2021-08-02,LT,1.0,0.4585324823856354,SEARCH_FOLD_C,0.5414675176143646
2021-08-02,2021-08-03,LT,1.0,0.4575196504592895,SEARCH_FOLD_C,0.5424803495407104
2021-08-03,2021-08-04,LT,0.0,0.4562273323535919,SEARCH_FOLD_C,0.5437726676464081
2021-08-04,2021-08-05,LT,1.0,0.4553741216659546,SEARCH_FOLD_C,0.5446258783340454
2021-08-05,2021-08-06,LT,0.0,0.4541878998279571,SEARCH_FOLD_C,0.5458121001720428
2021-08-06,2021-08-09,LT,0.0,0.4534652233123779,SEARCH_FOLD_C,0.5465347766876221
2021-08-09,2021-08-10,LT,0.0,0.4531205594539642,SEARCH_FOLD_C,0.5468794405460358
2021-08-10,2021-08-11,LT,0.0,0.4527890980243683,SEARCH_FOLD_C,0.5472109019756317
2021-08-11,2021-08-12,LT,1.0,0.4525718688964844,SEARCH_FOLD_C,0.5474281311035156
2021-08-12,2021-08-13,LT,1.0,0.4521555304527282,SEARCH_FOLD_C,0.5478444695472717
2021-08-13,2021-08-16,LT,0.0,0.4514350593090057,SEARCH_FOLD_C,0.5485649406909943
2021-08-16,2021-08-17,LT,0.0,0.4505503177642822,SEARCH_FOLD_C,0.5494496822357178
2021-08-17,2021-08-18,LT,0.0,0.4499952495098114,SEARCH_FOLD_C,0.5500047504901886
2021-08-18,2021-08-20,LT,0.0,0.4494327306747436,SEARCH_FOLD_C,0.5505672693252563
2021-08-20,2021-08-23,LT,0.0,0.449178397655487,SEARCH_FOLD_C,0.5508216023445129
2021-08-23,2021-08-24,LT,1.0,0.448820024728775,SEARCH_FOLD_C,0.551179975271225
2021-08-24,2021-08-25,LT,0.0,0.4485687911510467,SEARCH_FOLD_C,0.5514312088489532
2021-08-25,2021-08-26,LT,1.0,0.448523998260498,SEARCH_FOLD_C,0.551476001739502
2021-08-26,2021-08-27,LT,1.0,0.4488752782344818,SEARCH_FOLD_C,0.5511247217655182
2021-08-27,2021-08-30,LT,1.0,0.4494700133800506,SEARCH_FOLD_C,0.5505299866199493
2021-08-30,2021-08-31,LT,1.0,0.450053334236145,SEARCH_FOLD_C,0.549946665763855
2021-08-31,2021-09-01,LT,1.0,0.4505868554115295,SEARCH_FOLD_C,0.5494131445884705
2021-09-01,2021-09-02,LT,0.0,0.4509266316890716,SEARCH_FOLD_C,0.5490733683109283
2021-09-02,2021-09-03,LT,1.0,0.4510831832885742,SEARCH_FOLD_C,0.5489168167114258
2021-09-03,2021-09-06,LT,1.0,0.4514560103416443,SEARCH_FOLD_C,0.5485439896583557
2021-09-06,2021-09-07,LT,0.0,0.4515486061573028,SEARCH_FOLD_C,0.5484513938426971
2021-09-07,2021-09-08,LT,0.0,0.4515579342842102,SEARCH_FOLD_C,0.5484420657157898
2021-09-08,2021-09-09,LT,1.0,0.4516060650348663,SEARCH_FOLD_C,0.5483939349651337
2021-09-09,2021-09-13,LT,1.0,0.4514086842536926,SEARCH_FOLD_C,0.5485913157463074
2021-09-13,2021-09-14,LT,1.0,0.4512727856636047,SEARCH_FOLD_C,0.5487272143363953
2021-09-14,2021-09-15,LT,1.0,0.4510853588581085,SEARCH_FOLD_C,0.5489146411418915
2021-09-15,2021-09-16,LT,1.0,0.4509462714195251,SEARCH_FOLD_C,0.5490537285804749
2021-09-16,2021-09-17,LT,0.0,0.4509451389312744,SEARCH_FOLD_C,0.5490548610687256
2021-09-17,2021-09-20,LT,0.0,0.4508313536643982,SEARCH_FOLD_C,0.5491686463356018
2021-09-20,2021-09-21,LT,1.0,0.4507825076580047,SEARCH_FOLD_C,0.5492174923419952
2021-09-21,2021-09-22,LT,0.0,0.450506180524826,SEARCH_FOLD_C,0.549493819475174
2021-09-22,2021-09-23,LT,1.0,0.4499678313732147,SEARCH_FOLD_C,0.5500321686267853
2021-09-23,2021-09-24,LT,0.0,0.4490407705307007,SEARCH_FOLD_C,0.5509592294692993
2021-09-24,2021-09-27,LT,0.0,0.4478552341461181,SEARCH_FOLD_C,0.5521447658538818
2021-09-27,2021-09-28,LT,0.0,0.4472916722297668,SEARCH_FOLD_C,0.5527083277702332
2021-09-28,2021-09-29,LT,0.0,0.4473870694637298,SEARCH_FOLD_C,0.5526129305362701
2021-09-29,2021-09-30,LT,0.0,0.4474955201148987,SEARCH_FOLD_C,0.5525044798851013
2021-09-30,2021-10-01,LT,0.0,0.4475268125534057,SEARCH_FOLD_C,0.5524731874465942
2021-10-01,2021-10-04,LT,1.0,0.4476225078105926,SEARCH_FOLD_C,0.5523774921894073
2021-10-04,2021-10-05,LT,1.0,0.446939617395401,SEARCH_FOLD_C,0.553060382604599
2021-10-05,2021-10-06,LT,0.0,0.4459417164325714,SEARCH_FOLD_C,0.5540582835674286
2021-10-06,2021-10-07,LT,1.0,0.445340633392334,SEARCH_FOLD_C,0.554659366607666
2021-10-07,2021-10-08,LT,1.0,0.4445579648017883,SEARCH_FOLD_C,0.5554420351982117
2021-10-08,2021-10-11,LT,0.0,0.4438727796077728,SEARCH_FOLD_C,0.5561272203922272
2021-10-11,2021-10-12,LT,1.0,0.4437852501869201,SEARCH_FOLD_C,0.5562147498130798
2021-10-12,2021-10-13,LT,1.0,0.4439879655838012,SEARCH_FOLD_C,0.5560120344161987
2021-10-13,2021-10-14,LT,1.0,0.4442239701747894,SEARCH_FOLD_C,0.5557760298252106
2021-10-14,2021-10-18,LT,0.0,0.4444471895694732,SEARCH_FOLD_C,0.5555528104305267
2021-10-18,2021-10-19,LT,1.0,0.4445758759975433,SEARCH_FOLD_C,0.5554241240024567
2021-10-19,2021-10-20,LT,0.0,0.4445887804031372,SEARCH_FOLD_C,0.5554112195968628
2021-10-20,2021-10-21,LT,0.0,0.4446130990982055,SEARCH_FOLD_C,0.5553869009017944
2021-10-21,2021-10-22,LT,0.0,0.4444903135299682,SEARCH_FOLD_C,0.5555096864700317
2021-10-22,2021-10-25,LT,0.0,0.4441599249839782,SEARCH_FOLD_C,0.5558400750160217
2021-10-25,2021-10-26,LT,1.0,0.4438045024871826,SEARCH_FOLD_C,0.5561954975128174
2021-10-26,2021-10-27,LT,0.0,0.4434599876403808,SEARCH_FOLD_C,0.5565400123596191
2021-10-27,2021-10-28,LT,1.0,0.4433803856372833,SEARCH_FOLD_C,0.5566196143627167
2021-10-28,2021-10-29,LT,0.0,0.4434637725353241,SEARCH_FOLD_C,0.5565362274646759
2021-10-29,2021-11-01,LT,1.0,0.4437163174152374,SEARCH_FOLD_C,0.5562836825847626
2021-11-01,2021-11-02,LT,1.0,0.4439982771873474,SEARCH_FOLD_C,0.5560017228126526
2021-11-02,2021-11-03,LT,1.0,0.4441859424114227,SEARCH_FOLD_C,0.5558140575885773
2021-11-03,2021-11-04,LT,1.0,0.4443562030792236,SEARCH_FOLD_C,0.5556437969207764
2021-11-04,2021-11-08,LT,1.0,0.4443438649177551,SEARCH_FOLD_C,0.5556561350822449
2021-11-08,2021-11-09,LT,1.0,0.4446387588977813,SEARCH_FOLD_C,0.5553612411022186
2021-11-09,2021-11-10,LT,1.0,0.4448874890804291,SEARCH_FOLD_C,0.5551125109195709
2021-11-10,2021-11-11,LT,0.0,0.4447992444038391,SEARCH_FOLD_C,0.5552007555961609
2021-11-11,2021-11-12,LT,1.0,0.4446494579315185,SEARCH_FOLD_C,0.5553505420684814
2021-11-12,2021-11-15,LT,0.0,0.4442207515239715,SEARCH_FOLD_C,0.5557792484760284
2021-11-15,2021-11-16,LT,1.0,0.4433851838111877,SEARCH_FOLD_C,0.5566148161888123
2021-11-16,2021-11-17,LT,0.0,0.4423067569732666,SEARCH_FOLD_C,0.5576932430267334
2021-11-17,2021-11-18,LT,0.0,0.4414008557796478,SEARCH_FOLD_C,0.5585991442203522
2021-11-18,2021-11-22,LT,0.0,0.4405440092086792,SEARCH_FOLD_C,0.5594559907913208
2021-11-22,2021-11-23,LT,1.0,0.4394010007381439,SEARCH_FOLD_C,0.5605989992618561
2021-11-23,2021-11-24,LT,0.0,0.4386243522167206,SEARCH_FOLD_C,0.5613756477832794
2021-11-24,2021-11-25,LT,0.0,0.4382708668708801,SEARCH_FOLD_C,0.5617291331291199
2021-11-25,2021-11-26,LT,0.0,0.4379432201385498,SEARCH_FOLD_C,0.5620567798614502
2021-11-26,2021-11-29,LT,0.0,0.4379809200763702,SEARCH_FOLD_C,0.5620190799236298
2021-11-29,2021-11-30,LT,0.0,0.4388318061828613,SEARCH_FOLD_C,0.5611681938171387
2021-11-30,2021-12-01,LT,1.0,0.4403786063194275,SEARCH_FOLD_C,0.5596213936805725
2021-12-01,2021-12-02,LT,1.0,0.4422343075275421,SEARCH_FOLD_C,0.5577656924724579
2021-12-02,2021-12-03,LT,1.0,0.4446023106575012,SEARCH_FOLD_C,0.5553976893424988
2021-12-03,2021-12-06,LT,0.0,0.4468058943748474,SEARCH_FOLD_C,0.5531941056251526
2021-12-06,2021-12-07,LT,1.0,0.4491420090198517,SEARCH_FOLD_C,0.5508579909801483
2021-12-07,2021-12-08,LT,1.0,0.451367050409317,SEARCH_FOLD_C,0.548632949590683
2021-12-08,2021-12-09,LT,1.0,0.4533477127552032,SEARCH_FOLD_C,0.5466522872447968
2021-12-09,2021-12-10,LT,0.0,0.4551368355751037,SEARCH_FOLD_C,0.5448631644248962
2021-12-10,2021-12-13,LT,0.0,0.4565061926841736,SEARCH_FOLD_C,0.5434938073158264
2021-12-13,2021-12-14,LT,1.0,0.4578235745429992,SEARCH_FOLD_C,0.5421764254570007
2021-12-14,2021-12-15,LT,1.0,0.4581658542156219,SEARCH_FOLD_C,0.541834145784378
2021-12-15,2021-12-16,LT,0.0,0.4583985507488251,SEARCH_FOLD_C,0.5416014492511749
2021-12-16,2021-12-17,LT,0.0,0.458650678396225,SEARCH_FOLD_C,0.541349321603775
2021-12-17,2021-12-20,LT,0.0,0.4591044187545776,SEARCH_FOLD_C,0.5408955812454224
2021-12-20,2021-12-21,LT,1.0,0.4598718881607055,SEARCH_FOLD_C,0.5401281118392944
2021-12-21,2021-12-22,LT,1.0,0.460836261510849,SEARCH_FOLD_C,0.539163738489151
2021-12-22,2021-12-23,LT,1.0,0.4618927538394928,SEARCH_FOLD_C,0.5381072461605072
2021-12-23,2021-12-24,LT,0.0,0.4630047976970672,SEARCH_FOLD_C,0.5369952023029327
2021-12-24,2021-12-27,LT,1.0,0.4639580249786377,SEARCH_FOLD_C,0.5360419750213623
2021-12-27,2021-12-28,LT,1.0,0.4651363790035248,SEARCH_FOLD_C,0.5348636209964752
2021-12-28,2021-12-29,LT,0.0,0.4662621021270752,SEARCH_FOLD_C,0.5337378978729248
2021-12-29,2021-12-30,LT,0.0,0.4675685465335846,SEARCH_FOLD_C,0.5324314534664154
2021-12-30,2021-12-31,LT,1.0,0.469146192073822,SEARCH_FOLD_C,0.530853807926178
2021-01-01,2021-01-04,SUNPHARMA,1.0,0.51072096824646,SEARCH_FOLD_C,0.51072096824646
2021-01-04,2021-01-05,SUNPHARMA,0.0,0.5109074115753174,SEARCH_FOLD_C,0.5109074115753174
2021-01-05,2021-01-06,SUNPHARMA,1.0,0.5109851360321045,SEARCH_FOLD_C,0.5109851360321045
2021-01-06,2021-01-07,SUNPHARMA,0.0,0.5111330151557922,SEARCH_FOLD_C,0.5111330151557922
2021-01-07,2021-01-08,SUNPHARMA,1.0,0.5112965106964111,SEARCH_FOLD_C,0.5112965106964111
2021-01-08,2021-01-11,SUNPHARMA,1.0,0.5111174583435059,SEARCH_FOLD_C,0.5111174583435059
2021-01-11,2021-01-12,SUNPHARMA,0.0,0.5111083388328552,SEARCH_FOLD_C,0.5111083388328552
2021-01-12,2021-01-13,SUNPHARMA,0.0,0.511008620262146,SEARCH_FOLD_C,0.511008620262146
2021-01-13,2021-01-14,SUNPHARMA,1.0,0.5108298659324646,SEARCH_FOLD_C,0.5108298659324646
2021-01-14,2021-01-15,SUNPHARMA,0.0,0.5107917189598083,SEARCH_FOLD_C,0.5107917189598083
2021-01-15,2021-01-18,SUNPHARMA,0.0,0.5109151601791382,SEARCH_FOLD_C,0.5109151601791382
2021-01-18,2021-01-19,SUNPHARMA,1.0,0.5110251307487488,SEARCH_FOLD_C,0.5110251307487488
2021-01-19,2021-01-20,SUNPHARMA,0.0,0.5109657645225525,SEARCH_FOLD_C,0.5109657645225525
2021-01-20,2021-01-21,SUNPHARMA,0.0,0.5108129382133484,SEARCH_FOLD_C,0.5108129382133484
2021-01-21,2021-01-22,SUNPHARMA,0.0,0.5107775330543518,SEARCH_FOLD_C,0.5107775330543518
2021-01-22,2021-01-25,SUNPHARMA,1.0,0.5107855796813965,SEARCH_FOLD_C,0.5107855796813965
2021-01-25,2021-01-27,SUNPHARMA,0.0,0.5108339786529541,SEARCH_FOLD_C,0.5108339786529541
2021-01-27,2021-01-28,SUNPHARMA,0.0,0.5109604001045227,SEARCH_FOLD_C,0.5109604001045227
2021-01-28,2021-01-29,SUNPHARMA,1.0,0.5110939741134644,SEARCH_FOLD_C,0.5110939741134644
2021-01-29,2021-02-01,SUNPHARMA,1.0,0.5113946199417114,SEARCH_FOLD_C,0.5113946199417114
2021-02-01,2021-02-02,SUNPHARMA,1.0,0.511601448059082,SEARCH_FOLD_C,0.511601448059082
2021-02-02,2021-02-03,SUNPHARMA,1.0,0.5119839310646057,SEARCH_FOLD_C,0.5119839310646057
2021-02-03,2021-02-04,SUNPHARMA,1.0,0.511815071105957,SEARCH_FOLD_C,0.511815071105957
2021-02-04,2021-02-05,SUNPHARMA,1.0,0.511795163154602,SEARCH_FOLD_C,0.511795163154602
2021-02-05,2021-02-08,SUNPHARMA,0.0,0.5118415951728821,SEARCH_FOLD_C,0.5118415951728821
2021-02-08,2021-02-09,SUNPHARMA,0.0,0.5119857788085938,SEARCH_FOLD_C,0.5119857788085938
2021-02-09,2021-02-10,SUNPHARMA,1.0,0.5119907259941101,SEARCH_FOLD_C,0.5119907259941101
2021-02-10,2021-02-11,SUNPHARMA,1.0,0.5121051669120789,SEARCH_FOLD_C,0.5121051669120789
2021-02-11,2021-02-12,SUNPHARMA,0.0,0.5122754573822021,SEARCH_FOLD_C,0.5122754573822021
2021-02-12,2021-02-15,SUNPHARMA,1.0,0.5125155448913574,SEARCH_FOLD_C,0.5125155448913574
2021-02-15,2021-02-16,SUNPHARMA,1.0,0.5127524137496948,SEARCH_FOLD_C,0.5127524137496948
2021-02-16,2021-02-17,SUNPHARMA,0.0,0.5130486488342285,SEARCH_FOLD_C,0.5130486488342285
2021-02-17,2021-02-18,SUNPHARMA,0.0,0.5134110450744629,SEARCH_FOLD_C,0.5134110450744629
2021-02-18,2021-02-19,SUNPHARMA,0.0,0.5138316750526428,SEARCH_FOLD_C,0.5138316750526428
2021-02-19,2021-02-22,SUNPHARMA,0.0,0.5142495036125183,SEARCH_FOLD_C,0.5142495036125183
2021-02-22,2021-02-23,SUNPHARMA,1.0,0.5147114992141724,SEARCH_FOLD_C,0.5147114992141724
2021-02-23,2021-02-24,SUNPHARMA,0.0,0.5151329636573792,SEARCH_FOLD_C,0.5151329636573792
2021-02-24,2021-02-25,SUNPHARMA,1.0,0.5154324173927307,SEARCH_FOLD_C,0.5154324173927307
2021-02-25,2021-02-26,SUNPHARMA,0.0,0.5156883001327515,SEARCH_FOLD_C,0.5156883001327515
2021-02-26,2021-03-01,SUNPHARMA,1.0,0.5160145163536072,SEARCH_FOLD_C,0.5160145163536072
2021-03-01,2021-03-02,SUNPHARMA,1.0,0.5163074731826782,SEARCH_FOLD_C,0.5163074731826782
2021-03-02,2021-03-03,SUNPHARMA,1.0,0.5162672400474548,SEARCH_FOLD_C,0.5162672400474548
2021-03-03,2021-03-04,SUNPHARMA,0.0,0.5164200067520142,SEARCH_FOLD_C,0.5164200067520142
2021-03-04,2021-03-05,SUNPHARMA,0.0,0.5165810585021973,SEARCH_FOLD_C,0.5165810585021973
2021-03-05,2021-03-08,SUNPHARMA,1.0,0.5166268348693848,SEARCH_FOLD_C,0.5166268348693848
2021-03-08,2021-03-09,SUNPHARMA,0.0,0.5166432857513428,SEARCH_FOLD_C,0.5166432857513428
2021-03-09,2021-03-10,SUNPHARMA,1.0,0.5166821479797363,SEARCH_FOLD_C,0.5166821479797363
2021-03-10,2021-03-12,SUNPHARMA,0.0,0.5165088772773743,SEARCH_FOLD_C,0.5165088772773743
2021-03-12,2021-03-15,SUNPHARMA,0.0,0.516273558139801,SEARCH_FOLD_C,0.516273558139801
2021-03-15,2021-03-16,SUNPHARMA,0.0,0.5159103870391846,SEARCH_FOLD_C,0.5159103870391846
2021-03-16,2021-03-17,SUNPHARMA,0.0,0.5156071782112122,SEARCH_FOLD_C,0.5156071782112122
2021-03-17,2021-03-18,SUNPHARMA,0.0,0.5153600573539734,SEARCH_FOLD_C,0.5153600573539734
2021-03-18,2021-03-19,SUNPHARMA,1.0,0.5150094628334045,SEARCH_FOLD_C,0.5150094628334045
2021-03-19,2021-03-22,SUNPHARMA,1.0,0.5147894024848938,SEARCH_FOLD_C,0.5147894024848938
2021-03-22,2021-03-23,SUNPHARMA,0.0,0.5145328640937805,SEARCH_FOLD_C,0.5145328640937805
2021-03-23,2021-03-24,SUNPHARMA,0.0,0.5143954753875732,SEARCH_FOLD_C,0.5143954753875732
2021-03-24,2021-03-25,SUNPHARMA,0.0,0.5141759514808655,SEARCH_FOLD_C,0.5141759514808655
2021-03-25,2021-03-26,SUNPHARMA,1.0,0.5139768719673157,SEARCH_FOLD_C,0.5139768719673157
2021-03-26,2021-03-30,SUNPHARMA,1.0,0.5137841701507568,SEARCH_FOLD_C,0.5137841701507568
2021-03-30,2021-03-31,SUNPHARMA,1.0,0.5133702754974365,SEARCH_FOLD_C,0.5133702754974365
2021-03-31,2021-04-01,SUNPHARMA,1.0,0.5129926204681396,SEARCH_FOLD_C,0.5129926204681396
2021-04-01,2021-04-05,SUNPHARMA,0.0,0.512702465057373,SEARCH_FOLD_C,0.512702465057373
2021-04-05,2021-04-06,SUNPHARMA,1.0,0.5123875141143799,SEARCH_FOLD_C,0.5123875141143799
2021-04-06,2021-04-07,SUNPHARMA,1.0,0.512080192565918,SEARCH_FOLD_C,0.512080192565918
2021-04-07,2021-04-08,SUNPHARMA,0.0,0.5117281079292297,SEARCH_FOLD_C,0.5117281079292297
2021-04-08,2021-04-09,SUNPHARMA,1.0,0.5113117694854736,SEARCH_FOLD_C,0.5113117694854736
2021-04-09,2021-04-12,SUNPHARMA,0.0,0.5109608173370361,SEARCH_FOLD_C,0.5109608173370361
2021-04-12,2021-04-13,SUNPHARMA,1.0,0.5107190608978271,SEARCH_FOLD_C,0.5107190608978271
2021-04-13,2021-04-15,SUNPHARMA,1.0,0.5105562806129456,SEARCH_FOLD_C,0.5105562806129456
2021-04-15,2021-04-16,SUNPHARMA,1.0,0.5102136135101318,SEARCH_FOLD_C,0.5102136135101318
2021-04-16,2021-04-19,SUNPHARMA,0.0,0.5100295543670654,SEARCH_FOLD_C,0.5100295543670654
2021-04-19,2021-04-20,SUNPHARMA,1.0,0.5099580883979797,SEARCH_FOLD_C,0.5099580883979797
2021-04-20,2021-04-22,SUNPHARMA,0.0,0.5099934339523315,SEARCH_FOLD_C,0.5099934339523315
2021-04-22,2021-04-23,SUNPHARMA,0.0,0.5099603533744812,SEARCH_FOLD_C,0.5099603533744812
2021-04-23,2021-04-26,SUNPHARMA,0.0,0.5099400281906128,SEARCH_FOLD_C,0.5099400281906128
2021-04-26,2021-04-27,SUNPHARMA,1.0,0.5099741220474243,SEARCH_FOLD_C,0.5099741220474243
2021-04-27,2021-04-28,SUNPHARMA,1.0,0.5100070238113403,SEARCH_FOLD_C,0.5100070238113403
2021-04-28,2021-04-29,SUNPHARMA,1.0,0.5101044774055481,SEARCH_FOLD_C,0.5101044774055481
2021-04-29,2021-04-30,SUNPHARMA,1.0,0.5101295709609985,SEARCH_FOLD_C,0.5101295709609985
2021-04-30,2021-05-03,SUNPHARMA,1.0,0.5101600885391235,SEARCH_FOLD_C,0.5101600885391235
2021-05-03,2021-05-04,SUNPHARMA,0.0,0.5102413892745972,SEARCH_FOLD_C,0.5102413892745972
2021-05-04,2021-05-05,SUNPHARMA,1.0,0.5101717114448547,SEARCH_FOLD_C,0.5101717114448547
2021-05-05,2021-05-06,SUNPHARMA,0.0,0.5100899934768677,SEARCH_FOLD_C,0.5100899934768677
2021-05-06,2021-05-07,SUNPHARMA,1.0,0.5100075006484985,SEARCH_FOLD_C,0.5100075006484985
2021-05-07,2021-05-10,SUNPHARMA,1.0,0.5100139379501343,SEARCH_FOLD_C,0.5100139379501343
2021-05-10,2021-05-11,SUNPHARMA,1.0,0.5100622177124023,SEARCH_FOLD_C,0.5100622177124023
2021-05-11,2021-05-12,SUNPHARMA,0.0,0.5101587772369385,SEARCH_FOLD_C,0.5101587772369385
2021-05-12,2021-05-14,SUNPHARMA,0.0,0.5101976990699768,SEARCH_FOLD_C,0.5101976990699768
2021-05-14,2021-05-17,SUNPHARMA,0.0,0.5103026628494263,SEARCH_FOLD_C,0.5103026628494263
2021-05-17,2021-05-18,SUNPHARMA,1.0,0.5105052590370178,SEARCH_FOLD_C,0.5105052590370178
2021-05-18,2021-05-19,SUNPHARMA,1.0,0.5106951594352722,SEARCH_FOLD_C,0.5106951594352722
2021-05-19,2021-05-20,SUNPHARMA,0.0,0.5109484791755676,SEARCH_FOLD_C,0.5109484791755676
2021-05-20,2021-05-21,SUNPHARMA,1.0,0.5111691951751709,SEARCH_FOLD_C,0.5111691951751709
2021-05-21,2021-05-24,SUNPHARMA,1.0,0.5114216208457947,SEARCH_FOLD_C,0.5114216208457947
2021-05-24,2021-05-25,SUNPHARMA,1.0,0.5116927623748779,SEARCH_FOLD_C,0.5116927623748779
2021-05-25,2021-05-26,SUNPHARMA,1.0,0.5119257569313049,SEARCH_FOLD_C,0.5119257569313049
2021-05-26,2021-05-27,SUNPHARMA,0.0,0.51204514503479,SEARCH_FOLD_C,0.51204514503479
2021-05-27,2021-05-28,SUNPHARMA,0.0,0.5119632482528687,SEARCH_FOLD_C,0.5119632482528687
2021-05-28,2021-05-31,SUNPHARMA,0.0,0.5120353698730469,SEARCH_FOLD_C,0.5120353698730469
2021-05-31,2021-06-01,SUNPHARMA,1.0,0.5121119618415833,SEARCH_FOLD_C,0.5121119618415833
2021-06-01,2021-06-02,SUNPHARMA,1.0,0.5121614933013916,SEARCH_FOLD_C,0.5121614933013916
2021-06-02,2021-06-03,SUNPHARMA,0.0,0.5121848583221436,SEARCH_FOLD_C,0.5121848583221436
2021-06-03,2021-06-04,SUNPHARMA,0.0,0.5121618509292603,SEARCH_FOLD_C,0.5121618509292603
2021-06-04,2021-06-07,SUNPHARMA,1.0,0.5120684504508972,SEARCH_FOLD_C,0.5120684504508972
2021-06-07,2021-06-08,SUNPHARMA,1.0,0.5119748711585999,SEARCH_FOLD_C,0.5119748711585999
2021-06-08,2021-06-09,SUNPHARMA,0.0,0.5118598937988281,SEARCH_FOLD_C,0.5118598937988281
2021-06-09,2021-06-10,SUNPHARMA,1.0,0.5117691159248352,SEARCH_FOLD_C,0.5117691159248352
2021-06-10,2021-06-11,SUNPHARMA,1.0,0.5116997957229614,SEARCH_FOLD_C,0.5116997957229614
2021-06-11,2021-06-14,SUNPHARMA,0.0,0.5116215348243713,SEARCH_FOLD_C,0.5116215348243713
2021-06-14,2021-06-15,SUNPHARMA,0.0,0.5114919543266296,SEARCH_FOLD_C,0.5114919543266296
2021-06-15,2021-06-16,SUNPHARMA,0.0,0.5114148855209351,SEARCH_FOLD_C,0.5114148855209351
2021-06-16,2021-06-17,SUNPHARMA,0.0,0.5111834406852722,SEARCH_FOLD_C,0.5111834406852722
2021-06-17,2021-06-18,SUNPHARMA,1.0,0.5107748508453369,SEARCH_FOLD_C,0.5107748508453369
2021-06-18,2021-06-21,SUNPHARMA,1.0,0.5103403329849243,SEARCH_FOLD_C,0.5103403329849243
2021-06-21,2021-06-22,SUNPHARMA,0.0,0.5099198818206787,SEARCH_FOLD_C,0.5099198818206787
2021-06-22,2021-06-23,SUNPHARMA,0.0,0.5095193386077881,SEARCH_FOLD_C,0.5095193386077881
2021-06-23,2021-06-24,SUNPHARMA,0.0,0.5090517997741699,SEARCH_FOLD_C,0.5090517997741699
2021-06-24,2021-06-25,SUNPHARMA,1.0,0.5086773633956909,SEARCH_FOLD_C,0.5086773633956909
2021-06-25,2021-06-28,SUNPHARMA,1.0,0.508184015750885,SEARCH_FOLD_C,0.508184015750885
2021-06-28,2021-06-29,SUNPHARMA,1.0,0.5076347589492798,SEARCH_FOLD_C,0.5076347589492798
2021-06-29,2021-06-30,SUNPHARMA,0.0,0.5071149468421936,SEARCH_FOLD_C,0.5071149468421936
2021-06-30,2021-07-01,SUNPHARMA,1.0,0.506598174571991,SEARCH_FOLD_C,0.506598174571991
2021-07-01,2021-07-02,SUNPHARMA,0.0,0.5059124231338501,SEARCH_FOLD_C,0.5059124231338501
2021-07-02,2021-07-05,SUNPHARMA,0.0,0.5053034424781799,SEARCH_FOLD_C,0.5053034424781799
2021-07-05,2021-07-06,SUNPHARMA,0.0,0.5046792030334473,SEARCH_FOLD_C,0.5046792030334473
2021-07-06,2021-07-07,SUNPHARMA,1.0,0.5041226148605347,SEARCH_FOLD_C,0.5041226148605347
2021-07-07,2021-07-08,SUNPHARMA,0.0,0.5036035180091858,SEARCH_FOLD_C,0.5036035180091858
2021-07-08,2021-07-09,SUNPHARMA,1.0,0.5031214356422424,SEARCH_FOLD_C,0.5031214356422424
2021-07-09,2021-07-12,SUNPHARMA,1.0,0.5023453831672668,SEARCH_FOLD_C,0.5023453831672668
2021-07-12,2021-07-13,SUNPHARMA,1.0,0.5016553401947021,SEARCH_FOLD_C,0.5016553401947021
2021-07-13,2021-07-14,SUNPHARMA,1.0,0.5010209083557129,SEARCH_FOLD_C,0.5010209083557129
2021-07-14,2021-07-15,SUNPHARMA,0.0,0.5004358887672424,SEARCH_FOLD_C,0.5004358887672424
2021-07-15,2021-07-16,SUNPHARMA,1.0,0.5000142455101013,SEARCH_FOLD_C,0.5000142455101013
2021-07-16,2021-07-19,SUNPHARMA,1.0,0.4996193647384643,SEARCH_FOLD_C,0.5003806352615356
2021-07-19,2021-07-20,SUNPHARMA,0.0,0.4992593824863434,SEARCH_FOLD_C,0.5007406175136566
2021-07-20,2021-07-22,SUNPHARMA,1.0,0.4989435374736786,SEARCH_FOLD_C,0.5010564625263214
2021-07-22,2021-07-23,SUNPHARMA,1.0,0.4986212849617004,SEARCH_FOLD_C,0.5013787150382996
2021-07-23,2021-07-26,SUNPHARMA,1.0,0.4983632564544678,SEARCH_FOLD_C,0.5016367435455322
2021-07-26,2021-07-27,SUNPHARMA,0.0,0.4981414377689361,SEARCH_FOLD_C,0.5018585622310638
2021-07-27,2021-07-28,SUNPHARMA,0.0,0.4979418814182281,SEARCH_FOLD_C,0.5020581185817719
2021-07-28,2021-07-29,SUNPHARMA,1.0,0.4977973401546478,SEARCH_FOLD_C,0.5022026598453522
2021-07-29,2021-07-30,SUNPHARMA,1.0,0.4976853430271148,SEARCH_FOLD_C,0.5023146569728851
2021-07-30,2021-08-02,SUNPHARMA,1.0,0.4977177083492279,SEARCH_FOLD_C,0.5022822916507721
2021-08-02,2021-08-03,SUNPHARMA,1.0,0.4978382885456085,SEARCH_FOLD_C,0.5021617114543915
2021-08-03,2021-08-04,SUNPHARMA,0.0,0.4980812072753906,SEARCH_FOLD_C,0.5019187927246094
2021-08-04,2021-08-05,SUNPHARMA,1.0,0.4983779489994049,SEARCH_FOLD_C,0.5016220510005951
2021-08-05,2021-08-06,SUNPHARMA,0.0,0.4987650215625763,SEARCH_FOLD_C,0.5012349784374237
2021-08-06,2021-08-09,SUNPHARMA,1.0,0.4991638362407684,SEARCH_FOLD_C,0.5008361637592316
2021-08-09,2021-08-10,SUNPHARMA,1.0,0.4998318552970886,SEARCH_FOLD_C,0.5001681447029114
2021-08-10,2021-08-11,SUNPHARMA,0.0,0.500530481338501,SEARCH_FOLD_C,0.500530481338501
2021-08-11,2021-08-12,SUNPHARMA,0.0,0.5012564063072205,SEARCH_FOLD_C,0.5012564063072205
2021-08-12,2021-08-13,SUNPHARMA,0.0,0.5019912123680115,SEARCH_FOLD_C,0.5019912123680115
2021-08-13,2021-08-16,SUNPHARMA,1.0,0.5027823448181152,SEARCH_FOLD_C,0.5027823448181152
2021-08-16,2021-08-17,SUNPHARMA,1.0,0.5035141706466675,SEARCH_FOLD_C,0.5035141706466675
2021-08-17,2021-08-18,SUNPHARMA,0.0,0.5043052434921265,SEARCH_FOLD_C,0.5043052434921265
2021-08-18,2021-08-20,SUNPHARMA,0.0,0.5050112009048462,SEARCH_FOLD_C,0.5050112009048462
2021-08-20,2021-08-23,SUNPHARMA,0.0,0.5057889223098755,SEARCH_FOLD_C,0.5057889223098755
2021-08-23,2021-08-24,SUNPHARMA,1.0,0.506389319896698,SEARCH_FOLD_C,0.506389319896698
2021-08-24,2021-08-25,SUNPHARMA,0.0,0.5070508718490601,SEARCH_FOLD_C,0.5070508718490601
2021-08-25,2021-08-26,SUNPHARMA,0.0,0.5077270269393921,SEARCH_FOLD_C,0.5077270269393921
2021-08-26,2021-08-27,SUNPHARMA,1.0,0.5083694458007812,SEARCH_FOLD_C,0.5083694458007812
2021-08-27,2021-08-30,SUNPHARMA,1.0,0.509026050567627,SEARCH_FOLD_C,0.509026050567627
2021-08-30,2021-08-31,SUNPHARMA,1.0,0.5096222758293152,SEARCH_FOLD_C,0.5096222758293152
2021-08-31,2021-09-01,SUNPHARMA,0.0,0.5102003216743469,SEARCH_FOLD_C,0.5102003216743469
2021-09-01,2021-09-02,SUNPHARMA,1.0,0.510715126991272,SEARCH_FOLD_C,0.510715126991272
2021-09-02,2021-09-03,SUNPHARMA,0.0,0.5110452175140381,SEARCH_FOLD_C,0.5110452175140381
2021-09-03,2021-09-06,SUNPHARMA,0.0,0.5114519000053406,SEARCH_FOLD_C,0.5114519000053406
2021-09-06,2021-09-07,SUNPHARMA,0.0,0.5118123292922974,SEARCH_FOLD_C,0.5118123292922974
2021-09-07,2021-09-08,SUNPHARMA,1.0,0.512231171131134,SEARCH_FOLD_C,0.512231171131134
2021-09-08,2021-09-09,SUNPHARMA,0.0,0.5124119520187378,SEARCH_FOLD_C,0.5124119520187378
2021-09-09,2021-09-13,SUNPHARMA,1.0,0.512611985206604,SEARCH_FOLD_C,0.512611985206604
2021-09-13,2021-09-14,SUNPHARMA,1.0,0.5128242373466492,SEARCH_FOLD_C,0.5128242373466492
2021-09-14,2021-09-15,SUNPHARMA,0.0,0.5125315189361572,SEARCH_FOLD_C,0.5125315189361572
2021-09-15,2021-09-16,SUNPHARMA,1.0,0.5120853185653687,SEARCH_FOLD_C,0.5120853185653687
2021-09-16,2021-09-17,SUNPHARMA,0.0,0.5115910768508911,SEARCH_FOLD_C,0.5115910768508911
2021-09-17,2021-09-20,SUNPHARMA,0.0,0.5110888481140137,SEARCH_FOLD_C,0.5110888481140137
2021-09-20,2021-09-21,SUNPHARMA,1.0,0.5105971097946167,SEARCH_FOLD_C,0.5105971097946167
2021-09-21,2021-09-22,SUNPHARMA,1.0,0.5101410150527954,SEARCH_FOLD_C,0.5101410150527954
2021-09-22,2021-09-23,SUNPHARMA,0.0,0.509712815284729,SEARCH_FOLD_C,0.509712815284729
2021-09-23,2021-09-24,SUNPHARMA,1.0,0.5092736482620239,SEARCH_FOLD_C,0.5092736482620239
2021-09-24,2021-09-27,SUNPHARMA,0.0,0.5087730884552002,SEARCH_FOLD_C,0.5087730884552002
2021-09-27,2021-09-28,SUNPHARMA,1.0,0.5083200335502625,SEARCH_FOLD_C,0.5083200335502625
2021-09-28,2021-09-29,SUNPHARMA,1.0,0.5078533291816711,SEARCH_FOLD_C,0.5078533291816711
2021-09-29,2021-09-30,SUNPHARMA,1.0,0.5074573159217834,SEARCH_FOLD_C,0.5074573159217834
2021-09-30,2021-10-01,SUNPHARMA,1.0,0.5071051716804504,SEARCH_FOLD_C,0.5071051716804504
2021-10-01,2021-10-04,SUNPHARMA,1.0,0.5068582892417908,SEARCH_FOLD_C,0.5068582892417908
2021-10-04,2021-10-05,SUNPHARMA,0.0,0.5064870715141296,SEARCH_FOLD_C,0.5064870715141296
2021-10-05,2021-10-06,SUNPHARMA,0.0,0.5061585903167725,SEARCH_FOLD_C,0.5061585903167725
2021-10-06,2021-10-07,SUNPHARMA,1.0,0.5058653354644775,SEARCH_FOLD_C,0.5058653354644775
2021-10-07,2021-10-08,SUNPHARMA,0.0,0.5056099891662598,SEARCH_FOLD_C,0.5056099891662598
2021-10-08,2021-10-11,SUNPHARMA,1.0,0.5053300261497498,SEARCH_FOLD_C,0.5053300261497498
2021-10-11,2021-10-12,SUNPHARMA,0.0,0.5050206780433655,SEARCH_FOLD_C,0.5050206780433655
2021-10-12,2021-10-13,SUNPHARMA,1.0,0.505070149898529,SEARCH_FOLD_C,0.505070149898529
2021-10-13,2021-10-14,SUNPHARMA,0.0,0.5050948858261108,SEARCH_FOLD_C,0.5050948858261108
2021-10-14,2021-10-18,SUNPHARMA,0.0,0.5051548480987549,SEARCH_FOLD_C,0.5051548480987549
2021-10-18,2021-10-19,SUNPHARMA,0.0,0.5052638053894043,SEARCH_FOLD_C,0.5052638053894043
2021-10-19,2021-10-20,SUNPHARMA,0.0,0.5053896903991699,SEARCH_FOLD_C,0.5053896903991699
2021-10-20,2021-10-21,SUNPHARMA,1.0,0.505513608455658,SEARCH_FOLD_C,0.505513608455658
2021-10-21,2021-10-22,SUNPHARMA,0.0,0.5055724382400513,SEARCH_FOLD_C,0.5055724382400513
2021-10-22,2021-10-25,SUNPHARMA,1.0,0.5056821703910828,SEARCH_FOLD_C,0.5056821703910828
2021-10-25,2021-10-26,SUNPHARMA,1.0,0.5058184862136841,SEARCH_FOLD_C,0.5058184862136841
2021-10-26,2021-10-27,SUNPHARMA,1.0,0.5059909820556641,SEARCH_FOLD_C,0.5059909820556641
2021-10-27,2021-10-28,SUNPHARMA,0.0,0.5061821937561035,SEARCH_FOLD_C,0.5061821937561035
2021-10-28,2021-10-29,SUNPHARMA,0.0,0.5064014196395874,SEARCH_FOLD_C,0.5064014196395874
2021-10-29,2021-11-01,SUNPHARMA,1.0,0.5066686272621155,SEARCH_FOLD_C,0.5066686272621155
2021-11-01,2021-11-02,SUNPHARMA,1.0,0.5068691372871399,SEARCH_FOLD_C,0.5068691372871399
2021-11-02,2021-11-03,SUNPHARMA,0.0,0.5070717334747314,SEARCH_FOLD_C,0.5070717334747314
2021-11-03,2021-11-04,SUNPHARMA,1.0,0.5073280334472656,SEARCH_FOLD_C,0.5073280334472656
2021-11-04,2021-11-08,SUNPHARMA,1.0,0.5076322555541992,SEARCH_FOLD_C,0.5076322555541992
2021-11-08,2021-11-09,SUNPHARMA,1.0,0.5079477429389954,SEARCH_FOLD_C,0.5079477429389954
2021-11-09,2021-11-10,SUNPHARMA,1.0,0.5082710385322571,SEARCH_FOLD_C,0.5082710385322571
2021-11-10,2021-11-11,SUNPHARMA,0.0,0.508558988571167,SEARCH_FOLD_C,0.508558988571167
2021-11-11,2021-11-12,SUNPHARMA,1.0,0.5088399052619934,SEARCH_FOLD_C,0.5088399052619934
2021-11-12,2021-11-15,SUNPHARMA,1.0,0.5089473724365234,SEARCH_FOLD_C,0.5089473724365234
2021-11-15,2021-11-16,SUNPHARMA,0.0,0.508997917175293,SEARCH_FOLD_C,0.508997917175293
2021-11-16,2021-11-17,SUNPHARMA,0.0,0.5090284943580627,SEARCH_FOLD_C,0.5090284943580627
2021-11-17,2021-11-18,SUNPHARMA,0.0,0.5090877413749695,SEARCH_FOLD_C,0.5090877413749695
2021-11-18,2021-11-22,SUNPHARMA,0.0,0.5090974569320679,SEARCH_FOLD_C,0.5090974569320679
2021-11-22,2021-11-23,SUNPHARMA,1.0,0.5090283155441284,SEARCH_FOLD_C,0.5090283155441284
2021-11-23,2021-11-24,SUNPHARMA,0.0,0.5089863538742065,SEARCH_FOLD_C,0.5089863538742065
2021-11-24,2021-11-25,SUNPHARMA,1.0,0.5089294910430908,SEARCH_FOLD_C,0.5089294910430908
2021-11-25,2021-11-26,SUNPHARMA,0.0,0.5088952779769897,SEARCH_FOLD_C,0.5088952779769897
2021-11-26,2021-11-29,SUNPHARMA,0.0,0.5088474750518799,SEARCH_FOLD_C,0.5088474750518799
2021-11-29,2021-11-30,SUNPHARMA,1.0,0.5088214874267578,SEARCH_FOLD_C,0.5088214874267578
2021-11-30,2021-12-01,SUNPHARMA,0.0,0.5088276267051697,SEARCH_FOLD_C,0.5088276267051697
2021-12-01,2021-12-02,SUNPHARMA,1.0,0.5088497996330261,SEARCH_FOLD_C,0.5088497996330261
2021-12-02,2021-12-03,SUNPHARMA,0.0,0.5088958740234375,SEARCH_FOLD_C,0.5088958740234375
2021-12-03,2021-12-06,SUNPHARMA,0.0,0.5088889598846436,SEARCH_FOLD_C,0.5088889598846436
2021-12-06,2021-12-07,SUNPHARMA,1.0,0.5089050531387329,SEARCH_FOLD_C,0.5089050531387329
2021-12-07,2021-12-08,SUNPHARMA,1.0,0.5088897347450256,SEARCH_FOLD_C,0.5088897347450256
2021-12-08,2021-12-09,SUNPHARMA,1.0,0.5088487267494202,SEARCH_FOLD_C,0.5088487267494202
2021-12-09,2021-12-10,SUNPHARMA,1.0,0.5088171362876892,SEARCH_FOLD_C,0.5088171362876892
2021-12-10,2021-12-13,SUNPHARMA,1.0,0.508807897567749,SEARCH_FOLD_C,0.508807897567749
2021-12-13,2021-12-14,SUNPHARMA,0.0,0.5088140964508057,SEARCH_FOLD_C,0.5088140964508057
2021-12-14,2021-12-15,SUNPHARMA,1.0,0.5087378621101379,SEARCH_FOLD_C,0.5087378621101379
2021-12-15,2021-12-16,SUNPHARMA,0.0,0.5087273716926575,SEARCH_FOLD_C,0.5087273716926575
2021-12-16,2021-12-17,SUNPHARMA,1.0,0.5086123943328857,SEARCH_FOLD_C,0.5086123943328857
2021-12-17,2021-12-20,SUNPHARMA,0.0,0.5084226727485657,SEARCH_FOLD_C,0.5084226727485657
2021-12-20,2021-12-21,SUNPHARMA,1.0,0.5083132386207581,SEARCH_FOLD_C,0.5083132386207581
2021-12-21,2021-12-22,SUNPHARMA,1.0,0.5082266926765442,SEARCH_FOLD_C,0.5082266926765442
2021-12-22,2021-12-23,SUNPHARMA,0.0,0.508167564868927,SEARCH_FOLD_C,0.508167564868927
2021-12-23,2021-12-24,SUNPHARMA,0.0,0.5081519484519958,SEARCH_FOLD_C,0.5081519484519958
2021-12-24,2021-12-27,SUNPHARMA,1.0,0.5080846548080444,SEARCH_FOLD_C,0.5080846548080444
2021-12-27,2021-12-28,SUNPHARMA,1.0,0.508074939250946,SEARCH_FOLD_C,0.508074939250946
2021-12-28,2021-12-29,SUNPHARMA,1.0,0.508108377456665,SEARCH_FOLD_C,0.508108377456665
2021-12-29,2021-12-30,SUNPHARMA,0.0,0.5081361532211304,SEARCH_FOLD_C,0.5081361532211304
2021-12-30,2021-12-31,SUNPHARMA,1.0,0.5081757307052612,SEARCH_FOLD_C,0.5081757307052612
2021-01-01,2021-01-04,TATASTEEL,1.0,0.5448732376098633,SEARCH_FOLD_C,0.5448732376098633
2021-01-04,2021-01-05,TATASTEEL,0.0,0.5428506135940552,SEARCH_FOLD_C,0.5428506135940552
2021-01-05,2021-01-06,TATASTEEL,1.0,0.5396853089332581,SEARCH_FOLD_C,0.5396853089332581
2021-01-06,2021-01-07,TATASTEEL,1.0,0.5415598750114441,SEARCH_FOLD_C,0.5415598750114441
2021-01-07,2021-01-08,TATASTEEL,0.0,0.5450122356414795,SEARCH_FOLD_C,0.5450122356414795
2021-01-08,2021-01-11,TATASTEEL,0.0,0.5450881719589233,SEARCH_FOLD_C,0.5450881719589233
2021-01-11,2021-01-12,TATASTEEL,0.0,0.5479050874710083,SEARCH_FOLD_C,0.5479050874710083
2021-01-12,2021-01-13,TATASTEEL,1.0,0.5415435433387756,SEARCH_FOLD_C,0.5415435433387756
2021-01-13,2021-01-14,TATASTEEL,0.0,0.5447019338607788,SEARCH_FOLD_C,0.5447019338607788
2021-01-14,2021-01-15,TATASTEEL,0.0,0.5456748604774475,SEARCH_FOLD_C,0.5456748604774475
2021-01-15,2021-01-18,TATASTEEL,0.0,0.5462176203727722,SEARCH_FOLD_C,0.5462176203727722
2021-01-18,2021-01-19,TATASTEEL,1.0,0.5463966131210327,SEARCH_FOLD_C,0.5463966131210327
2021-01-19,2021-01-20,TATASTEEL,1.0,0.5463643074035645,SEARCH_FOLD_C,0.5463643074035645
2021-01-20,2021-01-21,TATASTEEL,0.0,0.5463405847549438,SEARCH_FOLD_C,0.5463405847549438
2021-01-21,2021-01-22,TATASTEEL,0.0,0.5464606285095215,SEARCH_FOLD_C,0.5464606285095215
2021-01-22,2021-01-25,TATASTEEL,1.0,0.5455451011657715,SEARCH_FOLD_C,0.5455451011657715
2021-01-25,2021-01-27,TATASTEEL,0.0,0.5448921918869019,SEARCH_FOLD_C,0.5448921918869019
2021-01-27,2021-01-28,TATASTEEL,0.0,0.5430951714515686,SEARCH_FOLD_C,0.5430951714515686
2021-01-28,2021-01-29,TATASTEEL,0.0,0.5413388609886169,SEARCH_FOLD_C,0.5413388609886169
2021-01-29,2021-02-01,TATASTEEL,1.0,0.5386884808540344,SEARCH_FOLD_C,0.5386884808540344
2021-02-01,2021-02-02,TATASTEEL,1.0,0.5364029407501221,SEARCH_FOLD_C,0.5364029407501221
2021-02-02,2021-02-03,TATASTEEL,1.0,0.5325536727905273,SEARCH_FOLD_C,0.5325536727905273
2021-02-03,2021-02-04,TATASTEEL,1.0,0.530505895614624,SEARCH_FOLD_C,0.530505895614624
2021-02-04,2021-02-05,TATASTEEL,1.0,0.528972327709198,SEARCH_FOLD_C,0.528972327709198
2021-02-05,2021-02-08,TATASTEEL,1.0,0.5283831357955933,SEARCH_FOLD_C,0.5283831357955933
2021-02-08,2021-02-09,TATASTEEL,0.0,0.5280449986457825,SEARCH_FOLD_C,0.5280449986457825
2021-02-09,2021-02-10,TATASTEEL,0.0,0.5283507108688354,SEARCH_FOLD_C,0.5283507108688354
2021-02-10,2021-02-11,TATASTEEL,1.0,0.5291951894760132,SEARCH_FOLD_C,0.5291951894760132
2021-02-11,2021-02-12,TATASTEEL,0.0,0.5300952196121216,SEARCH_FOLD_C,0.5300952196121216
2021-02-12,2021-02-15,TATASTEEL,0.0,0.5301309823989868,SEARCH_FOLD_C,0.5301309823989868
2021-02-15,2021-02-16,TATASTEEL,1.0,0.531157374382019,SEARCH_FOLD_C,0.531157374382019
2021-02-16,2021-02-17,TATASTEEL,0.0,0.527752697467804,SEARCH_FOLD_C,0.527752697467804
2021-02-17,2021-02-18,TATASTEEL,1.0,0.5258142352104187,SEARCH_FOLD_C,0.5258142352104187
2021-02-18,2021-02-19,TATASTEEL,0.0,0.5239178538322449,SEARCH_FOLD_C,0.5239178538322449
2021-02-19,2021-02-22,TATASTEEL,1.0,0.5190903544425964,SEARCH_FOLD_C,0.5190903544425964
2021-02-22,2021-02-23,TATASTEEL,1.0,0.516221821308136,SEARCH_FOLD_C,0.516221821308136
2021-02-23,2021-02-24,TATASTEEL,0.0,0.5146859884262085,SEARCH_FOLD_C,0.5146859884262085
2021-02-24,2021-02-25,TATASTEEL,1.0,0.5132357478141785,SEARCH_FOLD_C,0.5132357478141785
2021-02-25,2021-02-26,TATASTEEL,0.0,0.5128822922706604,SEARCH_FOLD_C,0.5128822922706604
2021-02-26,2021-03-01,TATASTEEL,1.0,0.5139540433883667,SEARCH_FOLD_C,0.5139540433883667
2021-03-01,2021-03-02,TATASTEEL,1.0,0.5149173140525818,SEARCH_FOLD_C,0.5149173140525818
2021-03-02,2021-03-03,TATASTEEL,1.0,0.517389714717865,SEARCH_FOLD_C,0.517389714717865
2021-03-03,2021-03-04,TATASTEEL,0.0,0.5196678042411804,SEARCH_FOLD_C,0.5196678042411804
2021-03-04,2021-03-05,TATASTEEL,0.0,0.5228015184402466,SEARCH_FOLD_C,0.5228015184402466
2021-03-05,2021-03-08,TATASTEEL,1.0,0.5271380543708801,SEARCH_FOLD_C,0.5271380543708801
2021-03-08,2021-03-09,TATASTEEL,0.0,0.5316175222396851,SEARCH_FOLD_C,0.5316175222396851
2021-03-09,2021-03-10,TATASTEEL,1.0,0.5359771847724915,SEARCH_FOLD_C,0.5359771847724915
2021-03-10,2021-03-12,TATASTEEL,0.0,0.5409178137779236,SEARCH_FOLD_C,0.5409178137779236
2021-03-12,2021-03-15,TATASTEEL,1.0,0.5456488728523254,SEARCH_FOLD_C,0.5456488728523254
2021-03-15,2021-03-16,TATASTEEL,0.0,0.5504998564720154,SEARCH_FOLD_C,0.5504998564720154
2021-03-16,2021-03-17,TATASTEEL,0.0,0.5542919635772705,SEARCH_FOLD_C,0.5542919635772705
2021-03-17,2021-03-18,TATASTEEL,1.0,0.5579131245613098,SEARCH_FOLD_C,0.5579131245613098
2021-03-18,2021-03-19,TATASTEEL,1.0,0.5607479214668274,SEARCH_FOLD_C,0.5607479214668274
2021-03-19,2021-03-22,TATASTEEL,1.0,0.5628140568733215,SEARCH_FOLD_C,0.5628140568733215
2021-03-22,2021-03-23,TATASTEEL,0.0,0.5612185001373291,SEARCH_FOLD_C,0.5612185001373291
2021-03-23,2021-03-24,TATASTEEL,0.0,0.5589141845703125,SEARCH_FOLD_C,0.5589141845703125
2021-03-24,2021-03-25,TATASTEEL,1.0,0.5551269054412842,SEARCH_FOLD_C,0.5551269054412842
2021-03-25,2021-03-26,TATASTEEL,1.0,0.5489149689674377,SEARCH_FOLD_C,0.5489149689674377
2021-03-26,2021-03-30,TATASTEEL,1.0,0.5467314720153809,SEARCH_FOLD_C,0.5467314720153809
2021-03-30,2021-03-31,TATASTEEL,1.0,0.5459691882133484,SEARCH_FOLD_C,0.5459691882133484
2021-03-31,2021-04-01,TATASTEEL,1.0,0.5463624000549316,SEARCH_FOLD_C,0.5463624000549316
2021-04-01,2021-04-05,TATASTEEL,1.0,0.5446380972862244,SEARCH_FOLD_C,0.5446380972862244
2021-04-05,2021-04-06,TATASTEEL,0.0,0.5461013317108154,SEARCH_FOLD_C,0.5461013317108154
2021-04-06,2021-04-07,TATASTEEL,1.0,0.5483431220054626,SEARCH_FOLD_C,0.5483431220054626
2021-04-07,2021-04-08,TATASTEEL,1.0,0.5516155362129211,SEARCH_FOLD_C,0.5516155362129211
2021-04-08,2021-04-09,TATASTEEL,0.0,0.5540015697479248,SEARCH_FOLD_C,0.5540015697479248
2021-04-09,2021-04-12,TATASTEEL,0.0,0.5540205240249634,SEARCH_FOLD_C,0.5540205240249634
2021-04-12,2021-04-13,TATASTEEL,1.0,0.5561375617980957,SEARCH_FOLD_C,0.5561375617980957
2021-04-13,2021-04-15,TATASTEEL,1.0,0.5575101375579834,SEARCH_FOLD_C,0.5575101375579834
2021-04-15,2021-04-16,TATASTEEL,0.0,0.5595934987068176,SEARCH_FOLD_C,0.5595934987068176
2021-04-16,2021-04-19,TATASTEEL,0.0,0.5618939399719238,SEARCH_FOLD_C,0.5618939399719238
2021-04-19,2021-04-20,TATASTEEL,1.0,0.5641009211540222,SEARCH_FOLD_C,0.5641009211540222
2021-04-20,2021-04-22,TATASTEEL,1.0,0.5632172226905823,SEARCH_FOLD_C,0.5632172226905823
2021-04-22,2021-04-23,TATASTEEL,1.0,0.5637902617454529,SEARCH_FOLD_C,0.5637902617454529
2021-04-23,2021-04-26,TATASTEEL,1.0,0.56586754322052,SEARCH_FOLD_C,0.56586754322052
2021-04-26,2021-04-27,TATASTEEL,1.0,0.5685523748397827,SEARCH_FOLD_C,0.5685523748397827
2021-04-27,2021-04-28,TATASTEEL,0.0,0.5722445845603943,SEARCH_FOLD_C,0.5722445845603943
2021-04-28,2021-04-29,TATASTEEL,1.0,0.5756385326385498,SEARCH_FOLD_C,0.5756385326385498
2021-04-29,2021-04-30,TATASTEEL,1.0,0.5801377296447754,SEARCH_FOLD_C,0.5801377296447754
2021-04-30,2021-05-03,TATASTEEL,1.0,0.5845056176185608,SEARCH_FOLD_C,0.5845056176185608
2021-05-03,2021-05-04,TATASTEEL,0.0,0.5898863673210144,SEARCH_FOLD_C,0.5898863673210144
2021-05-04,2021-05-05,TATASTEEL,1.0,0.5962319374084473,SEARCH_FOLD_C,0.5962319374084473
2021-05-05,2021-05-06,TATASTEEL,1.0,0.6024215221405029,SEARCH_FOLD_C,0.6024215221405029
2021-05-06,2021-05-07,TATASTEEL,1.0,0.607143223285675,SEARCH_FOLD_C,0.607143223285675
2021-05-07,2021-05-10,TATASTEEL,1.0,0.6126459240913391,SEARCH_FOLD_C,0.6126459240913391
2021-05-10,2021-05-11,TATASTEEL,1.0,0.6184719800949097,SEARCH_FOLD_C,0.6184719800949097
2021-05-11,2021-05-12,TATASTEEL,0.0,0.6252183318138123,SEARCH_FOLD_C,0.6252183318138123
2021-05-12,2021-05-14,TATASTEEL,0.0,0.6293866038322449,SEARCH_FOLD_C,0.6293866038322449
2021-05-14,2021-05-17,TATASTEEL,1.0,0.6312801241874695,SEARCH_FOLD_C,0.6312801241874695
2021-05-17,2021-05-18,TATASTEEL,1.0,0.633054256439209,SEARCH_FOLD_C,0.633054256439209
2021-05-18,2021-05-19,TATASTEEL,0.0,0.6338419318199158,SEARCH_FOLD_C,0.6338419318199158
2021-05-19,2021-05-20,TATASTEEL,0.0,0.6321367621421814,SEARCH_FOLD_C,0.6321367621421814
2021-05-20,2021-05-21,TATASTEEL,1.0,0.6297610998153687,SEARCH_FOLD_C,0.6297610998153687
2021-05-21,2021-05-24,TATASTEEL,0.0,0.62732994556427,SEARCH_FOLD_C,0.62732994556427
2021-05-24,2021-05-25,TATASTEEL,1.0,0.6244530081748962,SEARCH_FOLD_C,0.6244530081748962
2021-05-25,2021-05-26,TATASTEEL,0.0,0.617490828037262,SEARCH_FOLD_C,0.617490828037262
2021-05-26,2021-05-27,TATASTEEL,1.0,0.611853301525116,SEARCH_FOLD_C,0.611853301525116
2021-05-27,2021-05-28,TATASTEEL,1.0,0.6081535816192627,SEARCH_FOLD_C,0.6081535816192627
2021-05-28,2021-05-31,TATASTEEL,1.0,0.6040446162223816,SEARCH_FOLD_C,0.6040446162223816
2021-05-31,2021-06-01,TATASTEEL,0.0,0.5997350811958313,SEARCH_FOLD_C,0.5997350811958313
2021-06-01,2021-06-02,TATASTEEL,1.0,0.5965939164161682,SEARCH_FOLD_C,0.5965939164161682
2021-06-02,2021-06-03,TATASTEEL,0.0,0.5939253568649292,SEARCH_FOLD_C,0.5939253568649292
2021-06-03,2021-06-04,TATASTEEL,0.0,0.591734766960144,SEARCH_FOLD_C,0.591734766960144
2021-06-04,2021-06-07,TATASTEEL,1.0,0.5877189040184021,SEARCH_FOLD_C,0.5877189040184021
2021-06-07,2021-06-08,TATASTEEL,0.0,0.5845702886581421,SEARCH_FOLD_C,0.5845702886581421
2021-06-08,2021-06-09,TATASTEEL,0.0,0.5814639925956726,SEARCH_FOLD_C,0.5814639925956726
2021-06-09,2021-06-10,TATASTEEL,1.0,0.5775692462921143,SEARCH_FOLD_C,0.5775692462921143
2021-06-10,2021-06-11,TATASTEEL,1.0,0.5742170214653015,SEARCH_FOLD_C,0.5742170214653015
2021-06-11,2021-06-14,TATASTEEL,1.0,0.5679278373718262,SEARCH_FOLD_C,0.5679278373718262
2021-06-14,2021-06-15,TATASTEEL,1.0,0.5628102421760559,SEARCH_FOLD_C,0.5628102421760559
2021-06-15,2021-06-16,TATASTEEL,0.0,0.5574656128883362,SEARCH_FOLD_C,0.5574656128883362
2021-06-16,2021-06-17,TATASTEEL,0.0,0.5526095032691956,SEARCH_FOLD_C,0.5526095032691956
2021-06-17,2021-06-18,TATASTEEL,0.0,0.5484165549278259,SEARCH_FOLD_C,0.5484165549278259
2021-06-18,2021-06-21,TATASTEEL,1.0,0.5422626733779907,SEARCH_FOLD_C,0.5422626733779907
2021-06-21,2021-06-22,TATASTEEL,1.0,0.534267783164978,SEARCH_FOLD_C,0.534267783164978
2021-06-22,2021-06-23,TATASTEEL,0.0,0.5272045135498047,SEARCH_FOLD_C,0.5272045135498047
2021-06-23,2021-06-24,TATASTEEL,1.0,0.5184463858604431,SEARCH_FOLD_C,0.5184463858604431
2021-06-24,2021-06-25,TATASTEEL,1.0,0.5111273527145386,SEARCH_FOLD_C,0.5111273527145386
2021-06-25,2021-06-28,TATASTEEL,1.0,0.5049837827682495,SEARCH_FOLD_C,0.5049837827682495
2021-06-28,2021-06-29,TATASTEEL,0.0,0.5009006857872009,SEARCH_FOLD_C,0.5009006857872009
2021-06-29,2021-06-30,TATASTEEL,0.0,0.4979576170444488,SEARCH_FOLD_C,0.5020423829555511
2021-06-30,2021-07-01,TATASTEEL,0.0,0.4964235126972198,SEARCH_FOLD_C,0.5035764873027802
2021-07-01,2021-07-02,TATASTEEL,0.0,0.4960142076015472,SEARCH_FOLD_C,0.5039857923984528
2021-07-02,2021-07-05,TATASTEEL,1.0,0.4964647591114044,SEARCH_FOLD_C,0.5035352408885956
2021-07-05,2021-07-06,TATASTEEL,1.0,0.4973960220813751,SEARCH_FOLD_C,0.5026039779186249
2021-07-06,2021-07-07,TATASTEEL,1.0,0.498540848493576,SEARCH_FOLD_C,0.501459151506424
2021-07-07,2021-07-08,TATASTEEL,0.0,0.5003635883331299,SEARCH_FOLD_C,0.5003635883331299
2021-07-08,2021-07-09,TATASTEEL,1.0,0.5021901726722717,SEARCH_FOLD_C,0.5021901726722717
2021-07-09,2021-07-12,TATASTEEL,0.0,0.5042383074760437,SEARCH_FOLD_C,0.5042383074760437
2021-07-12,2021-07-13,TATASTEEL,1.0,0.506344735622406,SEARCH_FOLD_C,0.506344735622406
2021-07-13,2021-07-14,TATASTEEL,1.0,0.5088169574737549,SEARCH_FOLD_C,0.5088169574737549
2021-07-14,2021-07-15,TATASTEEL,1.0,0.511290431022644,SEARCH_FOLD_C,0.511290431022644
2021-07-15,2021-07-16,TATASTEEL,1.0,0.5139223337173462,SEARCH_FOLD_C,0.5139223337173462
2021-07-16,2021-07-19,TATASTEEL,0.0,0.5167760848999023,SEARCH_FOLD_C,0.5167760848999023
2021-07-19,2021-07-20,TATASTEEL,0.0,0.5192834138870239,SEARCH_FOLD_C,0.5192834138870239
2021-07-20,2021-07-22,TATASTEEL,1.0,0.5220935940742493,SEARCH_FOLD_C,0.5220935940742493
2021-07-22,2021-07-23,TATASTEEL,1.0,0.5251967906951904,SEARCH_FOLD_C,0.5251967906951904
2021-07-23,2021-07-26,TATASTEEL,1.0,0.528220534324646,SEARCH_FOLD_C,0.528220534324646
2021-07-26,2021-07-27,TATASTEEL,1.0,0.5294455885887146,SEARCH_FOLD_C,0.5294455885887146
2021-07-27,2021-07-28,TATASTEEL,1.0,0.5302040576934814,SEARCH_FOLD_C,0.5302040576934814
2021-07-28,2021-07-29,TATASTEEL,1.0,0.5307992100715637,SEARCH_FOLD_C,0.5307992100715637
2021-07-29,2021-07-30,TATASTEEL,0.0,0.5319070816040039,SEARCH_FOLD_C,0.5319070816040039
2021-07-30,2021-08-02,TATASTEEL,0.0,0.5343642234802246,SEARCH_FOLD_C,0.5343642234802246
2021-08-02,2021-08-03,TATASTEEL,0.0,0.5363326072692871,SEARCH_FOLD_C,0.5363326072692871
2021-08-03,2021-08-04,TATASTEEL,1.0,0.5396060943603516,SEARCH_FOLD_C,0.5396060943603516
2021-08-04,2021-08-05,TATASTEEL,1.0,0.5430892109870911,SEARCH_FOLD_C,0.5430892109870911
2021-08-05,2021-08-06,TATASTEEL,0.0,0.5470677018165588,SEARCH_FOLD_C,0.5470677018165588
2021-08-06,2021-08-09,TATASTEEL,0.0,0.5508149266242981,SEARCH_FOLD_C,0.5508149266242981
2021-08-09,2021-08-10,TATASTEEL,0.0,0.5524186491966248,SEARCH_FOLD_C,0.5524186491966248
2021-08-10,2021-08-11,TATASTEEL,1.0,0.5532698035240173,SEARCH_FOLD_C,0.5532698035240173
2021-08-11,2021-08-12,TATASTEEL,1.0,0.5539936423301697,SEARCH_FOLD_C,0.5539936423301697
2021-08-12,2021-08-13,TATASTEEL,1.0,0.5544429421424866,SEARCH_FOLD_C,0.5544429421424866
2021-08-13,2021-08-16,TATASTEEL,1.0,0.5550590753555298,SEARCH_FOLD_C,0.5550590753555298
2021-08-16,2021-08-17,TATASTEEL,0.0,0.5564811825752258,SEARCH_FOLD_C,0.5564811825752258
2021-08-17,2021-08-18,TATASTEEL,0.0,0.5578600764274597,SEARCH_FOLD_C,0.5578600764274597
2021-08-18,2021-08-20,TATASTEEL,0.0,0.5591514706611633,SEARCH_FOLD_C,0.5591514706611633
2021-08-20,2021-08-23,TATASTEEL,0.0,0.5585830211639404,SEARCH_FOLD_C,0.5585830211639404
2021-08-23,2021-08-24,TATASTEEL,1.0,0.5585615634918213,SEARCH_FOLD_C,0.5585615634918213
2021-08-24,2021-08-25,TATASTEEL,0.0,0.5567822456359863,SEARCH_FOLD_C,0.5567822456359863
2021-08-25,2021-08-26,TATASTEEL,0.0,0.5548689961433411,SEARCH_FOLD_C,0.5548689961433411
2021-08-26,2021-08-27,TATASTEEL,1.0,0.5534935593605042,SEARCH_FOLD_C,0.5534935593605042
2021-08-27,2021-08-30,TATASTEEL,1.0,0.5517343878746033,SEARCH_FOLD_C,0.5517343878746033
2021-08-30,2021-08-31,TATASTEEL,1.0,0.5496238470077515,SEARCH_FOLD_C,0.5496238470077515
2021-08-31,2021-09-01,TATASTEEL,0.0,0.5472307801246643,SEARCH_FOLD_C,0.5472307801246643
2021-09-01,2021-09-02,TATASTEEL,1.0,0.5450520515441895,SEARCH_FOLD_C,0.5450520515441895
2021-09-02,2021-09-03,TATASTEEL,1.0,0.544217050075531,SEARCH_FOLD_C,0.544217050075531
2021-09-03,2021-09-06,TATASTEEL,0.0,0.5435988306999207,SEARCH_FOLD_C,0.5435988306999207
2021-09-06,2021-09-07,TATASTEEL,0.0,0.543104350566864,SEARCH_FOLD_C,0.543104350566864
2021-09-07,2021-09-08,TATASTEEL,1.0,0.5427171587944031,SEARCH_FOLD_C,0.5427171587944031
2021-09-08,2021-09-09,TATASTEEL,1.0,0.5416452884674072,SEARCH_FOLD_C,0.5416452884674072
2021-09-09,2021-09-13,TATASTEEL,1.0,0.5393137335777283,SEARCH_FOLD_C,0.5393137335777283
2021-09-13,2021-09-14,TATASTEEL,0.0,0.532782793045044,SEARCH_FOLD_C,0.532782793045044
2021-09-14,2021-09-15,TATASTEEL,1.0,0.5279108285903931,SEARCH_FOLD_C,0.5279108285903931
2021-09-15,2021-09-16,TATASTEEL,0.0,0.5242637991905212,SEARCH_FOLD_C,0.5242637991905212
2021-09-16,2021-09-17,TATASTEEL,0.0,0.5213624835014343,SEARCH_FOLD_C,0.5213624835014343
2021-09-17,2021-09-20,TATASTEEL,0.0,0.518582820892334,SEARCH_FOLD_C,0.518582820892334
2021-09-20,2021-09-21,TATASTEEL,1.0,0.5152744054794312,SEARCH_FOLD_C,0.5152744054794312
2021-09-21,2021-09-22,TATASTEEL,1.0,0.5127363801002502,SEARCH_FOLD_C,0.5127363801002502
2021-09-22,2021-09-23,TATASTEEL,1.0,0.510883629322052,SEARCH_FOLD_C,0.510883629322052
2021-09-23,2021-09-24,TATASTEEL,0.0,0.5100659728050232,SEARCH_FOLD_C,0.5100659728050232
2021-09-24,2021-09-27,TATASTEEL,0.0,0.5089176297187805,SEARCH_FOLD_C,0.5089176297187805
2021-09-27,2021-09-28,TATASTEEL,1.0,0.508017361164093,SEARCH_FOLD_C,0.508017361164093
2021-09-28,2021-09-29,TATASTEEL,1.0,0.5058153867721558,SEARCH_FOLD_C,0.5058153867721558
2021-09-29,2021-09-30,TATASTEEL,0.0,0.5029256343841553,SEARCH_FOLD_C,0.5029256343841553
2021-09-30,2021-10-01,TATASTEEL,1.0,0.5002207159996033,SEARCH_FOLD_C,0.5002207159996033
2021-10-01,2021-10-04,TATASTEEL,1.0,0.4977615475654602,SEARCH_FOLD_C,0.5022384524345398
2021-10-04,2021-10-05,TATASTEEL,0.0,0.4966506361961365,SEARCH_FOLD_C,0.5033493638038635
2021-10-05,2021-10-06,TATASTEEL,0.0,0.4962579905986786,SEARCH_FOLD_C,0.5037420094013214
2021-10-06,2021-10-07,TATASTEEL,1.0,0.4958653748035431,SEARCH_FOLD_C,0.5041346251964569
2021-10-07,2021-10-08,TATASTEEL,1.0,0.4958122670650482,SEARCH_FOLD_C,0.5041877329349518
2021-10-08,2021-10-11,TATASTEEL,1.0,0.4961327016353607,SEARCH_FOLD_C,0.5038672983646393
2021-10-11,2021-10-12,TATASTEEL,1.0,0.496631920337677,SEARCH_FOLD_C,0.503368079662323
2021-10-12,2021-10-13,TATASTEEL,1.0,0.4967876970767975,SEARCH_FOLD_C,0.5032123029232025
2021-10-13,2021-10-14,TATASTEEL,1.0,0.4965940117835998,SEARCH_FOLD_C,0.5034059882164001
2021-10-14,2021-10-18,TATASTEEL,1.0,0.4970568120479584,SEARCH_FOLD_C,0.5029431879520416
2021-10-18,2021-10-19,TATASTEEL,0.0,0.497755765914917,SEARCH_FOLD_C,0.502244234085083
2021-10-19,2021-10-20,TATASTEEL,0.0,0.4984682202339172,SEARCH_FOLD_C,0.5015317797660828
2021-10-20,2021-10-21,TATASTEEL,0.0,0.4993497133255005,SEARCH_FOLD_C,0.5006502866744995
2021-10-21,2021-10-22,TATASTEEL,0.0,0.5003287196159363,SEARCH_FOLD_C,0.5003287196159363
2021-10-22,2021-10-25,TATASTEEL,0.0,0.5012402534484863,SEARCH_FOLD_C,0.5012402534484863
2021-10-25,2021-10-26,TATASTEEL,1.0,0.5017927289009094,SEARCH_FOLD_C,0.5017927289009094
2021-10-26,2021-10-27,TATASTEEL,0.0,0.502022922039032,SEARCH_FOLD_C,0.502022922039032
2021-10-27,2021-10-28,TATASTEEL,0.0,0.5021616220474243,SEARCH_FOLD_C,0.5021616220474243
2021-10-28,2021-10-29,TATASTEEL,1.0,0.5020383596420288,SEARCH_FOLD_C,0.5020383596420288
2021-10-29,2021-11-01,TATASTEEL,1.0,0.5019614100456238,SEARCH_FOLD_C,0.5019614100456238
2021-11-01,2021-11-02,TATASTEEL,0.0,0.5022616386413574,SEARCH_FOLD_C,0.5022616386413574
2021-11-02,2021-11-03,TATASTEEL,1.0,0.5035008788108826,SEARCH_FOLD_C,0.5035008788108826
2021-11-03,2021-11-04,TATASTEEL,0.0,0.5047556161880493,SEARCH_FOLD_C,0.5047556161880493
2021-11-04,2021-11-08,TATASTEEL,1.0,0.506074845790863,SEARCH_FOLD_C,0.506074845790863
2021-11-08,2021-11-09,TATASTEEL,0.0,0.5073511600494385,SEARCH_FOLD_C,0.5073511600494385
2021-11-09,2021-11-10,TATASTEEL,0.0,0.5088768005371094,SEARCH_FOLD_C,0.5088768005371094
2021-11-10,2021-11-11,TATASTEEL,1.0,0.5104690194129944,SEARCH_FOLD_C,0.5104690194129944
2021-11-11,2021-11-12,TATASTEEL,0.0,0.5120394229888916,SEARCH_FOLD_C,0.5120394229888916
2021-11-12,2021-11-15,TATASTEEL,0.0,0.5134711861610413,SEARCH_FOLD_C,0.5134711861610413
2021-11-15,2021-11-16,TATASTEEL,0.0,0.5148913264274597,SEARCH_FOLD_C,0.5148913264274597
2021-11-16,2021-11-17,TATASTEEL,0.0,0.5160605907440186,SEARCH_FOLD_C,0.5160605907440186
2021-11-17,2021-11-18,TATASTEEL,0.0,0.5165804028511047,SEARCH_FOLD_C,0.5165804028511047
2021-11-18,2021-11-22,TATASTEEL,0.0,0.5169403553009033,SEARCH_FOLD_C,0.5169403553009033
2021-11-22,2021-11-23,TATASTEEL,1.0,0.5174626708030701,SEARCH_FOLD_C,0.5174626708030701
2021-11-23,2021-11-24,TATASTEEL,0.0,0.5179763436317444,SEARCH_FOLD_C,0.5179763436317444
2021-11-24,2021-11-25,TATASTEEL,0.0,0.5179057121276855,SEARCH_FOLD_C,0.5179057121276855
2021-11-25,2021-11-26,TATASTEEL,0.0,0.5177569389343262,SEARCH_FOLD_C,0.5177569389343262
2021-11-26,2021-11-29,TATASTEEL,1.0,0.5169755220413208,SEARCH_FOLD_C,0.5169755220413208
2021-11-29,2021-11-30,TATASTEEL,0.0,0.5146512985229492,SEARCH_FOLD_C,0.5146512985229492
2021-11-30,2021-12-01,TATASTEEL,1.0,0.5115630030632019,SEARCH_FOLD_C,0.5115630030632019
2021-12-01,2021-12-02,TATASTEEL,1.0,0.5069459676742554,SEARCH_FOLD_C,0.5069459676742554
2021-12-02,2021-12-03,TATASTEEL,1.0,0.503088116645813,SEARCH_FOLD_C,0.503088116645813
2021-12-03,2021-12-06,TATASTEEL,0.0,0.5000027418136597,SEARCH_FOLD_C,0.5000027418136597
2021-12-06,2021-12-07,TATASTEEL,1.0,0.4978037178516388,SEARCH_FOLD_C,0.5021962821483612
2021-12-07,2021-12-08,TATASTEEL,1.0,0.4964250922203064,SEARCH_FOLD_C,0.5035749077796936
2021-12-08,2021-12-09,TATASTEEL,1.0,0.4957058429718017,SEARCH_FOLD_C,0.5042941570281982
2021-12-09,2021-12-10,TATASTEEL,1.0,0.4946419894695282,SEARCH_FOLD_C,0.5053580105304718
2021-12-10,2021-12-13,TATASTEEL,0.0,0.4941565096378326,SEARCH_FOLD_C,0.5058434903621674
2021-12-13,2021-12-14,TATASTEEL,1.0,0.4942170679569244,SEARCH_FOLD_C,0.5057829320430756
2021-12-14,2021-12-15,TATASTEEL,0.0,0.4943501651287079,SEARCH_FOLD_C,0.5056498348712921
2021-12-15,2021-12-16,TATASTEEL,0.0,0.4938086569309234,SEARCH_FOLD_C,0.5061913430690765
2021-12-16,2021-12-17,TATASTEEL,0.0,0.4941324591636657,SEARCH_FOLD_C,0.5058675408363342
2021-12-17,2021-12-20,TATASTEEL,0.0,0.4943200349807739,SEARCH_FOLD_C,0.5056799650192261
2021-12-20,2021-12-21,TATASTEEL,1.0,0.4945016801357269,SEARCH_FOLD_C,0.5054983198642731
2021-12-21,2021-12-22,TATASTEEL,1.0,0.494134783744812,SEARCH_FOLD_C,0.505865216255188
2021-12-22,2021-12-23,TATASTEEL,0.0,0.4938030540943146,SEARCH_FOLD_C,0.5061969459056854
2021-12-23,2021-12-24,TATASTEEL,0.0,0.4937212169170379,SEARCH_FOLD_C,0.506278783082962
2021-12-24,2021-12-27,TATASTEEL,1.0,0.4935816526412964,SEARCH_FOLD_C,0.5064183473587036
2021-12-27,2021-12-28,TATASTEEL,1.0,0.4933830499649048,SEARCH_FOLD_C,0.5066169500350952
2021-12-28,2021-12-29,TATASTEEL,0.0,0.4938623607158661,SEARCH_FOLD_C,0.5061376392841339
2021-12-29,2021-12-30,TATASTEEL,0.0,0.4945550560951233,SEARCH_FOLD_C,0.5054449439048767
2021-12-30,2021-12-31,TATASTEEL,1.0,0.4953734278678894,SEARCH_FOLD_C,0.5046265721321106
